adu-median,adu-p1,adu-p2,time,index,date,hosp_pred
0.0,0.0,0.0,2020-01-16,,2020-01-16,
0.0,0.0,0.0,2020-01-17,,2020-01-17,
0.0,0.0,0.0,2020-01-18,,2020-01-18,
0.0,0.0,0.0,2020-01-19,,2020-01-19,
0.0,0.0,0.0,2020-01-20,,2020-01-20,
0.0,0.0,0.0,2020-01-21,,2020-01-21,
0.0,0.0,0.0,2020-01-22,,2020-01-22,
0.0,0.0,1.0,2020-01-23,,2020-01-23,
0.0,0.0,0.5249999999999915,2020-01-24,,2020-01-24,
0.0,0.0,0.0,2020-01-25,,2020-01-25,
0.0,0.0,1.0,2020-01-26,,2020-01-26,
0.0,0.0,0.0,2020-01-27,,2020-01-27,
0.0,0.0,1.0,2020-01-28,,2020-01-28,
0.0,0.0,1.0,2020-01-29,,2020-01-29,
0.0,0.0,1.0,2020-01-30,,2020-01-30,
0.0,0.0,1.0,2020-01-31,,2020-01-31,
0.0,0.0,1.0,2020-02-01,,2020-02-01,
0.0,0.0,1.0,2020-02-02,,2020-02-02,
0.0,0.0,1.0,2020-02-03,,2020-02-03,
0.0,0.0,1.0,2020-02-04,,2020-02-04,
0.0,0.0,2.0,2020-02-05,,2020-02-05,
0.0,0.0,1.0,2020-02-06,,2020-02-06,
0.0,0.0,2.0,2020-02-07,,2020-02-07,
0.0,0.0,2.0,2020-02-08,,2020-02-08,
0.0,0.0,2.0,2020-02-09,,2020-02-09,
1.0,0.0,2.0,2020-02-10,,2020-02-10,
0.0,0.0,2.0,2020-02-11,,2020-02-11,
1.0,0.0,3.0,2020-02-12,,2020-02-12,
1.0,0.0,3.0,2020-02-13,,2020-02-13,
1.0,0.0,4.0,2020-02-14,,2020-02-14,
1.0,0.0,3.0,2020-02-15,,2020-02-15,
1.0,0.0,4.0,2020-02-16,,2020-02-16,
2.0,0.0,5.5249999999999915,2020-02-17,,2020-02-17,
2.0,0.0,5.0,2020-02-18,,2020-02-18,
2.0,0.0,7.0,2020-02-19,,2020-02-19,
3.0,0.0,7.524999999999992,2020-02-20,,2020-02-20,
4.0,1.0,8.0,2020-02-21,,2020-02-21,
4.0,1.0,8.524999999999991,2020-02-22,,2020-02-22,
5.0,1.0,10.524999999999991,2020-02-23,,2020-02-23,
6.0,1.0,13.524999999999991,2020-02-24,,2020-02-24,
8.0,2.0,14.524999999999991,2020-02-25,,2020-02-25,
9.0,3.475,18.52499999999999,2020-02-26,,2020-02-26,
12.0,3.475,20.52499999999999,2020-02-27,,2020-02-27,
14.0,6.0,26.52499999999999,2020-02-28,,2020-02-28,
15.0,6.95,30.52499999999999,2020-02-29,,2020-02-29,
19.0,5.475,36.0,2020-03-01,0.0,2020-03-01,16.0
23.0,9.475,40.574999999999974,2020-03-02,1.0,2020-03-02,20.0
28.0,8.95,49.52499999999999,2020-03-03,2.0,2020-03-03,15.0
34.0,14.475,61.52499999999999,2020-03-04,3.0,2020-03-04,44.0
40.0,14.85,69.57499999999997,2020-03-05,4.0,2020-03-05,36.0
48.0,19.95,78.52499999999999,2020-03-06,5.0,2020-03-06,51.0
58.5,26.375,99.0,2020-03-07,6.0,2020-03-07,52.0
66.0,31.9,112.04999999999998,2020-03-08,7.0,2020-03-08,36.0
82.5,38.0,137.09999999999997,2020-03-09,8.0,2020-03-09,55.0
98.0,44.95,158.62499999999994,2020-03-10,9.0,2020-03-10,68.0
122.0,55.95,212.62499999999991,2020-03-11,10.0,2020-03-11,104.0
139.0,77.325,227.19999999999993,2020-03-12,11.0,2020-03-12,133.0
172.0,81.9,278.525,2020-03-13,12.0,2020-03-13,189.0
196.5,100.0,313.04999999999995,2020-03-14,13.0,2020-03-14,208.0
235.0,117.85,405.49999999999983,2020-03-15,14.0,2020-03-15,264.0
286.5,143.9,470.575,2020-03-16,15.0,2020-03-16,420.0
347.0,167.0,557.0999999999999,2020-03-17,16.0,2020-03-17,431.0
407.0,202.975,652.0999999999999,2020-03-18,17.0,2020-03-18,521.0
486.0,232.2,774.05,2020-03-19,18.0,2020-03-19,669.0
598.5,294.9,938.625,2020-03-20,19.0,2020-03-20,783.0
690.0,343.475,1133.25,2020-03-21,20.0,2020-03-21,703.0
820.0,433.65,1368.5499999999995,2020-03-22,21.0,2020-03-22,761.0
926.5,480.85,1470.8999999999996,2020-03-23,22.0,2020-03-23,1164.0
997.0,493.0,1601.7999999999995,2020-03-24,23.0,2020-03-24,1103.0
1016.5,511.625,1631.2999999999995,2020-03-25,24.0,2020-03-25,1310.0
1012.0,506.5,1626.0749999999998,2020-03-26,25.0,2020-03-26,1349.0
978.0,513.55,1547.25,2020-03-27,26.0,2020-03-27,1572.0
941.5,490.85,1487.925,2020-03-28,27.0,2020-03-28,1274.0
903.0,479.375,1483.9499999999996,2020-03-29,28.0,2020-03-29,990.0
861.0,442.475,1369.3249999999998,2020-03-30,29.0,2020-03-30,1350.0
826.5,421.5,1259.675,2020-03-31,30.0,2020-03-31,1320.0
775.0,400.8,1212.4999999999998,2020-04-01,31.0,2020-04-01,1165.0
743.5,368.775,1189.5499999999995,2020-04-02,32.0,2020-04-02,997.0
697.5,365.0,1100.4499999999998,2020-04-03,33.0,2020-04-03,1038.0
668.5,355.325,1039.1999999999996,2020-04-04,34.0,2020-04-04,812.0
633.0,314.125,979.725,2020-04-05,35.0,2020-04-05,528.0
600.0,316.825,914.35,2020-04-06,36.0,2020-04-06,857.0
565.0,285.975,863.9749999999998,2020-04-07,37.0,2020-04-07,735.0
532.0,273.925,833.525,2020-04-08,38.0,2020-04-08,634.0
510.0,262.95,778.8749999999999,2020-04-09,39.0,2020-04-09,677.0
478.5,256.425,724.3,2020-04-10,40.0,2020-04-10,609.0
445.0,239.7,694.1499999999996,2020-04-11,41.0,2020-04-11,486.0
423.0,225.9,635.625,2020-04-12,42.0,2020-04-12,486.0
406.5,202.8,613.525,2020-04-13,43.0,2020-04-13,361.0
388.5,194.225,561.1999999999999,2020-04-14,44.0,2020-04-14,466.0
365.5,207.325,539.625,2020-04-15,45.0,2020-04-15,432.0
343.0,175.025,507.525,2020-04-16,46.0,2020-04-16,401.0
326.5,169.8,491.19999999999993,2020-04-17,47.0,2020-04-17,412.0
304.5,150.5,460.3999999999995,2020-04-18,48.0,2020-04-18,281.0
291.0,160.325,425.15,2020-04-19,49.0,2020-04-19,198.0
276.0,154.325,407.22499999999974,2020-04-20,50.0,2020-04-20,300.0
261.0,144.325,377.54999999999984,2020-04-21,51.0,2020-04-21,339.0
251.0,130.0,363.3499999999999,2020-04-22,52.0,2020-04-22,242.0
236.0,128.475,335.49999999999983,2020-04-23,53.0,2020-04-23,258.0
223.0,118.375,319.62499999999994,2020-04-24,54.0,2020-04-24,234.0
202.5,114.9,295.8749999999999,2020-04-25,55.0,2020-04-25,155.0
201.0,102.95,273.8249999999999,2020-04-26,56.0,2020-04-26,139.0
181.5,100.275,266.525,2020-04-27,57.0,2020-04-27,203.0
174.0,99.425,256.19999999999993,2020-04-28,58.0,2020-04-28,202.0
166.0,86.9,252.8749999999999,2020-04-29,59.0,2020-04-29,173.0
156.5,81.075,215.525,2020-04-30,60.0,2020-04-30,170.0
152.0,78.85,210.62499999999991,2020-05-01,61.0,2020-05-01,110.0
141.5,71.475,192.525,2020-05-02,62.0,2020-05-02,98.0
133.5,70.65,186.05,2020-05-03,63.0,2020-05-03,70.0
122.5,66.475,181.19999999999993,2020-05-04,64.0,2020-05-04,130.0
119.0,60.325,161.04999999999998,2020-05-05,65.0,2020-05-05,144.0
110.5,64.0,159.04999999999998,2020-05-06,66.0,2020-05-06,129.0
110.0,59.225,148.575,2020-05-07,67.0,2020-05-07,118.0
103.0,58.475,142.2999999999999,2020-05-08,68.0,2020-05-08,63.0
94.0,48.475,127.0,2020-05-09,69.0,2020-05-09,76.0
87.0,50.95,128.52499999999998,2020-05-10,70.0,2020-05-10,66.0
81.0,43.475,121.0,2020-05-11,71.0,2020-05-11,76.0
79.0,48.375,107.0,2020-05-12,72.0,2020-05-12,94.0
79.0,44.9,109.67499999999994,2020-05-13,73.0,2020-05-13,101.0
72.0,40.0,96.72499999999992,2020-05-14,74.0,2020-05-14,76.0
68.0,38.95,91.04999999999998,2020-05-15,75.0,2020-05-15,69.0
65.0,38.425,92.0,2020-05-16,76.0,2020-05-16,69.0
60.0,32.9,90.0,2020-05-17,77.0,2020-05-17,46.0
57.0,32.95,78.04999999999998,2020-05-18,78.0,2020-05-18,77.0
54.5,31.0,75.09999999999997,2020-05-19,79.0,2020-05-19,51.0
53.0,33.475,70.57499999999997,2020-05-20,80.0,2020-05-20,48.0
52.0,26.0,70.0,2020-05-21,81.0,2020-05-21,38.0
47.0,25.95,69.09999999999997,2020-05-22,82.0,2020-05-22,55.0
45.0,26.425,65.0,2020-05-23,83.0,2020-05-23,36.0
44.0,27.0,59.04999999999998,2020-05-24,84.0,2020-05-24,35.0
42.5,21.95,59.0,2020-05-25,85.0,2020-05-25,48.0
40.0,21.95,56.0,2020-05-26,86.0,2020-05-26,39.0
38.0,20.475,55.574999999999974,2020-05-27,87.0,2020-05-27,43.0
36.0,18.0,48.52499999999999,2020-05-28,88.0,2020-05-28,22.0
35.0,17.0,48.574999999999974,2020-05-29,89.0,2020-05-29,31.0
32.0,19.475,48.0,2020-05-30,90.0,2020-05-30,36.0
31.5,17.475,43.52499999999999,2020-05-31,91.0,2020-05-31,20.0
32.0,18.0,45.52499999999999,2020-06-01,92.0,2020-06-01,29.0
30.0,17.0,44.52499999999999,2020-06-02,93.0,2020-06-02,37.0
29.0,14.0,40.52499999999999,2020-06-03,94.0,2020-06-03,39.0
27.5,13.475,40.04999999999998,2020-06-04,95.0,2020-06-04,39.0
26.5,13.475,37.0,2020-06-05,96.0,2020-06-05,34.0
25.0,13.475,39.52499999999999,2020-06-06,97.0,2020-06-06,24.0
25.0,15.475,34.52499999999999,2020-06-07,98.0,2020-06-07,16.0
24.0,14.95,37.52499999999999,2020-06-08,99.0,2020-06-08,24.0
23.0,12.95,33.0,2020-06-09,100.0,2020-06-09,28.0
22.0,10.95,32.52499999999999,2020-06-10,101.0,2020-06-10,25.0
22.5,12.475,32.0,2020-06-11,102.0,2020-06-11,23.0
22.0,10.9,30.049999999999983,2020-06-12,103.0,2020-06-12,20.0
21.5,10.0,33.04999999999998,2020-06-13,104.0,2020-06-13,12.0
20.0,8.425,29.52499999999999,2020-06-14,105.0,2020-06-14,20.0
19.0,10.475,28.049999999999983,2020-06-15,106.0,2020-06-15,18.0
20.0,11.475,28.52499999999999,2020-06-16,107.0,2020-06-16,22.0
19.0,9.475,30.049999999999983,2020-06-17,108.0,2020-06-17,19.0
18.0,11.0,29.52499999999999,2020-06-18,109.0,2020-06-18,20.0
18.0,7.425000000000001,28.0,2020-06-19,110.0,2020-06-19,16.0
18.0,7.425000000000001,27.049999999999983,2020-06-20,111.0,2020-06-20,13.0
17.0,8.475,26.0,2020-06-21,112.0,2020-06-21,23.0
18.0,9.0,26.52499999999999,2020-06-22,113.0,2020-06-22,15.0
17.0,9.0,27.0,2020-06-23,114.0,2020-06-23,19.0
17.0,10.0,27.0,2020-06-24,115.0,2020-06-24,23.0
16.0,9.0,25.0,2020-06-25,116.0,2020-06-25,17.0
16.0,9.475,23.52499999999999,2020-06-26,117.0,2020-06-26,17.0
16.0,7.475,24.52499999999999,2020-06-27,118.0,2020-06-27,15.0
16.0,9.475,24.049999999999983,2020-06-28,119.0,2020-06-28,13.0
16.0,7.0,23.0,2020-06-29,120.0,2020-06-29,21.0
16.0,8.0,23.52499999999999,2020-06-30,121.0,2020-06-30,13.0
15.0,7.475,23.0,2020-07-01,122.0,2020-07-01,17.0
15.0,7.0,23.52499999999999,2020-07-02,123.0,2020-07-02,15.0
15.0,8.475,22.52499999999999,2020-07-03,124.0,2020-07-03,18.0
14.0,8.475,22.52499999999999,2020-07-04,125.0,2020-07-04,9.0
14.0,9.0,23.0,2020-07-05,126.0,2020-07-05,14.0
14.0,8.475,20.52499999999999,2020-07-06,127.0,2020-07-06,23.0
14.0,9.0,21.0,2020-07-07,128.0,2020-07-07,20.0
13.5,8.0,20.0,2020-07-08,129.0,2020-07-08,13.0
13.0,7.0,20.52499999999999,2020-07-09,130.0,2020-07-09,26.0
13.0,6.475,21.0,2020-07-10,131.0,2020-07-10,17.0
14.0,6.475,20.52499999999999,2020-07-11,132.0,2020-07-11,16.0
13.0,7.0,20.0,2020-07-12,133.0,2020-07-12,14.0
14.0,7.475,20.0,2020-07-13,134.0,2020-07-13,31.0
15.0,7.475,24.52499999999999,2020-07-14,135.0,2020-07-14,12.0
15.0,7.475,24.049999999999983,2020-07-15,136.0,2020-07-15,17.0
16.0,8.0,25.52499999999999,2020-07-16,137.0,2020-07-16,21.0
17.0,8.475,25.0,2020-07-17,138.0,2020-07-17,30.0
18.0,9.0,27.0,2020-07-18,139.0,2020-07-18,17.0
18.0,10.0,27.0,2020-07-19,140.0,2020-07-19,16.0
18.0,10.0,26.0,2020-07-20,141.0,2020-07-20,34.0
16.0,10.475,26.52499999999999,2020-07-21,142.0,2020-07-21,27.0
20.0,10.475,28.52499999999999,2020-07-22,143.0,2020-07-22,25.0
19.0,10.95,28.52499999999999,2020-07-23,144.0,2020-07-23,23.0
20.0,11.0,28.0,2020-07-24,145.0,2020-07-24,38.0
20.0,12.0,32.0,2020-07-25,146.0,2020-07-25,29.0
22.0,13.475,28.52499999999999,2020-07-26,147.0,2020-07-26,24.0
22.0,12.0,30.0,2020-07-27,148.0,2020-07-27,41.0
22.0,13.0,33.574999999999974,2020-07-28,149.0,2020-07-28,29.0
23.0,15.0,33.0,2020-07-29,150.0,2020-07-29,37.0
24.5,14.475,34.52499999999999,2020-07-30,151.0,2020-07-30,36.0
25.0,16.0,34.52499999999999,2020-07-31,152.0,2020-07-31,46.0
27.0,17.475,38.52499999999999,2020-08-01,153.0,2020-08-01,26.0
27.0,17.0,41.0,2020-08-02,154.0,2020-08-02,29.0
28.0,17.95,38.52499999999999,2020-08-03,155.0,2020-08-03,38.0
29.0,19.475,39.04999999999998,2020-08-04,156.0,2020-08-04,40.0
30.0,19.475,41.52499999999999,2020-08-05,157.0,2020-08-05,45.0
31.0,21.475,42.04999999999998,2020-08-06,158.0,2020-08-06,46.0
32.0,22.0,45.04999999999998,2020-08-07,159.0,2020-08-07,41.0
33.0,22.475,49.0,2020-08-08,160.0,2020-08-08,28.0
35.0,23.0,48.0,2020-08-09,161.0,2020-08-09,35.0
35.0,23.475,50.04999999999998,2020-08-10,162.0,2020-08-10,38.0
37.0,24.475,51.0,2020-08-11,163.0,2020-08-11,51.0
37.5,22.0,53.62499999999996,2020-08-12,164.0,2020-08-12,62.0
38.0,26.475,50.52499999999999,2020-08-13,165.0,2020-08-13,45.0
40.0,27.475,51.0,2020-08-14,166.0,2020-08-14,38.0
40.5,27.475,53.52499999999999,2020-08-15,167.0,2020-08-15,40.0
41.0,25.95,57.04999999999998,2020-08-16,168.0,2020-08-16,45.0
41.0,27.0,54.0,2020-08-17,169.0,2020-08-17,52.0
44.0,27.475,57.52499999999999,2020-08-18,170.0,2020-08-18,65.0
44.5,27.95,56.0,2020-08-19,171.0,2020-08-19,65.0
44.5,29.0,59.04999999999998,2020-08-20,172.0,2020-08-20,59.0
46.0,33.0,62.0,2020-08-21,173.0,2020-08-21,54.0
47.0,31.95,61.0,2020-08-22,174.0,2020-08-22,45.0
48.0,35.425,65.52499999999999,2020-08-23,175.0,2020-08-23,51.0
48.0,32.475,63.0,2020-08-24,176.0,2020-08-24,78.0
48.0,35.475,66.62499999999996,2020-08-25,177.0,2020-08-25,69.0
52.5,36.425,68.62499999999996,2020-08-26,178.0,2020-08-26,65.0
53.5,33.475,72.52499999999999,2020-08-27,179.0,2020-08-27,92.0
53.0,34.95,70.52499999999999,2020-08-28,180.0,2020-08-28,75.0
53.0,37.0,73.14999999999995,2020-08-29,181.0,2020-08-29,43.0
56.5,34.0,72.0,2020-08-30,182.0,2020-08-30,67.0
60.0,36.95,79.0,2020-08-31,183.0,2020-08-31,98.0
62.0,38.95,79.04999999999998,2020-09-01,184.0,2020-09-01,97.0
62.0,41.425,81.52499999999999,2020-09-02,185.0,2020-09-02,90.0
65.0,38.475,89.57499999999997,2020-09-03,186.0,2020-09-03,116.0
69.0,38.425,90.525,2020-09-04,187.0,2020-09-04,122.0
75.0,45.95,97.525,2020-09-05,188.0,2020-09-05,94.0
82.0,52.0,104.62499999999996,2020-09-06,189.0,2020-09-06,78.0
89.5,56.475,117.525,2020-09-07,190.0,2020-09-07,142.0
98.0,56.475,124.0,2020-09-08,191.0,2020-09-08,123.0
112.0,72.0,139.52499999999998,2020-09-09,192.0,2020-09-09,111.0
125.0,75.425,160.09999999999997,2020-09-10,193.0,2020-09-10,139.0
136.5,78.95,175.04999999999998,2020-09-11,194.0,2020-09-11,148.0
145.5,93.85,194.0,2020-09-12,195.0,2020-09-12,133.0
153.5,92.9,183.05,2020-09-13,196.0,2020-09-13,110.0
153.0,98.375,196.09999999999997,2020-09-14,197.0,2020-09-14,176.0
161.5,92.95,200.575,2020-09-15,198.0,2020-09-15,200.0
160.0,104.0,193.525,2020-09-16,199.0,2020-09-16,197.0
165.5,94.9,213.05,2020-09-17,200.0,2020-09-17,198.0
162.0,98.425,208.62499999999991,2020-09-18,201.0,2020-09-18,195.0
168.0,95.375,221.575,2020-09-19,202.0,2020-09-19,166.0
166.5,99.85,215.7249999999999,2020-09-20,203.0,2020-09-20,158.0
170.5,96.225,223.05,2020-09-21,204.0,2020-09-21,233.0
173.0,100.95,219.525,2020-09-22,205.0,2020-09-22,217.0
173.0,98.9,220.525,2020-09-23,206.0,2020-09-23,192.0
181.5,100.65,236.62499999999991,2020-09-24,207.0,2020-09-24,196.0
182.5,115.275,236.19999999999993,2020-09-25,208.0,2020-09-25,196.0
182.0,107.9,239.7249999999999,2020-09-26,209.0,2020-09-26,161.0
183.5,101.475,240.05,2020-09-27,210.0,2020-09-27,127.0
187.5,104.85,249.97499999999985,2020-09-28,211.0,2020-09-28,216.0
187.5,105.475,249.0,2020-09-29,212.0,2020-09-29,202.0
191.5,110.9,251.09999999999997,2020-09-30,213.0,2020-09-30,207.0
192.0,104.425,259.2499999999999,2020-10-01,214.0,2020-10-01,227.0
196.0,110.375,256.04999999999995,2020-10-02,215.0,2020-10-02,195.0
198.5,110.9,268.09999999999997,2020-10-03,216.0,2020-10-03,171.0
208.0,110.425,261.62499999999994,2020-10-04,217.0,2020-10-04,140.0
204.5,122.375,270.62499999999994,2020-10-05,218.0,2020-10-05,242.0
211.0,119.325,278.04999999999995,2020-10-06,219.0,2020-10-06,214.0
215.5,112.8,292.04999999999995,2020-10-07,220.0,2020-10-07,218.0
216.0,118.125,289.0,2020-10-08,221.0,2020-10-08,289.0
216.0,131.225,313.19999999999993,2020-10-09,222.0,2020-10-09,266.0
233.0,122.375,308.04999999999995,2020-10-10,223.0,2020-10-10,219.0
246.0,137.325,335.09999999999997,2020-10-11,224.0,2020-10-11,211.0
264.0,129.325,352.0,2020-10-12,225.0,2020-10-12,315.0
272.0,147.275,374.0499999999999,2020-10-13,226.0,2020-10-13,297.0
299.5,157.475,422.1,2020-10-14,227.0,2020-10-14,338.0
320.0,169.675,430.0,2020-10-15,228.0,2020-10-15,317.0
338.0,184.7,479.0499999999999,2020-10-16,229.0,2020-10-16,371.0
371.0,193.55,495.6749999999999,2020-10-17,230.0,2020-10-17,310.0
401.5,206.425,555.525,2020-10-18,231.0,2020-10-18,282.0
431.0,240.95,590.2749999999997,2020-10-19,232.0,2020-10-19,474.0
468.0,220.6,638.0749999999998,2020-10-20,233.0,2020-10-20,458.0
496.0,250.55,688.1999999999999,2020-10-21,234.0,2020-10-21,510.0
530.5,281.875,728.0999999999999,2020-10-22,235.0,2020-10-22,514.0
572.5,292.375,805.7749999999999,2020-10-23,236.0,2020-10-23,580.0
599.5,278.75,829.8249999999999,2020-10-24,237.0,2020-10-24,435.0
631.0,316.925,885.7749999999999,2020-10-25,238.0,2020-10-25,468.0
649.5,324.45,894.675,2020-10-26,239.0,2020-10-26,625.0
688.0,342.9,952.05,2020-10-27,240.0,2020-10-27,639.0
711.0,356.275,994.1999999999996,2020-10-28,241.0,2020-10-28,606.0
744.0,362.25,1024.2749999999996,2020-10-29,242.0,2020-10-29,646.0
739.5,371.05,1041.05,2020-10-30,243.0,2020-10-30,701.0
773.0,362.325,1101.1999999999998,2020-10-31,244.0,2020-10-31,607.0
788.5,404.025,1145.05,2020-11-01,245.0,2020-11-01,558.0
813.5,384.95,1152.575,2020-11-02,246.0,2020-11-02,757.0
828.0,445.475,1171.0,2020-11-03,247.0,2020-11-03,701.0
829.5,375.125,1201.525,2020-11-04,248.0,2020-11-04,676.0
807.5,391.45,1148.7999999999995,2020-11-05,249.0,2020-11-05,678.0
770.5,389.2,1114.05,2020-11-06,250.0,2020-11-06,693.0
761.0,383.475,1079.9499999999996,2020-11-07,251.0,2020-11-07,575.0
724.0,356.7,1059.7249999999997,2020-11-08,252.0,2020-11-08,511.0
710.5,337.3,1048.05,2020-11-09,253.0,2020-11-09,734.0
682.5,316.4,974.05,2020-11-10,254.0,2020-11-10,657.0
649.0,323.175,945.525,2020-11-11,255.0,2020-11-11,483.0
620.0,296.9,902.575,2020-11-12,256.0,2020-11-12,610.0
591.0,290.5,873.8249999999999,2020-11-13,257.0,2020-11-13,554.0
563.5,271.775,837.15,2020-11-14,258.0,2020-11-14,409.0
549.0,274.275,822.1999999999999,2020-11-15,259.0,2020-11-15,306.0
525.0,247.8,785.05,2020-11-16,260.0,2020-11-16,519.0
509.5,233.125,783.5999999999998,2020-11-17,261.0,2020-11-17,425.0
488.0,231.975,717.625,2020-11-18,262.0,2020-11-18,394.0
474.0,226.95,685.05,2020-11-19,263.0,2020-11-19,389.0
458.0,218.85,667.7749999999999,2020-11-20,264.0,2020-11-20,382.0
435.0,201.225,666.525,2020-11-21,265.0,2020-11-21,268.0
414.0,201.8,617.7249999999999,2020-11-22,266.0,2020-11-22,204.0
406.0,201.425,586.5749999999999,2020-11-23,267.0,2020-11-23,315.0
395.0,199.475,577.15,2020-11-24,268.0,2020-11-24,300.0
385.5,183.475,555.0,2020-11-25,269.0,2020-11-25,284.0
380.0,172.95,537.0,2020-11-26,270.0,2020-11-26,262.0
359.0,189.95,534.5749999999999,2020-11-27,271.0,2020-11-27,280.0
353.5,174.775,538.3,2020-11-28,272.0,2020-11-28,183.0
341.0,177.125,519.15,2020-11-29,273.0,2020-11-29,181.0
339.5,173.425,509.15,2020-11-30,274.0,2020-11-30,283.0
338.0,171.075,529.3499999999999,2020-12-01,275.0,2020-12-01,243.0
338.0,170.475,494.525,2020-12-02,276.0,2020-12-02,236.0
345.0,161.6,506.1749999999998,2020-12-03,277.0,2020-12-03,260.0
340.0,161.425,499.62499999999994,2020-12-04,278.0,2020-12-04,244.0
338.5,186.225,511.0499999999999,2020-12-05,279.0,2020-12-05,162.0
337.0,180.925,485.5999999999998,2020-12-06,280.0,2020-12-06,179.0
340.0,180.175,485.3499999999999,2020-12-07,281.0,2020-12-07,242.0
331.0,179.975,487.19999999999993,2020-12-08,282.0,2020-12-08,235.0
338.0,182.075,493.62499999999994,2020-12-09,283.0,2020-12-09,223.0
336.5,175.375,505.3499999999999,2020-12-10,284.0,2020-12-10,218.0
342.0,168.7,475.2499999999999,2020-12-11,285.0,2020-12-11,250.0
349.0,176.9,497.15,2020-12-12,286.0,2020-12-12,202.0
340.0,184.275,488.525,2020-12-13,287.0,2020-12-13,148.0
342.5,169.325,498.7249999999999,2020-12-14,288.0,2020-12-14,241.0
338.0,170.075,511.1,2020-12-15,289.0,2020-12-15,246.0
339.0,174.8,500.525,2020-12-16,290.0,2020-12-16,221.0
338.5,179.325,525.3499999999999,2020-12-17,291.0,2020-12-17,232.0
345.0,182.425,502.0749999999998,2020-12-18,292.0,2020-12-18,228.0
345.5,193.75,519.15,2020-12-19,293.0,2020-12-19,196.0
348.0,178.425,511.8749999999999,2020-12-20,294.0,2020-12-20,181.0
342.0,188.0,497.62499999999994,2020-12-21,295.0,2020-12-21,246.0
338.5,188.25,513.3,2020-12-22,296.0,2020-12-22,249.0
350.5,183.9,505.0499999999999,2020-12-23,297.0,2020-12-23,224.0
344.5,189.825,519.1749999999997,2020-12-24,298.0,2020-12-24,191.0
347.0,190.975,497.6749999999999,2020-12-25,299.0,2020-12-25,136.0
344.5,192.9,498.1,2020-12-26,300.0,2020-12-26,185.0
345.0,192.85,497.0499999999999,2020-12-27,301.0,2020-12-27,201.0
340.0,180.95,494.22499999999974,2020-12-28,302.0,2020-12-28,290.0
345.5,193.275,488.0249999999998,2020-12-29,303.0,2020-12-29,235.0
343.0,186.95,492.54999999999984,2020-12-30,304.0,2020-12-30,243.0
344.5,182.375,476.0499999999999,2020-12-31,305.0,2020-12-31,187.0
338.0,190.175,466.19999999999993,2021-01-01,306.0,2021-01-01,163.0
333.5,176.6,457.0499999999999,2021-01-02,307.0,2021-01-02,192.0
331.0,180.025,463.5999999999998,2021-01-03,308.0,2021-01-03,184.0
321.5,175.025,451.62499999999994,2021-01-04,309.0,2021-01-04,290.0
319.0,183.475,446.7249999999999,2021-01-05,310.0,2021-01-05,264.0
314.5,183.9,432.7249999999999,2021-01-06,311.0,2021-01-06,261.0
307.5,168.475,419.22499999999974,2021-01-07,312.0,2021-01-07,245.0
306.5,178.55,424.525,2021-01-08,313.0,2021-01-08,243.0
308.5,171.425,446.3499999999999,2021-01-09,314.0,2021-01-09,243.0
316.0,181.125,423.6749999999999,2021-01-10,315.0,2021-01-10,182.0
321.0,188.375,441.6749999999999,2021-01-11,316.0,2021-01-11,270.0
328.5,186.0,447.7249999999999,2021-01-12,317.0,2021-01-12,330.0
338.0,181.85,476.0749999999998,2021-01-13,318.0,2021-01-13,324.0
349.5,215.375,471.6749999999999,2021-01-14,319.0,2021-01-14,270.0
363.5,211.425,508.3499999999999,2021-01-15,320.0,2021-01-15,335.0
381.0,224.475,526.625,2021-01-16,321.0,2021-01-16,246.0
390.5,240.0,532.2749999999997,2021-01-17,322.0,2021-01-17,199.0
416.5,250.225,547.05,2021-01-18,323.0,2021-01-18,334.0
427.5,253.55,567.3,2021-01-19,324.0,2021-01-19,366.0
446.0,260.225,604.525,2021-01-20,325.0,2021-01-20,349.0
457.5,267.425,631.7999999999997,2021-01-21,326.0,2021-01-21,344.0
474.5,279.65,615.8249999999999,2021-01-22,327.0,2021-01-22,401.0
484.5,309.55,631.675,2021-01-23,328.0,2021-01-23,288.0
486.0,318.4,625.0999999999999,2021-01-24,329.0,2021-01-24,250.0
488.0,304.425,624.5749999999999,2021-01-25,330.0,2021-01-25,403.0
483.5,318.075,628.9249999999998,2021-01-26,331.0,2021-01-26,361.0
463.0,296.425,608.9249999999998,2021-01-27,332.0,2021-01-27,331.0
457.0,287.75,591.3,2021-01-28,333.0,2021-01-28,353.0
451.0,271.6,585.9249999999998,2021-01-29,334.0,2021-01-29,360.0
444.0,288.3,569.0,2021-01-30,335.0,2021-01-30,281.0
435.5,278.925,558.625,2021-01-31,336.0,2021-01-31,275.0
427.5,287.375,547.525,2021-02-01,337.0,2021-02-01,413.0
422.0,275.95,555.0,2021-02-02,338.0,2021-02-02,433.0
427.5,271.85,531.525,2021-02-03,339.0,2021-02-03,413.0
419.0,269.8,522.7749999999999,2021-02-04,340.0,2021-02-04,384.0
413.0,267.975,516.2499999999999,2021-02-05,341.0,2021-02-05,365.0
411.5,272.375,510.1,2021-02-06,342.0,2021-02-06,305.0
401.5,273.55,492.62499999999994,2021-02-07,343.0,2021-02-07,250.0
396.0,264.8,492.2999999999999,2021-02-08,344.0,2021-02-08,367.0
395.5,273.65,504.7749999999999,2021-02-09,345.0,2021-02-09,386.0
383.0,263.9,476.8249999999999,2021-02-10,346.0,2021-02-10,346.0
384.0,274.175,454.0499999999999,2021-02-11,347.0,2021-02-11,343.0
379.5,281.075,440.6749999999999,2021-02-12,348.0,2021-02-12,352.0
375.0,276.275,460.0499999999999,2021-02-13,349.0,2021-02-13,273.0
377.5,278.7,446.15,2021-02-14,350.0,2021-02-14,223.0
376.0,275.9,453.1,2021-02-15,351.0,2021-02-15,395.0
368.5,271.55,433.15,2021-02-16,352.0,2021-02-16,352.0
364.5,268.475,438.575,2021-02-17,353.0,2021-02-17,373.0
365.5,257.425,427.0,2021-02-18,354.0,2021-02-18,367.0
365.5,265.375,430.7249999999999,2021-02-19,355.0,2021-02-19,332.0
362.0,286.75,421.0,2021-02-20,356.0,2021-02-20,328.0
368.5,284.825,424.575,2021-02-21,357.0,2021-02-21,297.0
370.0,306.6,428.0499999999999,2021-02-22,358.0,2021-02-22,441.0
371.0,283.75,429.1,2021-02-23,359.0,2021-02-23,416.0
377.0,301.475,432.575,2021-02-24,360.0,2021-02-24,393.0
381.5,296.325,436.0499999999999,2021-02-25,361.0,2021-02-25,379.0
383.0,309.375,444.525,2021-02-26,362.0,2021-02-26,423.0
388.0,307.025,447.0499999999999,2021-02-27,363.0,2021-02-27,353.0
395.5,328.175,440.525,2021-02-28,364.0,2021-02-28,337.0
396.5,327.55,454.575,2021-03-01,365.0,2021-03-01,470.0
397.0,329.425,455.0499999999999,2021-03-02,366.0,2021-03-02,403.0
407.0,326.475,459.62499999999994,2021-03-03,367.0,2021-03-03,421.0
407.0,359.95,457.0499999999999,2021-03-04,368.0,2021-03-04,459.0
409.0,361.95,457.0,2021-03-05,369.0,2021-03-05,426.0
417.0,364.9,479.19999999999993,2021-03-06,370.0,2021-03-06,358.0
420.0,357.55,474.6749999999999,2021-03-07,371.0,2021-03-07,335.0
425.5,357.475,475.7249999999999,2021-03-08,372.0,2021-03-08,518.0
433.5,360.9,489.575,2021-03-09,373.0,2021-03-09,492.0
432.0,381.475,485.1,2021-03-10,374.0,2021-03-10,442.0
445.0,388.8,511.62499999999994,2021-03-11,375.0,2021-03-11,478.0
450.0,394.95,512.0999999999999,2021-03-12,376.0,2021-03-12,474.0
463.0,400.95,528.0,2021-03-13,377.0,2021-03-13,444.0
466.5,409.325,534.7749999999999,2021-03-14,378.0,2021-03-14,378.0
474.5,410.9,542.675,2021-03-15,379.0,2021-03-15,611.0
482.0,419.0,544.1999999999999,2021-03-16,380.0,2021-03-16,560.0
494.5,426.475,564.525,2021-03-17,381.0,2021-03-17,583.0
501.5,443.425,584.675,2021-03-18,382.0,2021-03-18,573.0
520.0,454.95,589.15,2021-03-19,383.0,2021-03-19,630.0
526.5,461.0,590.525,2021-03-20,384.0,2021-03-20,502.0
554.0,470.85,616.15,2021-03-21,385.0,2021-03-21,473.0
555.0,477.0,635.7249999999999,2021-03-22,386.0,2021-03-22,644.0
575.0,492.95,666.8749999999999,2021-03-23,387.0,2021-03-23,647.0
590.0,510.475,674.525,2021-03-24,388.0,2021-03-24,601.0
607.0,522.425,689.525,2021-03-25,389.0,2021-03-25,745.0
612.5,530.9,707.05,2021-03-26,390.0,2021-03-26,701.0
636.5,540.475,728.525,2021-03-27,391.0,2021-03-27,625.0
635.5,546.95,738.15,2021-03-28,392.0,2021-03-28,516.0
645.5,534.0,759.05,2021-03-29,393.0,2021-03-29,801.0
643.0,547.425,759.625,2021-03-30,394.0,2021-03-30,739.0
651.0,527.325,749.7999999999997,2021-03-31,395.0,2021-03-31,704.0
649.0,548.225,778.15,2021-04-01,396.0,2021-04-01,773.0
644.0,530.7,790.0,2021-04-02,397.0,2021-04-02,787.0
658.5,530.65,764.0,2021-04-03,398.0,2021-04-03,668.0
658.5,544.225,764.675,2021-04-04,399.0,2021-04-04,622.0
657.0,537.475,778.675,2021-04-05,400.0,2021-04-05,736.0
646.5,528.125,762.0999999999999,2021-04-06,401.0,2021-04-06,836.0
658.5,543.425,797.675,2021-04-07,402.0,2021-04-07,738.0
646.0,522.425,797.525,2021-04-08,403.0,2021-04-08,822.0
647.5,529.8,794.05,2021-04-09,404.0,2021-04-09,770.0
651.0,514.75,786.05,2021-04-10,405.0,2021-04-10,706.0
636.5,508.0,817.0999999999999,2021-04-11,406.0,2021-04-11,589.0
648.0,506.275,796.6499999999997,2021-04-12,407.0,2021-04-12,771.0
621.5,478.375,795.2249999999998,2021-04-13,408.0,2021-04-13,691.0
627.0,489.9,796.1999999999996,2021-04-14,409.0,2021-04-14,708.0
618.0,495.85,795.0999999999999,2021-04-15,410.0,2021-04-15,754.0
615.5,488.475,778.0999999999999,2021-04-16,411.0,2021-04-16,706.0
602.5,464.425,777.525,2021-04-17,412.0,2021-04-17,655.0
594.5,460.425,767.0999999999999,2021-04-18,413.0,2021-04-18,574.0
577.0,436.375,747.675,2021-04-19,414.0,2021-04-19,817.0
577.0,452.325,759.3,2021-04-20,415.0,2021-04-20,755.0
568.5,427.9,750.625,2021-04-21,416.0,2021-04-21,704.0
558.0,435.0,730.5999999999998,2021-04-22,417.0,2021-04-22,705.0
531.5,419.425,733.1999999999999,2021-04-23,418.0,2021-04-23,745.0
532.5,397.275,723.9249999999998,2021-04-24,419.0,2021-04-24,562.0
527.5,386.7,720.8749999999999,2021-04-25,420.0,2021-04-25,499.0
509.5,399.425,679.2499999999999,2021-04-26,421.0,2021-04-26,658.0
512.5,377.325,674.3,2021-04-27,422.0,2021-04-27,645.0
498.0,371.95,668.1999999999999,2021-04-28,423.0,2021-04-28,613.0
485.5,355.325,642.675,2021-04-29,424.0,2021-04-29,563.0
469.5,350.425,661.625,2021-04-30,425.0,2021-04-30,633.0
471.5,343.0,649.3999999999999,2021-05-01,426.0,2021-05-01,481.0
458.5,341.9,626.8249999999999,2021-05-02,427.0,2021-05-02,412.0
451.0,326.275,616.5749999999999,2021-05-03,428.0,2021-05-03,516.0
435.5,318.425,624.1749999999997,2021-05-04,429.0,2021-05-04,514.0
433.0,323.475,620.3999999999999,2021-05-05,430.0,2021-05-05,430.0
436.5,301.0,621.0999999999999,2021-05-06,431.0,2021-05-06,475.0
411.0,305.95,616.7749999999999,2021-05-07,432.0,2021-05-07,403.0
400.5,288.85,577.2499999999999,2021-05-08,433.0,2021-05-08,335.0
390.5,278.9,573.0,2021-05-09,434.0,2021-05-09,338.0
381.5,268.8,557.0999999999999,2021-05-10,435.0,2021-05-10,440.0
365.5,250.75,520.8249999999999,2021-05-11,436.0,2021-05-11,312.0
349.0,249.0,503.0,2021-05-12,437.0,2021-05-12,304.0
343.0,242.95,505.1749999999998,2021-05-13,438.0,2021-05-13,273.0
324.5,222.375,464.0499999999999,2021-05-14,439.0,2021-05-14,305.0
310.0,213.95,456.19999999999993,2021-05-15,440.0,2021-05-15,251.0
285.0,204.475,433.19999999999993,2021-05-16,441.0,2021-05-16,228.0
275.5,192.425,429.3499999999999,2021-05-17,442.0,2021-05-17,324.0
262.0,181.9,411.0499999999999,2021-05-18,443.0,2021-05-18,272.0
246.0,172.95,376.575,2021-05-19,444.0,2021-05-19,279.0
230.0,161.0,344.09999999999997,2021-05-20,445.0,2021-05-20,236.0
217.0,154.95,334.04999999999995,2021-05-21,446.0,2021-05-21,247.0
212.0,146.95,333.97499999999985,2021-05-22,447.0,2021-05-22,218.0
203.0,134.0,314.525,2021-05-23,448.0,2021-05-23,177.0
190.5,131.425,300.7249999999999,2021-05-24,449.0,2021-05-24,221.0
186.5,124.95,291.2499999999999,2021-05-25,450.0,2021-05-25,204.0
181.5,124.375,278.8249999999999,2021-05-26,451.0,2021-05-26,224.0
169.5,119.0,268.0,2021-05-27,452.0,2021-05-27,235.0
161.0,105.425,235.575,2021-05-28,453.0,2021-05-28,195.0
155.0,109.475,241.62499999999991,2021-05-29,454.0,2021-05-29,191.0
153.0,97.85,234.24999999999991,2021-05-30,455.0,2021-05-30,116.0
146.5,100.325,232.575,2021-05-31,456.0,2021-05-31,196.0
139.0,93.475,226.05,2021-06-01,457.0,2021-06-01,205.0
133.0,85.0,219.05,2021-06-02,458.0,2021-06-02,199.0
125.0,87.95,201.575,2021-06-03,459.0,2021-06-03,158.0
124.0,80.475,193.525,2021-06-04,460.0,2021-06-04,167.0
120.0,71.95,192.7249999999999,2021-06-05,461.0,2021-06-05,118.0
110.0,67.95,188.525,2021-06-06,462.0,2021-06-06,95.0
108.5,72.425,187.525,2021-06-07,463.0,2021-06-07,167.0
103.0,70.0,178.2999999999999,2021-06-08,464.0,2021-06-08,123.0
99.0,61.0,166.77499999999992,2021-06-09,465.0,2021-06-09,123.0
95.0,65.475,166.575,2021-06-10,466.0,2021-06-10,109.0
97.0,62.0,156.44999999999985,2021-06-11,467.0,2021-06-11,109.0
89.5,53.475,155.09999999999997,2021-06-12,468.0,2021-06-12,89.0
88.0,51.475,153.04999999999998,2021-06-13,469.0,2021-06-13,93.0
85.0,52.375,158.04999999999998,2021-06-14,470.0,2021-06-14,105.0
82.5,48.425,139.575,2021-06-15,471.0,2021-06-15,77.0
73.0,43.475,132.2999999999999,2021-06-16,472.0,2021-06-16,75.0
71.0,41.9,124.09999999999997,2021-06-17,473.0,2021-06-17,66.0
67.5,39.475,113.62499999999996,2021-06-18,474.0,2021-06-18,54.0
61.0,37.475,117.87499999999989,2021-06-19,475.0,2021-06-19,50.0
57.5,36.475,94.525,2021-06-20,476.0,2021-06-20,44.0
56.5,33.95,96.82499999999987,2021-06-21,477.0,2021-06-21,58.0
51.0,29.475,99.62499999999996,2021-06-22,478.0,2021-06-22,68.0
48.0,29.475,88.67499999999994,2021-06-23,479.0,2021-06-23,54.0
47.0,24.475,92.09999999999997,2021-06-24,480.0,2021-06-24,48.0
42.5,23.95,87.0,2021-06-25,481.0,2021-06-25,36.0
43.0,22.95,79.04999999999998,2021-06-26,482.0,2021-06-26,32.0
39.5,23.0,74.57499999999997,2021-06-27,483.0,2021-06-27,30.0
37.0,22.0,68.52499999999999,2021-06-28,484.0,2021-06-28,43.0
37.0,20.95,72.09999999999997,2021-06-29,485.0,2021-06-29,43.0
36.0,17.475,66.62499999999996,2021-06-30,486.0,2021-06-30,36.0
34.0,18.95,65.72499999999992,2021-07-01,487.0,2021-07-01,33.0
33.0,15.475,63.04999999999998,2021-07-02,488.0,2021-07-02,35.0
34.0,17.0,70.09999999999997,2021-07-03,489.0,2021-07-03,24.0
31.0,17.475,61.574999999999974,2021-07-04,490.0,2021-07-04,34.0
32.0,13.425,62.0,2021-07-05,491.0,2021-07-05,44.0
30.0,14.475,59.0,2021-07-06,492.0,2021-07-06,35.0
31.0,13.475,61.52499999999999,2021-07-07,493.0,2021-07-07,47.0
30.5,16.0,61.574999999999974,2021-07-08,494.0,2021-07-08,44.0
30.0,18.0,62.52499999999999,2021-07-09,495.0,2021-07-09,52.0
35.0,16.475,70.0,2021-07-10,496.0,2021-07-10,45.0
38.0,20.475,77.72499999999992,2021-07-11,497.0,2021-07-11,36.0
42.5,19.0,84.57499999999997,2021-07-12,498.0,2021-07-12,50.0
48.0,21.475,109.2999999999999,2021-07-13,499.0,2021-07-13,72.0
53.0,29.0,120.0,2021-07-14,500.0,2021-07-14,50.0
58.0,31.0,138.5999999999998,2021-07-15,501.0,2021-07-15,60.0
67.5,34.475,149.19999999999993,2021-07-16,502.0,2021-07-16,74.0
74.0,36.95,160.62499999999994,2021-07-17,503.0,2021-07-17,81.0
79.5,36.85,184.2999999999999,2021-07-18,504.0,2021-07-18,78.0
88.5,43.375,190.82499999999987,2021-07-19,505.0,2021-07-19,119.0
96.0,48.475,213.0,2021-07-20,506.0,2021-07-20,110.0
100.0,52.85,225.14999999999995,2021-07-21,507.0,2021-07-21,146.0
108.5,55.475,230.05,2021-07-22,508.0,2021-07-22,125.0
120.0,55.475,270.7749999999999,2021-07-23,509.0,2021-07-23,163.0
124.0,61.475,291.19999999999993,2021-07-24,510.0,2021-07-24,156.0
135.0,68.95,319.3499999999999,2021-07-25,511.0,2021-07-25,162.0
146.5,78.9,335.1749999999998,2021-07-26,512.0,2021-07-26,214.0
157.5,80.425,381.8749999999999,2021-07-27,513.0,2021-07-27,202.0
170.5,95.85,408.92499999999984,2021-07-28,514.0,2021-07-28,211.0
189.5,91.425,425.5999999999998,2021-07-29,515.0,2021-07-29,276.0
199.5,104.0,498.1249999999998,2021-07-30,516.0,2021-07-30,275.0
209.5,108.8,524.7999999999997,2021-07-31,517.0,2021-07-31,245.0
224.0,123.375,554.9249999999998,2021-08-01,518.0,2021-08-01,223.0
250.0,128.375,592.0249999999995,2021-08-02,519.0,2021-08-02,292.0
264.5,127.9,641.9499999999997,2021-08-03,520.0,2021-08-03,315.0
288.0,138.9,670.3999999999999,2021-08-04,521.0,2021-08-04,281.0
297.0,150.95,755.9749999999998,2021-08-05,522.0,2021-08-05,281.0
311.0,152.7,763.7999999999997,2021-08-06,523.0,2021-08-06,307.0
319.5,166.475,775.3,2021-08-07,524.0,2021-08-07,292.0
325.5,164.425,789.15,2021-08-08,525.0,2021-08-08,224.0
322.0,161.325,793.6999999999998,2021-08-09,526.0,2021-08-09,322.0
321.0,165.425,754.7249999999992,2021-08-10,527.0,2021-08-10,332.0
315.5,156.7,799.1249999999998,2021-08-11,528.0,2021-08-11,329.0
316.0,145.375,778.6999999999994,2021-08-12,529.0,2021-08-12,318.0
318.0,163.0,779.0,2021-08-13,530.0,2021-08-13,326.0
309.5,135.275,754.2499999999999,2021-08-14,531.0,2021-08-14,309.0
305.0,151.375,722.05,2021-08-15,532.0,2021-08-15,264.0
296.0,147.475,728.3499999999996,2021-08-16,533.0,2021-08-16,308.0
287.5,129.375,681.3999999999999,2021-08-17,534.0,2021-08-17,315.0
272.5,126.85,664.2499999999999,2021-08-18,535.0,2021-08-18,317.0
252.0,132.275,650.0749999999998,2021-08-19,536.0,2021-08-19,315.0
248.0,122.375,622.3,2021-08-20,537.0,2021-08-20,289.0
242.0,119.0,553.1999999999999,2021-08-21,538.0,2021-08-21,248.0
234.0,116.225,563.4499999999998,2021-08-22,539.0,2021-08-22,281.0
219.0,104.95,520.9999999999997,2021-08-23,540.0,2021-08-23,304.0
215.0,96.95,541.8249999999999,2021-08-24,541.0,2021-08-24,281.0
202.5,99.425,472.7249999999999,2021-08-25,542.0,2021-08-25,263.0
187.0,89.375,430.0499999999999,2021-08-26,543.0,2021-08-26,265.0
178.5,87.375,413.62499999999994,2021-08-27,544.0,2021-08-27,255.0
175.5,82.8,396.7249999999999,2021-08-28,545.0,2021-08-28,186.0
166.0,74.375,375.97499999999985,2021-08-29,546.0,2021-08-29,204.0
159.5,75.425,365.3999999999995,2021-08-30,547.0,2021-08-30,276.0
149.5,69.475,334.525,2021-08-31,548.0,2021-08-31,232.0
139.5,66.95,335.54999999999984,2021-09-01,549.0,2021-09-01,229.0
133.0,63.0,298.19999999999993,2021-09-02,550.0,2021-09-02,209.0
131.0,62.375,290.04999999999995,2021-09-03,551.0,2021-09-03,201.0
121.5,52.425,278.525,2021-09-04,552.0,2021-09-04,176.0
115.0,55.475,265.52499999999964,2021-09-05,553.0,2021-09-05,147.0
109.5,49.95,236.2999999999999,2021-09-06,554.0,2021-09-06,213.0
105.5,51.0,223.67499999999995,2021-09-07,555.0,2021-09-07,178.0
101.0,44.9,208.8999999999997,2021-09-08,556.0,2021-09-08,203.0
92.0,40.375,202.62499999999991,2021-09-09,557.0,2021-09-09,167.0
89.0,45.95,187.575,2021-09-10,558.0,2021-09-10,156.0
84.5,42.475,192.575,2021-09-11,559.0,2021-09-11,137.0
83.0,35.475,182.39999999999984,2021-09-12,560.0,2021-09-12,126.0
78.5,33.85,172.77499999999992,2021-09-13,561.0,2021-09-13,148.0
77.5,36.0,167.52499999999998,2021-09-14,562.0,2021-09-14,145.0
75.0,35.425,159.52499999999998,2021-09-15,563.0,2021-09-15,135.0
71.5,34.9,153.62499999999994,2021-09-16,564.0,2021-09-16,105.0
72.0,30.9,147.04999999999998,2021-09-17,565.0,2021-09-17,114.0
71.0,31.475,150.52499999999998,2021-09-18,566.0,2021-09-18,101.0
69.5,31.425,143.24999999999991,2021-09-19,567.0,2021-09-19,95.0
71.0,34.0,140.34999999999988,2021-09-20,568.0,2021-09-20,110.0
69.0,27.95,136.24999999999991,2021-09-21,569.0,2021-09-21,86.0
66.5,27.95,134.19999999999993,2021-09-22,570.0,2021-09-22,110.0
65.5,30.475,129.82499999999987,2021-09-23,571.0,2021-09-23,88.0
64.0,29.95,117.57499999999996,2021-09-24,572.0,2021-09-24,76.0
64.5,30.0,122.09999999999997,2021-09-25,573.0,2021-09-25,78.0
65.0,26.0,122.62499999999996,2021-09-26,574.0,2021-09-26,65.0
62.0,25.475,120.09999999999997,2021-09-27,575.0,2021-09-27,91.0
62.0,27.0,125.525,2021-09-28,576.0,2021-09-28,75.0
64.0,27.0,121.09999999999997,2021-09-29,577.0,2021-09-29,85.0
62.0,31.0,114.2999999999999,2021-09-30,578.0,2021-09-30,70.0
57.5,29.9,96.67499999999994,2021-10-01,579.0,2021-10-01,76.0
58.0,26.9,111.49999999999984,2021-10-02,580.0,2021-10-02,57.0
60.5,24.425,109.67499999999994,2021-10-03,581.0,2021-10-03,70.0
58.0,27.475,104.57499999999996,2021-10-04,582.0,2021-10-04,69.0
58.0,24.475,102.62499999999996,2021-10-05,583.0,2021-10-05,79.0
56.0,22.85,101.04999999999998,2021-10-06,584.0,2021-10-06,59.0
58.0,28.95,90.57499999999996,2021-10-07,585.0,2021-10-07,64.0
55.5,24.95,104.09999999999997,2021-10-08,586.0,2021-10-08,73.0
56.0,27.475,99.14999999999996,2021-10-09,587.0,2021-10-09,42.0
58.0,27.85,101.09999999999997,2021-10-10,588.0,2021-10-10,40.0
56.0,29.475,90.62499999999996,2021-10-11,589.0,2021-10-11,53.0
58.0,27.0,100.57499999999996,2021-10-12,590.0,2021-10-12,71.0
60.0,26.475,99.04999999999998,2021-10-13,591.0,2021-10-13,51.0
61.0,31.475,94.09999999999997,2021-10-14,592.0,2021-10-14,67.0
63.5,27.85,92.04999999999998,2021-10-15,593.0,2021-10-15,65.0
61.0,31.95,99.04999999999998,2021-10-16,594.0,2021-10-16,57.0
63.0,28.9,100.09999999999997,2021-10-17,595.0,2021-10-17,59.0
67.5,30.85,104.09999999999997,2021-10-18,596.0,2021-10-18,73.0
68.5,33.475,104.57499999999996,2021-10-19,597.0,2021-10-19,70.0
68.5,32.9,103.09999999999997,2021-10-20,598.0,2021-10-20,72.0
70.5,38.85,98.0,2021-10-21,599.0,2021-10-21,70.0
73.0,34.95,113.67499999999994,2021-10-22,600.0,2021-10-22,74.0
73.5,40.95,115.0,2021-10-23,601.0,2021-10-23,60.0
74.5,37.85,107.525,2021-10-24,602.0,2021-10-24,57.0
75.0,37.8,108.57499999999996,2021-10-25,603.0,2021-10-25,81.0
77.5,41.9,104.0,2021-10-26,604.0,2021-10-26,85.0
76.0,42.375,106.57499999999996,2021-10-27,605.0,2021-10-27,80.0
78.5,44.9,114.62499999999996,2021-10-28,606.0,2021-10-28,85.0
83.0,45.425,111.525,2021-10-29,607.0,2021-10-29,83.0
84.5,47.9,115.0,2021-10-30,608.0,2021-10-30,84.0
85.5,46.95,128.67499999999995,2021-10-31,609.0,2021-10-31,55.0
88.5,48.85,121.525,2021-11-01,610.0,2021-11-01,69.0
91.5,49.325,122.525,2021-11-02,611.0,2021-11-02,93.0
97.0,49.85,127.0,2021-11-03,612.0,2021-11-03,110.0
97.5,49.375,129.04999999999998,2021-11-04,613.0,2021-11-04,98.0
101.0,55.475,133.04999999999998,2021-11-05,614.0,2021-11-05,91.0
100.0,53.425,136.0,2021-11-06,615.0,2021-11-06,79.0
98.5,55.375,136.0,2021-11-07,616.0,2021-11-07,72.0
99.0,58.425,128.0,2021-11-08,617.0,2021-11-08,101.0
98.0,55.375,130.575,2021-11-09,618.0,2021-11-09,126.0
100.0,53.0,127.525,2021-11-10,619.0,2021-11-10,92.0
101.5,57.425,128.0,2021-11-11,620.0,2021-11-11,98.0
100.5,52.425,134.575,2021-11-12,621.0,2021-11-12,116.0
101.5,53.0,130.52499999999998,2021-11-13,622.0,2021-11-13,110.0
104.0,60.0,137.04999999999998,2021-11-14,623.0,2021-11-14,114.0
107.0,61.425,133.52499999999998,2021-11-15,624.0,2021-11-15,175.0
110.0,66.0,144.52499999999998,2021-11-16,625.0,2021-11-16,139.0
114.5,69.85,142.52499999999998,2021-11-17,626.0,2021-11-17,116.0
120.0,70.95,148.52499999999998,2021-11-18,627.0,2021-11-18,165.0
128.5,74.85,157.52499999999998,2021-11-19,628.0,2021-11-19,148.0
130.5,86.9,168.0,2021-11-20,629.0,2021-11-20,131.0
143.5,87.9,174.0,2021-11-21,630.0,2021-11-21,135.0
155.0,97.8,189.19999999999993,2021-11-22,631.0,2021-11-22,227.0
171.0,99.85,203.525,2021-11-23,632.0,2021-11-23,190.0
182.0,103.95,222.05,2021-11-24,633.0,2021-11-24,209.0
204.0,129.95,239.525,2021-11-25,634.0,2021-11-25,244.0
212.0,137.225,250.0,2021-11-26,635.0,2021-11-26,245.0
236.0,150.95,280.2999999999999,2021-11-27,636.0,2021-11-27,215.0
255.5,167.8,294.525,2021-11-28,637.0,2021-11-28,208.0
273.0,181.9,312.62499999999994,2021-11-29,638.0,2021-11-29,301.0
292.5,183.525,349.04999999999995,2021-11-30,639.0,2021-11-30,284.0
321.0,214.7,388.15,2021-12-01,640.0,2021-12-01,343.0
348.5,228.65,396.525,2021-12-02,641.0,2021-12-02,319.0
367.0,243.225,422.0499999999999,2021-12-03,642.0,2021-12-03,322.0
375.5,249.85,430.15,2021-12-04,643.0,2021-12-04,288.0
384.0,272.375,454.0,2021-12-05,644.0,2021-12-05,296.0
388.5,262.425,441.525,2021-12-06,645.0,2021-12-06,395.0
389.5,282.75,446.62499999999994,2021-12-07,646.0,2021-12-07,472.0
392.0,263.85,448.19999999999993,2021-12-08,647.0,2021-12-08,401.0
389.0,274.425,443.6749999999999,2021-12-09,648.0,2021-12-09,415.0
386.0,257.475,444.1,2021-12-10,649.0,2021-12-10,441.0
384.0,277.425,434.19999999999993,2021-12-11,650.0,2021-12-11,353.0
385.0,265.55,430.62499999999994,2021-12-12,651.0,2021-12-12,327.0
372.5,280.8,430.0499999999999,2021-12-13,652.0,2021-12-13,448.0
372.5,287.325,424.8249999999999,2021-12-14,653.0,2021-12-14,415.0
366.0,275.8,427.575,2021-12-15,654.0,2021-12-15,432.0
367.0,290.275,408.19999999999993,2021-12-16,655.0,2021-12-16,418.0
369.5,269.9,421.525,2021-12-17,656.0,2021-12-17,435.0
366.5,268.425,414.0499999999999,2021-12-18,657.0,2021-12-18,350.0
361.5,278.175,414.15,2021-12-19,658.0,2021-12-19,337.0
362.5,276.95,412.62499999999994,2021-12-20,659.0,2021-12-20,496.0
371.5,279.175,421.525,2021-12-21,660.0,2021-12-21,444.0
370.0,288.475,421.6749999999999,2021-12-22,661.0,2021-12-22,492.0
377.5,281.425,426.1,2021-12-23,662.0,2021-12-23,487.0
379.0,270.0,425.7749999999999,2021-12-24,663.0,2021-12-24,459.0
387.5,295.45,430.0499999999999,2021-12-25,664.0,2021-12-25,423.0
406.0,303.175,444.0,2021-12-26,665.0,2021-12-26,447.0
416.5,304.375,473.6749999999999,2021-12-27,666.0,2021-12-27,635.0
436.0,335.8,490.62499999999994,2021-12-28,667.0,2021-12-28,622.0
451.0,348.5,520.2499999999999,2021-12-29,668.0,2021-12-29,633.0
480.0,353.8,552.15,2021-12-30,669.0,2021-12-30,650.0
486.5,380.8,569.525,2021-12-31,670.0,2021-12-31,575.0
516.0,392.475,592.625,2022-01-01,671.0,2022-01-01,495.0
535.0,406.925,608.625,2022-01-02,672.0,2022-01-02,546.0
561.0,423.4,631.5749999999999,2022-01-03,673.0,2022-01-03,787.0
586.5,453.125,682.5749999999999,2022-01-04,674.0,2022-01-04,819.0
609.0,464.65,711.0999999999999,2022-01-05,675.0,2022-01-05,782.0
645.0,504.375,758.675,2022-01-06,676.0,2022-01-06,740.0
654.5,521.6,791.675,2022-01-07,677.0,2022-01-07,688.0
687.5,541.875,797.05,2022-01-08,678.0,2022-01-08,599.0
685.5,549.6,798.525,2022-01-09,679.0,2022-01-09,557.0
684.5,547.05,796.0749999999998,2022-01-10,680.0,2022-01-10,780.0
697.5,538.95,786.525,2022-01-11,681.0,2022-01-11,737.0
695.0,550.425,822.7249999999999,2022-01-12,682.0,2022-01-12,745.0
695.5,575.775,796.2499999999999,2022-01-13,683.0,2022-01-13,672.0
690.5,573.75,783.525,2022-01-14,684.0,2022-01-14,698.0
692.5,578.9,806.3,2022-01-15,685.0,2022-01-15,595.0
705.0,557.175,812.525,2022-01-16,686.0,2022-01-16,563.0
699.0,576.425,794.525,2022-01-17,687.0,2022-01-17,876.0
695.0,572.5,797.15,2022-01-18,688.0,2022-01-18,906.0
691.0,584.6,778.625,2022-01-19,689.0,2022-01-19,845.0
681.5,592.425,770.6999999999998,2022-01-20,690.0,2022-01-20,795.0
674.0,582.125,752.525,2022-01-21,691.0,2022-01-21,717.0
665.5,593.475,735.15,2022-01-22,692.0,2022-01-22,593.0
657.5,575.475,722.625,2022-01-23,693.0,2022-01-23,589.0
637.5,563.475,705.525,2022-01-24,694.0,2022-01-24,864.0
617.0,563.375,681.05,2022-01-25,695.0,2022-01-25,814.0
606.0,550.9,668.0,2022-01-26,696.0,2022-01-26,755.0
582.5,529.9,669.2499999999999,2022-01-27,697.0,2022-01-27,800.0
572.5,517.425,633.5749999999999,2022-01-28,698.0,2022-01-28,724.0
563.0,513.475,628.15,2022-01-29,699.0,2022-01-29,562.0
558.5,511.375,648.05,2022-01-30,700.0,2022-01-30,546.0
560.5,503.8,641.525,2022-01-31,701.0,2022-01-31,840.0
546.0,491.9,640.7749999999999,2022-02-01,702.0,2022-02-01,744.0
542.0,490.425,650.625,2022-02-02,703.0,2022-02-02,724.0
537.5,479.425,639.0249999999999,2022-02-03,704.0,2022-02-03,639.0
531.5,477.8,633.675,2022-02-04,705.0,2022-02-04,599.0
520.0,449.75,668.9749999999998,2022-02-05,706.0,2022-02-05,446.0
526.0,454.9,631.7749999999999,2022-02-06,707.0,2022-02-06,427.0
518.5,448.9,637.0999999999999,2022-02-07,708.0,2022-02-07,617.0
499.5,439.95,630.0499999999996,2022-02-08,709.0,2022-02-08,542.0
497.5,420.95,606.525,2022-02-09,710.0,2022-02-09,548.0
481.0,414.95,603.7249999999999,2022-02-10,711.0,2022-02-10,514.0
472.0,378.375,591.0,2022-02-11,712.0,2022-02-11,438.0
456.5,372.275,566.625,2022-02-12,713.0,2022-02-12,324.0
430.0,362.9,531.9249999999998,2022-02-13,714.0,2022-02-13,298.0
411.0,337.95,522.625,2022-02-14,715.0,2022-02-14,467.0
394.0,322.425,500.0499999999999,2022-02-15,716.0,2022-02-15,428.0
373.0,299.425,474.39999999999986,2022-02-16,717.0,2022-02-16,387.0
354.5,294.425,440.0,2022-02-17,718.0,2022-02-17,392.0
338.0,273.475,428.19999999999993,2022-02-18,719.0,2022-02-18,322.0
319.0,247.475,404.525,2022-02-19,720.0,2022-02-19,240.0
299.5,235.9,379.19999999999993,2022-02-20,721.0,2022-02-20,225.0
278.0,220.425,362.0499999999999,2022-02-21,722.0,2022-02-21,318.0
258.0,209.475,345.92499999999984,2022-02-22,723.0,2022-02-22,275.0
250.0,192.9,327.575,2022-02-23,724.0,2022-02-23,280.0
233.0,179.475,311.525,2022-02-24,725.0,2022-02-24,239.0
218.5,171.95,290.39999999999986,2022-02-25,726.0,2022-02-25,204.0
206.0,155.95,278.525,2022-02-26,727.0,2022-02-26,174.0
199.0,149.95,256.09999999999997,2022-02-27,728.0,2022-02-27,182.0
186.5,151.475,254.5499999999998,2022-02-28,729.0,2022-02-28,242.0
183.5,137.0,240.05,2022-03-01,730.0,2022-03-01,243.0
177.0,129.95,245.3249999999997,2022-03-02,731.0,2022-03-02,193.0
166.5,126.95,223.77499999999992,2022-03-03,732.0,2022-03-03,216.0
159.0,128.0,212.05,2022-03-04,733.0,2022-03-04,196.0
157.0,118.9,227.62499999999991,2022-03-05,734.0,2022-03-05,150.0
155.5,116.475,208.67499999999995,2022-03-06,735.0,2022-03-06,164.0
153.0,111.75,210.34999999999988,2022-03-07,736.0,2022-03-07,257.0
152.5,112.375,200.0,2022-03-08,737.0,2022-03-08,201.0
151.0,104.425,197.575,2022-03-09,738.0,2022-03-09,214.0
147.5,111.95,208.14999999999995,2022-03-10,739.0,2022-03-10,217.0
148.0,109.475,208.62499999999991,2022-03-11,740.0,2022-03-11,218.0
156.5,113.95,217.97499999999985,2022-03-12,741.0,2022-03-12,158.0
156.5,118.7,213.97499999999985,2022-03-13,742.0,2022-03-13,157.0
173.0,124.475,232.0,2022-03-14,743.0,2022-03-14,250.0
174.5,137.95,250.67499999999995,2022-03-15,744.0,2022-03-15,282.0
178.5,143.0,245.575,2022-03-16,745.0,2022-03-16,251.0
196.5,154.0,257.8249999999999,2022-03-17,746.0,2022-03-17,226.0
203.0,158.0,287.64999999999975,2022-03-18,747.0,2022-03-18,233.0
214.5,161.95,291.0,2022-03-19,748.0,2022-03-19,169.0
232.5,180.475,314.0,2022-03-20,749.0,2022-03-20,163.0
242.0,186.95,331.15,2022-03-21,750.0,2022-03-21,305.0
262.5,202.9,351.15,2022-03-22,751.0,2022-03-22,288.0
271.5,210.325,370.0499999999999,2022-03-23,752.0,2022-03-23,283.0
295.5,226.9,382.6749999999999,2022-03-24,753.0,2022-03-24,288.0
306.5,241.425,401.575,2022-03-25,754.0,2022-03-25,227.0
311.5,236.475,397.7749999999999,2022-03-26,755.0,2022-03-26,185.0
317.0,250.95,396.15,2022-03-27,756.0,2022-03-27,224.0
321.5,249.8,406.62499999999994,2022-03-28,757.0,2022-03-28,375.0
324.0,243.425,423.8749999999999,2022-03-29,758.0,2022-03-29,331.0
322.5,252.425,401.1,2022-03-30,759.0,2022-03-30,366.0
322.0,259.475,418.2999999999999,2022-03-31,760.0,2022-03-31,338.0
325.0,251.95,403.62499999999994,2022-04-01,761.0,2022-04-01,302.0
325.0,254.7,402.2499999999999,2022-04-02,762.0,2022-04-02,201.0
324.5,254.8,399.3249999999997,2022-04-03,763.0,2022-04-03,217.0
323.0,257.0,399.7249999999999,2022-04-04,764.0,2022-04-04,360.0
325.5,257.95,385.0499999999999,2022-04-05,765.0,2022-04-05,362.0
322.0,263.95,403.49999999999983,2022-04-06,766.0,2022-04-06,368.0
326.5,268.475,380.575,2022-04-07,767.0,2022-04-07,356.0
320.5,264.425,390.525,2022-04-08,768.0,2022-04-08,335.0
319.5,264.0,385.0499999999999,2022-04-09,769.0,2022-04-09,248.0
312.0,270.95,384.0,2022-04-10,770.0,2022-04-10,235.0
316.0,264.425,365.0,2022-04-11,771.0,2022-04-11,389.0
309.5,273.475,364.2499999999999,2022-04-12,772.0,2022-04-12,360.0
312.5,265.8,357.575,2022-04-13,773.0,2022-04-13,324.0
312.5,275.275,374.0499999999999,2022-04-14,774.0,2022-04-14,317.0
304.0,255.0,363.525,2022-04-15,775.0,2022-04-15,264.0
303.5,255.8,350.525,2022-04-16,776.0,2022-04-16,228.0
299.5,257.375,334.09999999999997,2022-04-17,777.0,2022-04-17,202.0
293.0,253.0,333.04999999999995,2022-04-18,778.0,2022-04-18,242.0
290.0,247.325,326.575,2022-04-19,779.0,2022-04-19,339.0
281.5,246.75,313.62499999999994,2022-04-20,780.0,2022-04-20,326.0
278.0,236.425,313.04999999999995,2022-04-21,781.0,2022-04-21,306.0
268.0,229.225,307.62499999999994,2022-04-22,782.0,2022-04-22,290.0
255.5,218.9,291.09999999999997,2022-04-23,783.0,2022-04-23,223.0
246.0,204.475,275.525,2022-04-24,784.0,2022-04-24,167.0
234.5,198.475,264.0,2022-04-25,785.0,2022-04-25,292.0
219.5,190.375,251.0,2022-04-26,786.0,2022-04-26,255.0
209.5,181.475,244.14999999999995,2022-04-27,787.0,2022-04-27,220.0
201.0,170.8,229.05,2022-04-28,788.0,2022-04-28,229.0
191.5,157.275,226.575,2022-04-29,789.0,2022-04-29,187.0
184.5,151.75,212.575,2022-04-30,790.0,2022-04-30,161.0
176.0,149.475,208.77499999999992,2022-05-01,791.0,2022-05-01,131.0
171.5,140.275,196.0,2022-05-02,792.0,2022-05-02,240.0
172.5,134.425,200.05,2022-05-03,793.0,2022-05-03,212.0
166.0,134.425,198.62499999999991,2022-05-04,794.0,2022-05-04,181.0
158.0,119.425,187.0,2022-05-05,795.0,2022-05-05,193.0
154.0,125.425,185.05,2022-05-06,796.0,2022-05-06,158.0
153.0,117.375,189.05,2022-05-07,797.0,2022-05-07,138.0
148.0,113.375,183.67499999999995,2022-05-08,798.0,2022-05-08,116.0
151.0,109.175,177.575,2022-05-09,799.0,2022-05-09,189.0
144.5,112.85,173.52499999999998,2022-05-10,800.0,2022-05-10,196.0
142.0,100.7,172.52499999999998,2022-05-11,801.0,2022-05-11,167.0
138.0,105.275,168.04999999999998,2022-05-12,802.0,2022-05-12,177.0
139.0,104.475,177.0,2022-05-13,803.0,2022-05-13,138.0
131.0,94.9,161.04999999999998,2022-05-14,804.0,2022-05-14,113.0
123.0,91.9,150.52499999999998,2022-05-15,805.0,2022-05-15,104.0
121.0,89.95,141.52499999999998,2022-05-16,806.0,2022-05-16,124.0
112.5,84.275,144.62499999999994,2022-05-17,807.0,2022-05-17,127.0
105.0,71.475,135.0,2022-05-18,808.0,2022-05-18,133.0
101.0,65.9,134.04999999999998,2022-05-19,809.0,2022-05-19,136.0
97.0,65.425,127.67499999999994,2022-05-20,810.0,2022-05-20,102.0
92.0,67.425,121.525,2022-05-21,811.0,2022-05-21,76.0
85.5,57.275,114.0,2022-05-22,812.0,2022-05-22,68.0
