ch-median,ch-p1,ch-p2,teen-median,teen-p1,teen-p2,adu-median,adu-p1,adu-p2,sen-median,sen-p1,sen-p2,all-median,all-p1,all-p2,adu+sen-median,adu+sen-p1,adu+sen-p2,time
27.93172678527906,26.97511119912259,28.514529307823544,42.170902799622525,41.659640217049386,42.47400361748978,33.96417570498915,33.56638611713666,34.21183853036876,20.828112688619637,20.578653274362594,20.996460640749273,31.2904186634205,30.84075300090914,31.568602285159564,30.45937059185822,30.100331641269143,30.684939105556985,2021-11-19
28.160017060687302,27.160555995612963,28.761462039970752,42.3109468386285,41.775071956590125,42.623626926706514,34.04566702819957,33.628767489154015,34.30195065075922,20.874135880472753,20.61166821526797,21.046138221957925,31.38485831394364,30.917805098848948,31.675992187620388,30.531122722667035,30.154863956052687,30.764243885721093,2021-11-20
28.4123446258835,27.36182427492079,29.028664391908357,42.47229474677572,41.90125629128657,42.79030237496068,34.129290943600864,33.69779995932755,34.40080802603037,20.92292425481305,20.64773805099234,21.099528729651375,31.49248501471563,31.002324452594117,31.793155384686507,30.608928535950568,30.215086176067388,30.85094888045616,2021-11-21
28.679508895929807,27.58228430416768,29.313627833292713,42.64500629128657,42.04323608052847,42.97692513368984,34.22384490238611,33.772298129067245,34.50588089750542,20.97599048539359,20.687722441091204,21.156748866423843,31.604035625683778,31.094735580997586,31.918343297841197,30.688107206007984,30.280359505692086,30.943231677030973,2021-11-22
28.976224713624177,27.824033024616135,29.619918657080184,42.82790185592954,42.19768244731048,43.16913730732935,34.32749050976139,33.85504684110629,34.619638896420824,21.032725042741394,20.730884932728756,21.21969207611685,31.729509838667433,31.19640742253109,32.05370259796293,30.779144894999302,30.352527616076923,31.043407903363594,2021-11-23
29.302248354862293,28.0873857543261,29.950929807457957,43.03071720666877,42.3709767222397,43.375658225857194,34.43739154013015,33.94511415401301,34.743240103036875,21.09286032855125,20.777615773433432,21.28726157734334,31.867639490269198,31.307556320014797,32.20050410650724,30.877335942622132,30.431011960344104,31.15203296048318,2021-11-24
29.64982939312698,28.376709724591763,30.310471910796977,43.25029883611199,42.55363911607424,43.60932211387229,34.561188991323206,34.043768980477225,34.87547579989154,21.155582397978144,20.828680963353897,21.35884170816918,32.0158998104689,31.429405866218783,32.35825477294791,30.981811137822103,30.516947032761802,31.26805664275922,2021-11-25
30.00331464781867,28.69011790153546,30.68906135754326,43.49497483485373,42.725443142497646,43.87258532557408,34.69381778741865,34.15189126898048,35.0184422451193,21.225849252954728,20.88492715379469,21.435272244109118,32.18051835986255,31.562718769742826,32.527890156709866,31.097809588142965,30.611203882144913,31.393239375757453,2021-11-26
30.414891542773578,29.03152236168657,31.100771996100413,43.76589336269267,42.912517694243476,44.16290146272413,34.84108188720173,34.270153809652925,35.17280456887202,21.300524046681033,20.945761911841224,21.51722757005872,32.36078478203923,31.708499121685136,32.711239887822245,31.226086265471952,30.714117129914765,31.528366628255814,2021-11-27
30.845814038508408,29.34049171338045,31.55697111869364,44.0545769109783,43.14532203523121,44.46724245045612,34.99997830802603,34.39983019251627,35.33914926789588,21.3793057310637,21.011113877945437,21.605078978666466,32.55429372698276,31.86762854985593,32.908665115490706,31.36448949993046,30.82660088808535,31.67362838495619,2021-11-28
31.161168657080182,29.574517121618328,31.903101084572263,44.266671909405474,43.33207455174583,44.69434374016986,35.1226409978308,34.49896969902386,35.46381046637744,21.441377387943206,21.061901806288557,21.671504682970337,32.693038198992255,31.989533568577905,33.05776842535094,31.470502453658632,30.912816988854228,31.783639361850074,2021-11-29
31.51746283207409,29.825339690470386,32.27458719229832,44.51747404844291,43.53717757156339,44.95387385970431,35.25668519522777,34.6075664994577,35.59658561550976,21.510295101464354,21.116457853266926,21.742802348918453,32.84525247700202,32.118518575589015,33.21781534585575,31.587099914568967,31.006969781256828,31.900705153676512,2021-11-30
31.876200341213746,30.116325249817205,32.6529731294175,44.74139666561812,43.74271783579742,45.21792505504876,35.39034571583514,34.71831961767896,35.73522315618221,21.579443246859434,21.17250445997175,21.814505500631828,33.00721296824199,32.23161139960245,33.37918987010186,31.70485268114358,31.103100947688393,32.01812310015298,2021-12-01
32.221386790153545,30.4199549110407,33.03231690226663,44.96016042780749,43.95009240327147,45.4822680088078,35.514859002169196,34.829772437635576,35.872323278199566,21.646996952352634,21.227906600758192,21.883603099680364,33.15371126554387,32.34228431206374,33.543498697936734,31.820825303478827,31.199572546838056,32.13791612858363,2021-12-02
32.567164270046305,30.72417011942481,33.408663173287835,45.194872601446995,44.14024771940862,45.74444046870085,35.64149132321041,34.92774789859002,36.00556317787419,21.712491637552958,21.282818702148216,21.952558351297107,33.3122532628627,32.45151208838622,33.70598845092994,31.92790713845787,31.295727157133488,32.25474047841376,2021-12-03
32.89762978308555,31.02755697050938,33.767852790640994,45.42914438502674,44.32315665303555,46.00176431267695,35.76934517353579,35.02044997288503,36.13798054501084,21.779339180851853,21.338029807477884,22.02066862409871,33.47029138480978,32.56270386150362,33.86698268024716,32.03661017622633,31.380469771322986,32.369972334253866,2021-12-04
33.23644893980014,31.328110833536435,34.13727912503046,45.65290972003775,44.50643677256999,46.26049425920101,35.896992950108455,35.111009964750544,36.27177081073753,21.84608637478629,21.393018285884185,22.088204118040583,33.626734671864654,32.693992595959756,34.02615251860641,32.1465857389784,31.46018735223412,32.48402350346691,2021-12-05
33.57749817206921,31.625469778211063,34.499315135266876,45.88761402956905,44.677421358917904,46.51355575652721,36.02993221258134,35.20131060195227,36.4065403335141,21.912621720062436,21.44851520107039,22.155721400431126,33.77501117154877,32.82471605004854,34.189751259688435,32.253936781038284,31.538492788031707,32.599153090417815,2021-12-06
33.901882768705825,31.904709359005604,34.855626066292956,46.12327776030198,44.82553947782322,46.768028074866315,36.161290672451194,35.293597817245114,36.54107497288503,21.97959191258455,21.505007247454095,22.221508585445623,33.91495369585652,32.956401143350234,34.35660099850533,32.36996403949695,31.617330876363418,32.71607772236902,2021-12-07
34.19418718011211,32.15757159395564,35.20868815500853,46.35304340987732,44.971920808430326,47.01901737967915,36.29270607375271,35.403646353036876,36.67418621203905,22.0423214152977,21.560933992418047,22.288085557124802,34.0572907838575,33.08857932570073,34.516194931969125,32.48489062841475,31.695725667057395,32.8313027735283,2021-12-08
34.48381671947355,32.4057186814526,35.55565896904704,46.583925762818495,45.11875589808116,47.27715751808745,36.42457293926247,35.51467617950108,36.80735832429501,22.107329220248268,21.613184048167692,22.353705864862853,34.21154598825832,33.2210736243586,34.66739360062869,32.59908310651063,31.790147716210036,32.946789333041934,2021-12-09
34.78170850597124,32.65403058737509,35.900440531318544,46.81436772569991,45.266499292230264,47.535927964768796,36.54648725596529,35.6264829175705,36.94509571583514,22.167984836096036,21.659926224633907,22.419413885378724,34.36567483859039,33.35444739356211,34.82406444057507,32.71449446685077,31.886758438797607,33.0638427572368,2021-12-10
35.0982147209359,32.89750670241287,36.240387216670726,47.05000786410821,45.4163097672224,47.80003145643284,36.66910113882863,35.74001986171366,37.08895553145336,22.229907827250425,21.70580521073366,22.485889206868354,34.51410696950553,33.48945640784628,34.98703445459729,32.824254465261355,31.98485347585083,33.18076137921443,2021-12-11
35.42030221788934,33.0994436997319,36.57683707043626,47.28744101918843,45.569466420257946,48.06809806542938,36.79518573752711,35.856076803145335,37.235632727765726,22.291841968334197,21.75234929012116,22.552976659481153,34.658810884940756,33.62653662727091,35.152131608548935,32.93092901277492,32.085053394393334,33.30771700474837,2021-12-12
35.71557397026566,33.29303162320254,36.90929929320009,47.52815350739226,45.72290618118905,48.344893834539164,36.93919604121475,35.97547702006507,37.373887676247286,22.358373596967215,21.80108841894001,22.622691407121085,34.796388122717545,33.74997634713469,35.31957987272139,33.04447479784634,32.188231279677346,33.43845926131961,2021-12-13
36.03118449914696,33.483449914696564,37.238902936875455,47.78056778861277,45.88339572192513,48.62711308587606,37.08192651843817,36.09883364967462,37.516446922451195,22.431130602839513,21.851162008473942,22.69602244852449,34.934377552121056,33.872965815060795,35.49009041249981,33.17244948642043,32.294904684799235,33.56640017483559,2021-12-14
36.34739215208384,33.6773616865708,37.575650438703384,48.03517615602391,46.05181582258572,48.92383768480654,37.216869577006506,36.227897166485896,37.67148251084598,22.509001709655834,21.910924143313757,22.77414740206645,35.08994175385612,34.00086664252585,35.66687458588225,33.30183478036278,32.40656348717541,33.69502498360916,2021-12-15
36.66919936631733,33.87127924689251,37.9166951011455,48.30857187794904,46.22854238754326,49.23592206668764,37.368331073752714,36.36296529284165,37.83623590021692,22.590106295993458,21.978516130231174,22.855595406229092,35.26474798526897,34.13382768078648,35.85097277223909,33.42296902628494,32.5235965966662,33.83617716011364,2021-12-16
36.98155008530344,34.06628869120156,38.257155739702654,48.601777288455494,46.41932368669393,49.56469565901227,37.51720037960954,36.50390997830802,38.01418370390455,22.675444138853784,22.05073403701776,22.94358024232513,35.45459112131532,34.26370429295653,36.044734001571726,33.563784197246335,32.6485246756601,33.98922749488407,2021-12-17
37.29336461126005,34.267418961735316,38.604542103339014,48.93234507706826,46.62725542623467,49.92235962566845,37.67809652928416,36.64144671908893,38.20404914587852,22.767787854010255,22.128116962759233,23.040613803612572,35.65169730496017,34.389565734933825,36.2500019261291,33.70394572149484,32.78240657222895,34.154116980907155,2021-12-18
37.61207652936875,34.4739635632464,38.95738819156714,49.30703051273986,46.85272569990563,50.3122341931425,37.8662147505423,36.790982104121476,38.412418045010845,22.874243663123465,22.214495837359692,23.14144633167323,35.84911860332527,34.525136369940064,36.471286615714135,33.85863946118848,32.91882974390558,34.33575278644229,2021-12-19
37.901450158420666,34.65531227150865,39.264986899829395,49.481802453601766,46.96435278389431,50.49791601132432,38.080122017353574,36.9553939126898,38.63996251355748,22.989515349736116,22.321087675611384,23.267808853043928,36.05391697613141,34.65746032174061,36.68403789851612,34.04519897482764,33.06554119563705,34.53812617964357,2021-12-20
38.205910309529614,34.847427492078964,39.58618267121618,49.66756841774143,47.08797735136836,50.7000861119849,38.32196719088937,37.122966309652924,38.89321203904555,23.117527688991302,22.43730859287891,23.419046495205528,36.26543753948565,34.803379932816625,36.91846737907762,34.24972880615103,33.22818627937933,34.76312747104285,2021-12-21
38.51267974652693,35.046016329514984,39.91698665610529,49.86159955960994,47.21610215476565,50.90405905945266,38.58260981561822,37.29646176789588,39.17035723969631,23.260614732773355,22.56809094625734,23.58702445551178,36.497467525463435,34.961646416629435,37.171963264865866,34.48555619573639,33.39589891323783,35.01071608090119,2021-12-22
38.834657567633435,35.252133804533266,40.25828540092615,50.06070305127399,47.3497341931425,51.115019267065115,38.871510303687636,37.48944888828633,39.47516031724512,23.42798260611016,22.715422768155797,23.785261465844048,36.760672296099976,35.13521657395566,37.44784134859855,34.7492887370115,33.569207676872026,35.28429136947926,2021-12-23
39.17661467219108,35.473561723129414,40.614288020960274,50.27551116703366,47.49140138408305,51.33252870399497,39.1713055856833,37.70424328904555,39.81889255694143,23.627819073812528,22.881574555861143,24.00782632126663,37.037950906821585,35.32737803750559,37.75039397044548,35.022054119563705,33.762976079311784,35.60258056344744,2021-12-24
39.52874725810383,35.70934681940044,40.992001584206676,50.511049072035235,47.6419797892419,51.56909484114502,39.53235764642082,37.94365306399132,40.213313787960956,23.845540028246486,23.06966921876161,24.253814948338658,37.35687396952094,35.54019457756137,38.08428521349215,35.35379870065364,33.97990980072716,35.959464963344125,2021-12-25
39.91675603217158,35.962650804289545,41.39651017548135,50.76844919786097,47.81064446366782,51.82328090594527,39.91988069414317,38.212709056399135,40.656843207700646,24.096710770831784,23.265506578458332,24.528719616442427,37.69347196326487,35.777902060187685,38.45830966762717,35.704631156497726,34.22379591917827,36.35161390141656,2021-12-26
40.34222520107238,36.23707470143797,41.82705368023397,51.04509279647688,47.98847318339101,52.114636284995285,40.303815075921904,38.478981968546634,41.07975433839479,24.360083252806064,23.454221549096854,24.817963279565895,38.033928378815666,36.019789743747786,38.84926972741421,36.056613951085765,34.46847093358234,36.741940178411774,2021-12-27
40.79819644162808,36.536756946136975,42.29914574701438,51.33292702107581,48.18919314249764,52.45150676313306,40.72268980477223,38.77854067245119,41.567996678416485,24.652311752025568,23.662958633761985,25.153186649817883,38.42357813150069,36.29085366041574,39.292654475553576,36.4498162239485,34.7437548427473,37.18252269882582,2021-12-28
41.27983792347063,36.86065043870339,42.812247440896904,51.665468700849324,48.40824158540422,52.814684649260776,41.19822668112798,39.103699159436005,42.09006561822126,24.9947037835427,23.893302423251317,25.523273619267076,38.86121315315038,36.58580165493012,39.78144490500332,36.88012337830052,35.04357126537261,37.664077940913515,2021-12-29
41.78381062637095,37.211314586887646,43.358079149402876,52.025597672223974,48.64633807801196,53.18522334067317,41.71553687635575,39.457594021149674,42.68130050162689,25.36668401100126,24.14631996580688,25.94995428528952,39.34100882937578,36.90703152688106,40.32183748863584,37.33922972999821,35.3705036457195,38.215862158027534,2021-12-30
42.3566780404582,37.588076102851566,43.95589599073848,52.40968858131488,48.909287118590754,53.60018677256999,42.2275,39.84192197668113,43.302028335140996,25.751888054708985,24.42607410986397,26.41429755444882,39.840955668212715,37.25683325115183,40.89344596052206,37.827850515566325,35.72688112172928,38.796316581566764,2021-12-31
42.961875456982696,37.994763892273944,44.60502041189373,52.81772569990564,49.19397373387858,54.05078680402642,42.82589343817787,40.25887133947939,43.96799871203905,26.176228350553778,24.733336988032406,26.919257600535193,40.38850023884001,37.63678945097617,41.48540433302002,38.3734319432579,36.11451349015556,39.41651828820058,2022-01-01
43.60213258591274,38.43397605410675,45.2430834145747,53.25042466184335,49.50617293173954,54.54397137464612,43.45511795010846,40.714562228850326,44.683956751626894,26.621638296290786,25.070296588121607,27.45491321638296,40.966496910488935,38.051725965761136,42.14241898701019,38.96112391472791,36.53846989052907,40.08428511115967,2022-01-02
44.20115768949549,38.83334663660736,45.83009261515964,53.91281849638251,49.971607423718154,55.266966813463355,43.97468275488069,41.1028819143167,45.285950854121474,26.970281721549092,25.326841225005573,27.85796550955177,41.48651247361204,38.421681318088666,42.720923193676136,39.4305882820416,36.89156875211094,40.63309573242206,2022-01-03
44.837174019010476,39.26448635145016,46.48990921277114,54.614344133375276,50.48042190940548,56.04166955017301,44.51639235357918,41.52130192516269,45.92714865780911,27.357689734631677,25.60581301568423,28.29525254590054,42.02625159868715,38.82165839715242,43.33901343667659,39.9252190411857,37.272717054417576,41.21980261458685,2022-01-04
45.44847063124543,39.70857847916159,47.17958780160858,55.39466027052532,51.047672223969805,56.91334342560554,45.065287418655096,41.9463448345987,46.570549823752714,27.731342451497802,25.89149464803389,28.736253066230578,42.57607901752007,39.234152888423196,43.9685755504877,40.42602070212385,37.6605114934536,41.80910615302088,2022-01-05
46.08254326102852,40.16526931513526,47.875514257860104,56.24415696759988,51.683808194400754,57.87454388172382,45.64108053145336,42.37934110629067,47.2126882456616,28.103426744963947,26.181347654798184,29.175618449416483,43.135810592169136,39.66037370756738,44.6054958626747,40.94077642898297,38.05524844535394,42.397047414221284,2022-01-06
46.73452351937607,40.633274433341455,48.58113971484279,57.146547656495756,52.378245517458325,58.89428004089336,46.23432754880694,42.81852826735358,47.85377575921909,28.478473203003045,26.474219319110976,29.610358841893998,43.714559224617474,40.09788094981278,45.248455822303036,41.48240617487533,38.45532841277094,42.98298248663898,2022-01-07
47.413429198147696,41.11669814769681,49.29187637094809,58.134798678829824,53.1316164674426,60.01019620949984,46.82063855748373,43.26862913503254,48.51067556941432,28.869166728610715,26.771334274882925,30.055866349513117,44.312432778094525,40.55019330631617,45.89911891150592,42.012556374545525,38.864539218802776,43.583381380009136,2022-01-08
48.0732939312698,41.608307336095535,50.00599287106995,59.16818181818182,53.93990051903114,61.16713667820069,47.40797180043384,43.72595207429501,49.178534436008675,29.265543001560985,27.073132386828213,30.51076451349141,44.9038152765151,41.013995562198566,46.58287085689632,42.55915006059642,39.28029349532116,44.19432012794786,2022-01-09
48.72969168900804,42.113927613941016,50.720162990494764,60.220808430324,54.79108052846807,62.348458241585405,47.99536062906724,44.191980409436006,49.84264750542299,29.663480264624987,27.377999145172076,30.962705716197128,45.49798603941631,41.4893552860687,47.26880745643096,43.10052450678481,39.7032465777919,44.80172391870144,2022-01-10
49.38867901535462,42.62735132829637,51.448087070436266,61.30953129915068,55.68593700849324,63.5544907989934,48.59768438177874,44.663481494034706,50.501720512472886,30.061012413588045,27.688923474317992,31.412266408979406,46.09730804197421,41.9743465414426,47.9355773379355,43.64557348061908,40.13182872072,45.404798492042985,2022-01-11
50.044260297343406,43.152141420911526,52.17496313672922,62.4504639823844,56.61671476879522,64.77240091223655,49.19039994577007,45.139758134490236,51.1535443329718,30.466271463614063,28.003999479669957,31.862455400282464,46.69772023360094,42.467868776676895,48.58747607747662,44.19332445910237,40.56501966900443,46.002729372379946,2022-01-12
50.6914635632464,43.684025712893,52.89455825006093,63.60388486945581,57.57573804655552,65.99201281849638,49.779202819956616,45.61981683839479,51.77267672180044,30.866215713967144,28.32524790009663,32.30675109640972,47.30246082253417,42.96848409787818,49.23222833875218,44.73695388711183,41.00263157371903,46.58676251167226,2022-01-13
51.34856812088715,44.224166768218375,53.62568212283695,64.73692198804656,58.55635577225543,67.19648513683549,50.36155775488069,46.1002154962039,52.37476776030368,31.25655615847766,28.647109752471565,32.74710213335315,47.91552383006919,43.47257943356396,49.86503501702698,45.27144517513361,41.44065652752667,47.142514354399694,2022-01-14
51.9982147209359,44.77190683646113,54.35294936631733,65.84303240012582,59.55122837370243,68.37120989304813,50.92018573752711,46.57876064262473,52.96270505694143,31.646874303129408,28.97447520999033,33.18367334423548,48.53298919826803,43.97911975900273,50.48396015994577,45.79540659209663,41.878794379432975,47.685960006357654,2022-01-15
52.63923348769193,45.32313276870582,55.02814282232512,66.94679144385027,60.5516318024536,69.51670179301668,51.46461361171366,47.05918485629067,53.53200677874186,32.041589236601496,29.303714041477733,33.61143425258306,49.133002295945886,44.488098910581385,51.085713207081994,46.297406274213735,42.318809776885935,48.213323167703095,2022-01-16
53.26991835242505,45.86847124055569,55.68922648062393,67.98033972947468,61.5364407046241,70.59859035860333,51.99488340563991,47.535888082971795,54.080947803687636,32.438404073440864,29.630689994796697,34.013828328253915,49.71816185648027,44.99222213661649,51.664758270798345,46.78686845608249,42.7554939105557,48.72271546500308,2022-01-17
53.88583962953936,46.41270320497197,56.33161436753595,69.06602705253225,62.508095312991514,71.63027013211702,52.50994712581345,48.00585161334056,54.60882504067245,32.82399093139077,29.95741841968334,34.40426967962536,50.26561859562076,45.491035332912155,52.22562125367891,47.263206047722164,43.18717357399718,49.2138588500586,2022-01-18
54.47527418961735,46.95622958810626,56.95570405800633,70.0830764391318,63.46319282793331,72.61386127713118,53.03532673535791,48.46930538232104,55.115589140455526,33.20049803017914,30.282185200327064,34.783068274734255,50.79764704069526,45.98403115706427,52.77230985253556,47.72610116623289,43.61355909641785,49.68642034053205,2022-01-19
55.050182793078235,47.492810748233,57.55069126249086,71.0381251966027,64.39341577540107,73.54859586347908,53.54217326464208,48.924087310195226,55.598041350325374,33.56761688842637,30.6052586783617,35.15123522634356,51.31065842797048,46.46843270875388,53.296771537975566,48.19152444718176,44.03313800091391,50.13832639620129,2022-01-20
55.62184377284913,48.032444857421396,58.13419631976602,71.94668921044354,65.3047601446996,74.43838707140611,54.03818872017354,49.37705497559653,56.06290665672451,33.93059168958597,30.93054653237196,35.50897253400728,51.80722837727476,46.95079876573648,53.80213692466525,48.65222915383545,44.45197941708223,50.57455854012278,2022-01-21
56.16369120155983,48.561127833292716,58.69022696807214,72.7969723183391,66.18159877319911,75.2710589021705,54.50259354663774,49.81835662960954,56.50854873915401,34.277908273247604,31.25211402661116,35.854438972719834,52.28883769665779,47.42099869793674,54.281538823058085,49.09606321896172,44.86127853495718,50.98933562473923,2022-01-22
56.69095174262735,49.07988514501584,59.22600871313672,73.63745674740485,67.02604238754326,76.04131999056307,54.943781182212575,50.24881453362256,56.93211056127983,34.60993087043782,31.569458299264102,36.185308481379614,52.75264341957256,47.87973199839746,54.73571135799806,49.51036894284068,45.26150343710885,51.38344371485904,2022-01-23
57.27971606141847,49.674129295637336,59.8163602851572,74.5163101604278,68.09253145643285,76.88640020446681,55.422935195227765,50.74403301247288,57.40536923806941,34.98899873634133,31.936448189994792,36.55795528878316,53.27864462147711,48.405258024253826,55.24190039601214,49.977881310472256,45.722448989728406,51.82825089901257,2022-01-24
57.85398488910553,50.24619394345601,60.376064769680724,75.32433155080214,69.14990445108525,77.66776108839258,55.881507592190886,51.22289350596529,57.85087208514099,35.35766743477291,32.29833159889987,36.9130957778934,53.799833582446034,48.9128538299151,55.71790637471686,50.43226213418632,46.17004385790634,52.25069457413625,2022-01-25
58.436637825980995,50.82909822081403,60.92918565683645,76.1172302610884,70.1720175369613,78.4097039163259,56.33821854663774,51.70610595173535,58.28847593546638,35.741618969746526,32.66782056046978,37.26576915929532,54.30628226266238,49.4251725426445,56.18395723222953,50.86229610792124,46.62286030039934,52.66632691276101,2022-01-26
58.99502802827199,51.415737874725814,61.48094260297343,76.89834853727587,71.03003578169236,79.11821799307958,56.79282537960954,52.193040808026026,58.715935330802594,36.1264699323571,33.04488515572734,37.61694417602021,54.797949057737654,49.93941091267702,56.63974917946901,51.28769097808595,47.08042904257644,53.073855373214386,2022-01-27
59.57058859371192,52.00680142578601,62.01731781623202,77.6516357345077,71.86307761874804,79.79089650833596,57.249412960954444,52.681873169739696,59.13312459327548,36.49770311454694,33.42695699843901,37.96103192596446,55.27124905619675,50.45471631970662,57.083544231628586,51.70643812210676,47.54072646176465,53.47292377764091,2022-01-28
60.16687180112113,52.59484706312454,62.53884992688276,78.3303554576911,72.6713958792073,80.42190311418685,57.7008717462039,53.169764709869845,59.53804623101952,36.862495354196085,33.81486378502936,38.30458893927005,55.75886866881366,50.96719181934451,57.51325508112856,52.12506804680825,48.00189408539129,53.861772693858896,2022-01-29
60.71566536680477,53.267441506214965,63.04215238849622,78.96025479710602,73.4458194400755,81.02030866624725,58.13097478308026,53.65408480206074,59.93489567516269,37.22403181446517,34.20492678213038,38.63860588716271,56.21262385010093,51.474708615190224,57.92784809005039,52.55402419883575,48.46102114914668,54.23968604096716,2022-01-30
61.23647331221058,54.02570954179868,63.535302522544484,79.57735136835484,74.19578051273986,81.590090044039,58.578005694143165,54.14857992136659,60.331152928416486,37.59370400654129,34.604812495354196,38.9726555415149,56.63356780744873,51.98744753224341,58.33666783518499,52.97166669977946,48.930229074364725,54.61472920350465,2022-01-31
61.75091396539118,54.755454240799416,64.01010480136485,80.1903743315508,74.9104899339415,82.12101879521862,59.02084598698481,54.63525047451193,60.71239255694143,37.96507470452687,35.009168586932276,39.29976975395822,57.05345624605144,52.492037651971586,58.73009195340309,53.38343134722746,49.39489862515646,54.978791597957596,2022-02-01
62.238307336095545,55.41760358274433,64.46828540092615,80.7096256684492,75.59904962252281,82.61973262032086,59.44666079175705,55.120950515184376,61.08204168926247,38.33501077826507,35.41517486805917,39.62254905968929,57.47696349600136,52.99306863183199,59.11058831687136,53.80080464109034,49.85929812449089,55.336300389406546,2022-02-02
62.72447599317573,55.97186357543261,64.91218346331952,81.19926863793646,76.24377201950298,83.08655591380938,59.85680585683297,55.599500271149665,61.43952270878525,38.69119527242994,35.8229270422954,39.93819742808295,57.89244032852058,53.497603664268,59.47745935867606,54.196861899747674,50.318925108775545,55.684258885820434,2022-02-03
63.20906044357787,56.515931026078476,65.34185108457227,81.65575652720982,76.85746539792387,83.51031888958792,60.24967597613883,56.072458242950106,61.783215631778745,39.030651155876015,36.231227793057315,40.24853099680368,58.31201365240304,54.08633927608365,59.830852735873776,54.5864562016967,50.77460150398347,56.02061112987503,2022-02-04
63.6513953204972,57.047547830855464,65.75500731172313,82.08295847750865,77.43843976093112,83.885808430324,60.6068546637744,56.537154690889366,62.11441967190889,39.38182933174757,36.639852820932134,40.55067345573478,58.70560195386536,54.654852458511186,60.170507303881536,54.94838376413088,51.22431118749131,56.34559160987821,2022-02-05
64.09173775286375,57.567616682914945,66.14966091883987,82.48288770053476,77.98258296634162,84.25608878578169,60.963724240780905,57.01802406453362,62.43313557483731,39.733059540622904,37.047307292053816,40.846132461161076,59.07375456492596,55.21019943140669,60.49631254141178,55.30569805098047,51.66891527427333,56.65945249637414,2022-02-06
64.46030952961247,57.99094412624909,66.46632250792103,82.73014312676943,78.3369235608682,84.50779804970117,61.28782402386117,57.51663401572668,62.71614276030368,40.03985356426075,37.42727086895116,41.117305433732255,59.38198529978274,55.60759029693207,60.77511791762331,55.616166332227365,52.11832142928098,56.94041031728686,2022-02-07
64.81553741165001,58.403873689982944,66.77097672434803,82.96656181189053,78.67127359232464,84.74488754325259,61.60995390455531,57.99935629067245,62.988616458785245,40.34879952426968,37.805527949156314,41.38183843752323,59.69267454581876,55.99513559948842,61.04958260782471,55.93078099854966,52.59657630182981,57.211944996324476,2022-02-08
65.1430112113088,58.79232116743846,67.05538813063612,83.19546240956277,78.96734704309532,84.93540618118905,61.906851952277655,58.4566017489154,63.243692990780914,40.65557124804876,38.1902399093139,41.633575782353375,60.011173860116806,56.362971554925494,61.30769985515509,56.228551844714204,53.047110742455246,57.46733887310512,2022-02-09
65.43702169144528,59.15967706556178,67.31636515963929,83.4081472161057,79.23210797420572,85.09462330921673,62.19887201735358,58.833272708785245,63.48369753253795,40.94113952278302,38.6132726901063,41.87228276220917,60.30389463303389,56.71110147618534,61.549465845878856,56.5080275366062,53.46305008642441,57.708243249955295,2022-02-10
65.68905678771631,59.502235864001946,67.55564129904947,83.59798678829821,79.46737849952815,85.25267340358604,62.47402114967462,59.17400637201736,63.707637811822124,41.209109492306546,39.01783914368542,42.10066862409872,60.56140807741498,57.04071420866913,61.77483011541366,56.784067113027234,53.802469354101675,57.935023245187054,2022-02-11
65.92426273458445,59.82579880575189,67.76615677553009,83.7705725070777,79.67958713431898,85.41136717521233,62.71304365509761,59.4971664181128,63.917247017353574,41.465197353750085,39.38469560692782,42.31642979261131,60.81649999229549,57.353972872397804,61.9875742330154,57.044315856396395,54.12681257822899,58.14708267935549,2022-02-12
66.17295271752376,60.129188094077506,67.96093986107726,83.9254639823844,79.87187480339729,85.56150322428437,62.93677467462039,59.8049291621475,64.1153764913232,41.70322604623504,39.69990225228573,42.522377164944615,61.05835940028045,57.65141254603449,62.19122467140238,57.28974926986271,54.436564927582296,58.34801894383406,2022-02-13
66.37886912015598,60.393069095783574,68.13094717280039,84.03836111984901,80.01497090279963,85.67685396351054,63.1582863340564,60.090776911605204,64.29892387472884,41.93124953541961,39.99901862038207,42.71855794246636,61.263634682650974,57.923247761838,62.37542944974344,57.49920926628653,54.725959112312,58.534691951602326,2022-02-14
66.5714294418718,60.6440366804777,68.28875335120644,84.13736237810633,80.1496181975464,85.78438659955961,63.38086632321041,60.363821176789585,64.47534347885032,42.15522560023786,40.286801828588416,42.90677302460418,61.460791716103984,58.18299701835216,62.54962794890365,57.699120855104994,55.0029428009457,58.71006755011622,2022-02-15
66.75063977577382,60.87842401901048,68.43954118937363,84.2256134004404,80.26875589808117,85.88093976093111,63.58889913232104,60.62107504067245,64.63971366594359,42.360135285809854,40.56321489630565,43.08399520553036,61.65148157850132,58.42779982125522,62.71212151563247,57.90691593984066,55.26531753521546,58.87734433671746,2022-02-16
66.91605532537167,61.09994150621496,68.58089660004875,84.30452972632904,80.3799587134319,85.96876572821643,63.783080260303684,60.86480565347071,64.79355639913231,42.56944176020218,40.828776666914436,43.252686389652865,61.829320307564295,58.66026337889271,62.86413601553231,58.121719349134764,55.51488317803429,59.03639202908629,2022-02-17
67.07203875213258,61.30861199122593,68.71135205946868,84.39770368040264,80.48093582887701,86.04948922617176,63.966358459869845,61.09605185737527,64.93819109273318,42.77591986917416,41.0836391511187,43.41318739314651,61.99493119866867,58.88078801793612,63.00755185139529,58.313322273657434,55.75244153934794,59.18666888522441,2022-02-18
67.19864123811846,61.50566201559835,68.83296734097001,84.47899496697075,80.57378420887072,86.12154765649575,64.13740509761388,61.31566167299349,65.07463340563991,42.96569166728611,41.329609380807256,43.565142904928265,62.14656840840101,59.090590782316596,63.142209501209614,58.49046549977152,55.9790969642183,59.328335286988654,2022-02-19
67.31846210090178,61.68980806726785,68.94726572020473,84.54354356715949,80.66207455174583,86.18982974205726,64.28558297180044,61.523864086225586,65.20389614967462,43.13957853266929,41.56408644911915,43.71091949750985,62.294555218268954,59.289450167188015,63.27001460005856,58.64519897482764,56.194322065046784,59.46285930701528,2022-02-20
67.43855715330245,61.875443577869845,69.06197721179625,84.61113557722555,80.75658972947468,86.261474127084,64.4296271691974,61.73190177603037,65.33112730477222,43.31718575782353,41.797782836542034,43.85183713669813,62.43302309814013,59.488852296716345,63.395873037274455,58.79822879621719,56.40921780938946,59.59501976834284,2022-02-21
67.55039605166951,62.05252741896173,69.17099987813795,84.67311261402958,80.84577618748034,86.32794510852469,64.5654080802603,61.9301119170282,65.45150345715835,43.47684902995614,42.021199360737384,43.98941574370029,62.565553107231466,59.67893519731267,63.51649891366319,58.94303836449248,56.614165110364965,59.72042412532533,2022-02-22
67.67145990738484,62.225845722641964,69.27581982695588,84.73075652720982,80.9316353413023,86.39323332809059,64.69738340563991,62.123374186550976,65.56777196312365,43.637203597710545,42.23920370920984,44.12385044228053,62.69639813858885,59.86428224725334,63.63137702821394,59.081249875826984,56.81404044066517,59.84147164881887,2022-02-23
67.78869729466244,62.38974165244943,69.37661223495003,84.78931267694244,81.01417387543253,86.45483799937088,64.83146014099782,62.31002081073753,65.68295146420824,43.791685869322826,42.4528370995317,44.25481695532595,62.82520609581337,60.04344688506403,63.74314533029262,59.215922953132136,57.007900085431025,59.9586718455089,2022-02-24
67.90297952717523,62.548983670485015,69.47416890080429,84.84423560868197,81.09442631330607,86.50934334696446,64.9653579175705,62.49086788232104,65.79416912960954,43.9466327213261,42.66035066527912,44.381500408830746,62.94592431083101,60.21727171517944,63.850855124273856,59.35408280849542,57.1959223571017,60.07348056940774,2022-02-25
68.01469047038752,62.70710821350231,69.56863148915427,84.89687794904057,81.17297971060081,86.5615338943064,65.0973237527115,62.668466784164856,65.90293187364425,44.09830521073366,42.86471121682896,44.50637645878243,63.064992218438455,60.38839977194632,63.95655172812303,59.49055192418493,57.38086434347247,60.187396588719125,2022-02-26
68.12620643431636,62.85864794053131,69.65921429441872,84.94955960994024,81.2508159012268,86.6107970273671,65.22331073752711,62.84223373101952,66.00880755151843,44.23612205456032,43.065797963279564,44.62733275105924,63.18156540363962,60.55575916452224,64.05948268024716,59.62209683507837,57.56211133848568,60.29831939284366,2022-02-27
68.24966487935657,63.01871679259078,69.76106111381915,85.0113321799308,81.33962645486002,86.67006094683863,65.34759219088937,63.021389981019524,66.11726830260304,44.38576154017691,43.268165093287735,44.74945105181,63.30121808404087,60.728633411405774,64.16532801978519,59.74943873800488,57.747692120477616,60.41138557208988,2022-02-28
68.37007067999025,63.175684560078,69.87225566658542,85.07317552689526,81.42637700534759,86.72766318024537,65.46975460954447,63.1975824972885,66.22347647776573,44.52895264996655,43.46916096781386,44.90694900765628,63.41650769681188,60.8989112362667,64.26909949612462,59.87682037629388,57.930690997953626,60.522190411857025,2022-03-01
68.48896539117719,63.33124512551791,69.98242414087252,85.13612771311733,81.51497168921045,86.78469487260145,65.58857646420824,63.3734909164859,66.32923468004338,44.66608191481454,43.66960324834609,45.01859640972273,63.52753825292387,61.06893092130608,64.37256641293126,60.00238610851727,58.1133535155862,60.632608477539584,2022-03-02
68.601242992932,63.48907262978308,70.08342127711431,85.2013919471532,81.60211269267066,86.84269267065116,65.71098834056399,63.54922159707158,66.43459354663774,44.805571248048764,43.87119081245818,45.13042053816992,63.64074379401205,61.23920481686365,64.46694500516203,60.13919496155603,58.295724226650506,60.742801790078076,2022-03-03
68.71578722885694,63.648186083353636,70.1827936875457,85.26930638565587,81.6913962724127,86.90163101604278,65.84676382863341,63.725703294468545,66.53949030639913,44.94184940162045,44.07300137515796,45.26083104140341,63.76623726828667,61.410125082823555,64.55968107154413,60.27019847813561,58.478548864562015,60.8526901833787,2022-03-04
68.83533999512552,63.805390872532286,70.28427613941018,85.33683548285624,81.78022648631645,86.96019424347278,65.96621610629067,63.90261666214751,66.64440313177874,45.08124581877648,44.276226306400055,45.41194436185238,63.88717660292464,61.581026973511875,64.65192493489684,60.389918145153274,58.66218236544613,60.962453608964296,2022-03-05
68.95469168900804,63.96453418230563,70.40415854252986,85.40622050959422,81.86981951871658,87.01813148788928,66.08454311279826,64.08013204989155,66.7499051654013,45.22151564706756,44.482500371664315,45.549313721846424,64.01060988951724,61.753474236097205,64.74430000616363,60.51340969145491,58.84738437009516,61.07280606162955,2022-03-06
69.10196197903973,64.15831221057762,70.54919479649037,85.49707455174584,81.99146115130544,87.09704309531298,66.22658080260304,64.28942218004337,66.87437669468547,45.38575410689066,44.72182542927228,45.73438972719839,64.14677643034346,61.95833609411838,64.8655551874509,60.660720600798676,59.06470223312737,61.19712663660024,2022-03-07
69.25058493785035,64.35539879356568,70.69066323421886,85.58836898395722,82.11339296948726,87.17589965397924,66.3599498373102,64.50069109273319,66.99379446854664,45.54699695235263,44.96225228573552,45.91920352337768,64.28738077260891,62.16501945390388,64.99420797571537,60.80673017702104,59.28376447857271,61.31503074523672,2022-03-08
69.40980380209602,64.56236229588106,70.83095844504021,85.682447310475,82.24567592010067,87.26214218307643,66.52048129067245,64.72425020336226,67.11291363882863,45.72439976213484,45.20811844941649,46.11358433063257,64.44182473766122,62.38334965406722,65.14509592122903,60.97418095484076,59.514875032284976,61.46360851727495,2022-03-09
69.57255057275164,64.78165671459907,70.98185077991714,85.78265964139666,82.38628263604907,87.35349834853727,66.68966106290672,64.95922322396963,67.23785269793926,45.90826581431651,45.44862967367873,46.31776945662677,64.60791484968489,62.613818589457146,65.30970118033191,61.13181809151054,59.75856187789323,61.62406055669243,2022-03-10
69.74717889349256,65.00968559590544,71.13992657811357,85.8910742371815,82.53780709342561,87.4524178200692,66.84583514099782,65.20731677060738,67.38128972342733,46.096353973091496,45.69768248717757,46.53621069649892,64.78403547159346,62.857132533090905,65.50117933032344,61.313677905151685,60.01602383128365,61.797459867283884,2022-03-11
69.92723007555448,65.2516780404582,71.30737631001706,86.00373545139982,82.69756448568732,87.55592914438503,67.03329718004338,65.46978382592191,67.58827020065075,46.30185832156396,45.94005630714339,46.77409332490894,64.9731050741945,63.11458572815385,65.69646432038462,61.519123636580375,60.2883935986331,61.98107598394691,2022-03-12
70.11159517426273,65.5082838776505,71.48400316841335,86.12680088078012,82.86645721925134,87.66641947153192,67.23391811279826,65.74574945770064,67.77405145065076,46.520006689957626,46.2120452687133,47.03046532371961,65.17735719678876,63.38591121315316,65.88048908270028,61.73405916595474,60.57508667275942,62.17999334432678,2022-03-13
70.29602120399707,65.77999969534487,71.67888069705094,86.25778546712803,83.04286489462095,87.78246736395093,67.46391404555314,66.03976593004339,67.97139465835141,46.75297703114546,46.450558425629964,47.317039693748605,65.3883569348352,63.67441422561906,66.07646293357166,61.933275385929704,60.88050876164743,62.406349015556394,2022-03-14
70.48937972215452,66.06544174993907,71.88723799658786,86.38685907518088,83.23268795218623,87.90717560553634,67.68272505422993,66.35050535520608,68.18242353579176,47.01553185163161,46.689202408384745,47.60431223518917,65.61157064271076,63.97949523860888,66.28405319198114,62.15490235034669,61.20335083344922,62.645522072993856,2022-03-15
70.69335851815744,66.36311509870826,72.10111199122593,86.5159877319912,83.43051509908776,88.03935121107267,67.90407402386117,66.67943031453362,68.40783825921909,47.29795212963651,46.91900412547387,47.897541440570876,65.82156340046535,64.3018512411976,66.51188140437925,62.375329306816596,61.54546127788925,62.89889580394572,2022-03-16
70.9108700950524,66.67795698269559,72.31647727272727,86.65173010380623,83.63924111355772,88.17993315508022,68.129011659436,67.02567123101952,68.66487608459869,47.57791198989073,47.18611443544191,48.213289600832525,66.0458981154753,64.64193552860687,66.76202178066782,62.613374923012735,61.87184044265194,63.167851061927564,2022-03-17
71.1608700950524,67.00678649768462,72.54575158420667,86.79726329034287,83.85872326203209,88.32639430638565,68.36826193058567,67.39164662418655,68.93795959869848,47.88382888575039,47.445906860923216,48.55185534824946,66.27476154521781,65.00075523521889,67.02980153165785,62.864894800627816,62.214208918602104,63.46293102934456,2022-03-18
71.40608091640263,67.35194826955886,72.78443029490616,86.95199748348537,84.08590712488204,88.48396233092168,68.64102630151844,67.76300413503253,69.22602786062907,48.19870289154835,47.71297833197056,48.91766260313685,66.53760112177758,65.37948684068601,67.32136747461362,63.16140305564937,62.57223133928039,63.78875216061033,2022-03-19
71.6648367048501,67.71512704118938,73.09270381428223,87.11906259830135,84.3250786410821,88.64792230261088,68.90559246203904,68.13040136930586,69.53578111442516,48.53764216159964,47.99519809707871,49.41541236155504,66.82377459666857,65.74885449250351,67.63030128511335,63.45279240259869,62.92310919277611,64.16276816402757,2022-03-20
71.87687667560321,68.01672678527906,73.35834937850353,87.26776502044669,84.52134436929853,88.78659484114502,69.16211361171366,68.44086422180044,69.81344651572668,48.82755890879358,48.21972162342972,49.84427321043633,67.04908162164662,66.05257993435752,67.89163543769358,63.71304412612004,63.18217481572725,64.47881424711422,2022-03-21
72.12270899341945,68.33420850597123,73.58744759931757,87.44224598930481,84.72794668134634,88.93111709657126,69.41143302603037,68.76328646963123,70.1320232510846,49.13662008473946,48.457547944696344,50.29590072846205,67.28339445583,66.37427935805971,68.16718919980893,63.99020324637911,63.43817366340174,64.80818662706375,2022-03-22
72.34904338289057,68.64552583475506,73.82534913477943,87.6011560239069,84.92719212016357,89.07568614344135,69.6586835683297,69.05501335412147,70.44817007863341,49.45102207686018,48.69968166951609,50.74256039545082,67.5392236929288,66.69200872151256,68.44152441561243,64.278580652852,63.72419367015675,65.10936492956907,2022-03-23
72.57100292468925,68.95331007799172,74.07363697294662,87.74042938030829,85.12109900912236,89.21859547027367,69.934102494577,69.34076511659435,70.7605258270065,49.766356946406006,48.94152029287147,51.16140656359176,67.78025101314391,66.9778615344315,68.73703437755213,64.56315935867124,63.99351146365208,65.40776170703117,2022-03-24
72.78316475749452,69.2525,74.31791433097733,87.87565272098144,85.31040106951872,89.35925212330922,70.19074972885032,69.58143126355748,71.07031127982646,50.080495056864635,49.19595573478034,51.56485393592507,68.02736490130515,67.27448275729233,69.03766583971525,64.8430641924781,64.26387419784237,65.70379507480182,2022-03-25
72.99331586643919,69.54719412624908,74.56163203753351,88.02113085876061,85.49246932997798,89.49717481912552,70.46745119305857,69.84056412689804,71.35876030368763,50.38968259867687,49.4529023266186,51.96632126663198,68.27756830053778,67.51218345994423,69.33632756521874,65.12899886754217,64.50934908509328,65.99724693541017,2022-03-26
73.20601998537656,69.83576529368754,74.79945801852303,88.16574394463669,85.67024221453288,89.63378106322743,70.72974240780911,70.10479934924078,71.63807300704988,50.70285438192224,49.71100813944845,52.36214338809188,68.52689107354732,67.76127205417816,69.63231547683253,65.43229789601256,64.74344331750541,66.28913277571374,2022-03-27
73.43287838167194,70.11855837192299,75.0367401901048,88.30783265177729,85.84263290342875,89.76954270210759,70.99640455531454,70.36825460954446,71.9145229121475,51.01850516613395,49.97205084367799,52.758993904705264,68.80228978227038,68.02415785783626,69.9265816601692,65.7162020940536,64.9967535215465,66.57947733097569,2022-03-28
73.65866439190836,70.3981114428467,75.27058310991957,88.44594998427178,86.017335246933,89.90521586977037,71.2809978308026,70.6274800704989,72.19019685466378,51.32531405634431,50.235669181595185,53.15006578458336,69.06722421683591,68.28225669137248,70.217012458203,65.99978145550632,65.24081114775595,66.86891850277154,2022-03-29
73.8823787472581,70.67052400682428,75.50287868632708,88.58013526266122,86.18493590751808,90.03659130229633,71.54473020607375,70.85616079175705,72.46303328362256,51.636817066825245,50.501627332193564,53.53747472682673,69.33434750450715,68.53947651663405,70.5045514815785,66.27486936999583,65.48631032324717,67.15588649593707,2022-03-30
74.08824640506946,70.93502284913478,75.7309231050451,88.7092403271469,86.34628656810318,90.16867411135578,71.8013706616052,71.09439492950108,72.73386395065076,51.93879060432617,50.76904166356946,53.91956422359324,69.59635884555527,68.79593802487018,70.77448607023437,66.54215822621342,65.71869742514852,67.44032011801403,2022-03-31
74.29663051425786,71.19682244699001,75.95703631489155,88.84282793331236,86.50199237181504,90.2974178200692,72.07602494577006,71.3504375,73.001199159436,52.24973983498104,51.03720787185014,54.29545082881141,69.84898685609505,69.05129959782425,71.03475045071421,66.81629845230762,65.95017364353406,67.72190645302287,2022-04-01
74.51119302949061,71.4539474165245,76.17898884962223,88.9735294117647,86.65241742686379,90.42449276502045,72.37098020607375,71.59911971258134,73.26724674620391,52.5624173046904,51.30945049431354,54.678320820634795,70.10796030633158,69.30680093070558,71.29312402730481,67.0840522122663,66.18330563447441,68.00187153557309,2022-04-02
74.72830246161345,71.70256032171582,76.39723403607117,89.10346020761246,86.80148670965713,90.54999882038376,72.64082022776572,71.83294861713665,73.52999884761388,52.88348323793949,51.58160503233479,55.05533579870661,70.36527959689971,69.53280748724903,71.54845401174168,67.359303041742,66.4166257723561,68.28816775276658,2022-04-03
74.94649037289788,71.94469900073118,76.61566140628808,89.23212488203838,86.94325062912867,90.6736147373388,72.89222207158352,72.06720851409978,73.79025027114967,53.21151044376718,51.858429532446294,55.42494071954211,70.62443487372298,69.75899267300491,71.80156251444598,67.63664196451631,66.65281117755747,68.58273682276041,2022-04-04
75.15674506458689,72.1846280160858,76.82969900073117,89.35702264863164,87.08004246618434,90.79811104120793,73.15924891540129,72.30133351409978,74.0470036605206,53.536913699546574,52.13847803463911,55.79125306623058,70.8843983543153,69.99112455121193,72.0513530286454,67.91594182742932,66.88968912045775,68.891285339638,2022-04-05
75.36060809164026,72.41524798927614,77.04003869120156,89.47712330921674,87.21147491349481,90.9182856244102,73.40921502169198,72.53460107104121,74.29953125,53.84914517208057,52.418021445030845,56.14874804876236,71.13733069325238,70.23889871642757,72.29712297949058,68.18612242465181,67.12818692507898,69.19784425724674,2022-04-06
75.5621983914209,72.64069735559346,77.2473747867414,89.60106951871657,87.34072428436616,91.03651777288457,73.65637879609545,72.7622042434924,74.54865401301518,54.1435070244555,52.69820653385861,56.4958105998662,71.38844630722531,70.48630067645655,72.53976793996641,68.45996066199113,67.36744516519977,69.49538031708818,2022-04-07
75.75872532293444,72.85956221057762,77.4501313063612,89.72434727901856,87.46602351368355,91.15330174583202,73.91180856832972,72.98937608459869,74.7951086632321,54.43381773582101,52.97909629822344,56.835967070541884,71.63166556235265,70.73224035779774,72.77904020987103,68.73512904058967,67.6067791011861,69.78443352273857,2022-04-08
75.94698391420911,73.0730182183768,77.65022087496953,89.84606794589493,87.58570894935514,91.26859782950613,74.16462039045553,73.21654487527115,75.0373935059653,54.73335315543001,53.26024678510369,57.16937690477961,71.87312741729201,70.97015466816649,73.01396705548794,68.99783640951264,67.84616379909801,70.06677800846363,2022-04-09
76.13302461613453,73.27953174506459,77.84660279064099,89.96574394463667,87.70061772569991,91.38167348222711,74.41490238611713,73.44386293383948,75.27395973427332,55.02757005872296,53.54082193562775,57.49339273767933,72.11383037736721,71.19683775829392,73.244121762177,69.2582977370711,68.08575859773904,70.33910933184987,2022-04-10
76.3002376310017,73.45886241774312,78.02010662929564,90.05506448568732,87.7854675212331,91.46810435671594,74.64287825379608,73.65912852494577,75.4951155775488,55.31669887757377,53.81666375529622,57.80059986620084,72.34201426876436,71.40897179376552,73.45782513059156,69.50575566725607,68.31488586017126,70.59250899012576,2022-04-11
76.46445893248843,73.63352485985864,78.18947934438216,90.14145171437559,87.86713156653036,91.55282636049071,74.87091106290671,73.87454182483731,75.71244488882863,55.600434847245964,54.09181911097896,58.09866702594216,72.56670262107647,71.62144401898394,73.66739248347382,69.74266981900541,68.54622737567797,70.83778748534758,2022-04-12
76.62644406531805,73.79953113575432,78.35336278332927,90.22433155080213,87.94370596099402,91.63272137464611,75.09566567245119,74.08609652928416,75.92168295824294,55.88193711439827,54.363654946851995,58.384465546718204,72.78594079849609,71.82866499992295,73.86958776985068,69.97567301770209,68.7778085947589,71.07159085490632,2022-04-13
76.78179990251036,73.95719290762857,78.51109736777968,90.30175369613086,88.014947310475,91.70899182132746,75.31412418655097,74.2929974918655,76.12378538503253,56.154578904333604,54.63104660670483,58.66028153571693,72.99821409310138,72.03077831024547,74.06437585712746,70.20415830568413,69.00475870701129,71.29545069834899,2022-04-14
76.93274433341458,74.10642121618328,78.6606315500853,90.37544825416798,88.0818339100346,91.78057172066687,75.52567922993492,74.49569400759219,76.31956304229935,56.41868356500409,54.89449639485616,58.92386289303501,73.2028213939011,72.22823840085059,74.25282189469468,70.42715117318657,69.22703112272266,71.50797404287445,2022-04-15
77.07975871313673,74.24782049719717,78.80599012917378,90.4450298836112,88.14395997168921,91.84958870714061,75.7307307483731,74.69513238882863,76.5069811550976,56.67549988850071,55.15148015312569,59.17565468668698,73.39989752993205,72.42151243508945,74.43400396012143,70.64175292551606,69.44467272962072,71.70983981681998,2022-04-16
77.22334876919327,74.38243328052644,78.94566140628807,90.51220509594212,88.20241231519346,91.91522491349481,75.93162011930585,74.88960154555315,76.69339215021691,56.924875492455214,55.40414777373077,59.41545250130082,73.58944943525896,72.60985022420144,74.6083136354531,70.84784336320108,69.65768134226053,71.90194435062483,2022-04-17
77.35424689251766,74.50131550085304,79.07045637338534,90.56339257628184,88.24844762503932,91.96838903743316,76.10194143167028,75.05975542299349,76.85452440347072,57.15412919051512,55.63858098565376,59.631262357838395,73.74975653728217,72.77756976439589,74.7616724964174,71.03396777462102,69.84674309101385,72.06803458963304,2022-04-18
77.48006336826712,74.61517730928588,79.1893885571533,90.61417112299466,88.29284208870715,92.01946759987418,76.26462445770065,75.2262801654013,77.00838089750542,57.37645134914145,55.86724652493868,59.838376756113874,73.91042806293049,72.94152017812843,74.90864211750929,71.21352691077425,70.03195771164047,72.2277589255558,2022-04-19
77.59929320009749,74.72083353643676,79.29996435534974,90.66182761874803,88.33250629128656,92.06748545139982,76.41602223427333,75.38490767353579,77.15295281995662,57.587266780643716,56.086442429197945,60.03170705418866,74.06187420065643,73.0969073300769,75.04693587531011,71.38437506208649,70.20929603838437,72.38492226769714,2022-04-20
77.71378259809894,74.81950737265416,79.40502284913478,90.70570934256055,88.36877791758414,92.11239540736081,76.55684246203904,75.53602121746204,77.28824152657268,57.78882777075745,56.29642087266781,60.21173288485839,74.20436691988844,73.24491332419065,75.17626069001649,71.54569666024278,70.37793286710507,72.53176777660778,2022-04-21
77.82196563490129,74.90866987570071,79.50336765781135,90.74771940861906,88.40291050644856,92.15357581000315,76.69018031453362,75.67970837852494,77.41458215835141,57.98142421764662,56.49571192299115,60.37912175722887,74.3388061081406,73.38572376226945,75.29790229132317,71.69841853257306,70.53814132875053,72.66732725051159,2022-04-22
77.92563368267122,74.99153515720205,79.59670119424811,90.78683548285625,88.43303082730418,92.19200692041522,76.81467055314533,75.81686062906724,77.53349179772235,58.162027057161964,56.68617854753586,60.53185887906044,74.46274327010494,73.51890391697614,75.41264280321124,71.8416784217114,70.6909880694574,72.79366757395744,2022-04-23
78.0217401901048,75.06871374603948,79.68313794784304,90.82496067945895,88.46153232148475,92.2287161843347,76.93517218004338,75.9472184110629,77.64498535791756,58.334955028618154,56.86775682004014,60.67663941128373,74.57321293742393,73.64538703638073,75.51973011079096,71.97501639083703,70.8365057218922,72.9114832217432,2022-04-24
78.11986960760419,75.14364093346332,79.76946502559103,90.86645171437559,88.49205449826991,92.26834067316767,77.06695770065076,76.08902677603037,77.76314587852494,58.508381030253474,57.05649520553037,60.81988794320969,74.69320846880441,73.77974074302357,75.63239564232553,72.11533387638329,70.99232511473585,73.0341223948503,2022-04-25
78.2126492810139,75.213411223495,79.85006154033634,90.90555206039636,88.52013408304498,92.30456354199434,77.18965699566161,76.22377026843817,77.8750766675705,58.673570950717306,57.23422415074704,60.9373009737605,74.81286500146386,73.90721697459051,75.7378572584249,72.24789899270856,71.140172401804,73.14998738402241,2022-04-26
78.30227272727272,75.28142060687301,79.92827656592736,90.943000943693,88.54729317395407,92.34045022019504,77.30557348156182,76.35525318600867,77.98220390455532,58.834876979112465,57.40888389206869,61.04960993830372,74.92925327827173,74.03180000616362,75.83982395180055,72.37599785429043,71.28441598950987,73.26047771839549,2022-04-27
78.38906288081891,75.34479009261516,80.0040939556422,90.98000157282164,88.57311772569992,92.37523356401385,77.41710005422993,76.48492211225596,78.08597790130152,58.99125845536311,57.57988069575559,61.1566459154092,75.04187173521119,74.15375753116477,75.93825766214155,72.50170762720282,71.42630133312142,73.36685708183498,2022-04-28
78.47553619302948,75.40513252498172,80.07655739702656,91.01571248820383,88.59728373702423,92.40849245045612,77.52541079175705,76.61263794739696,78.18649356019523,59.13931836765033,57.74506597041551,61.25913736713001,75.15135137217437,74.27304551828283,76.0331940228362,72.62863429559135,71.56505210299406,73.46861795442354,2022-04-29
78.55942602973434,75.46336643919084,80.14620125517914,91.05087291601133,88.62067867253853,92.44218897452029,77.63502575921909,76.73758846258134,78.2835298264642,59.27936148071062,57.9082232587527,61.35731528283654,75.25792563600783,74.38891543522814,76.1251311693915,72.75245763216975,71.7011814316651,73.56602114914668,2022-04-30
78.64123811844992,75.51877254447965,80.21519467462832,91.08509751494181,88.64312912865681,92.47438581314879,77.73511523861171,76.86042401030369,78.37638571041214,59.42114398275477,58.06580075076191,61.45125957035606,75.35058708414874,74.50267859068987,76.21310788634298,72.8708392108557,71.83440426757792,73.65880327022033,2022-05-01
78.72758956860834,75.5750441749939,80.28461461126004,91.12216892104436,88.66781456432841,92.51129010695188,77.83702277657267,76.98621563177875,78.47012662689804,59.561792908644904,58.223056381476255,61.556939158552,75.45528915050002,74.61881519946994,76.3028408092824,72.9889962847436,71.97018233564461,73.75969930264438,2022-05-02
78.80646478186692,75.62903089203023,80.35225749451621,91.15752595155709,88.69201989619378,92.5472864894621,77.94211361171367,77.10946102223427,78.56129148590021,59.69862112539954,58.37783486954582,61.65887608711812,75.557102023206,74.73283780452101,76.38938783765043,73.1005513281545,72.10257400711262,73.85741898952972,2022-05-03
78.88150743358518,75.68275377772362,80.40869577138679,91.1927728845549,88.71610608681976,92.5815531613715,78.04530639913233,77.23106785520608,78.65473610357918,59.833260239351816,58.52996543521891,61.75712015907233,75.65632617840578,74.84502827557515,76.4734921876204,73.20703911946435,72.23329257147398,73.95234945264538,2022-05-04
78.95032293443822,75.7348696076042,80.46008042895443,91.2277131173325,88.7403291129286,92.61695462409563,78.14756778741865,77.35218519522776,78.74682707429501,59.960109269307964,58.68012822418791,61.85286962015907,75.74915173274573,74.95597970630385,76.55634543969676,73.31296962231538,72.36316854747382,74.04448120517354,2022-05-05
79.01944918352424,75.78455154764806,80.50923440165732,91.26382510223341,88.7635738439761,92.65088589178987,78.24601274403472,77.47203030097614,78.83705023047722,60.08542332565227,58.82906991005724,61.9437593845239,75.83513952879179,75.06632244171533,76.63706904787587,73.41761567957403,72.49074911092126,74.13386471102457,2022-05-06
79.09552156958323,75.8323857543261,80.55804502802827,91.29841145014156,88.78532242843661,92.68474245045613,78.32448481561822,77.58934551247287,78.91886462852494,60.21043633390322,58.9748912881885,62.03360068386233,75.91903092592878,75.17404594973574,76.71586806786138,73.52077762104385,72.61596050304968,74.22070872985913,2022-05-07
79.17118571776749,75.87830063368266,80.60519711186936,91.33251808744889,88.80680127398554,92.71868433469645,78.40998779826464,77.70521224240781,78.98854406182213,60.33322307292053,59.119569426893634,62.12048725191407,76.00686472410126,75.2798931383577,76.7926283957656,73.62143424790892,72.73975254803011,74.3050783283333,2022-05-08
79.23536436753595,75.91934803802096,80.64747471362418,91.36682919156968,88.82817474048443,92.7524885970431,78.48705124728849,77.8075246746204,79.05021264913232,60.43750092916078,59.24380212591987,62.192361369211326,76.08815661740913,75.37317826710017,76.859370001695,73.70843283730355,72.84792496970178,74.37728791250274,2022-05-09
79.2934072629783,75.95856233243968,80.68841152815013,91.39933155080215,88.84869062598301,92.78543881723813,78.56636930585682,77.90769834598699,79.11265055585682,60.53870883817736,59.36607410986397,62.26260685348993,76.16788064163214,75.46481952170362,76.91158435674993,73.796307591441,72.9533871416367,74.44763385850237,2022-05-10
79.34905556909578,75.99564282232512,80.72656531805995,91.43081157596728,88.8686678200692,92.817335246933,78.64124322125812,78.00445288774404,79.18291872288503,60.632308778711064,59.48177098045046,62.3284183825169,76.24407753825292,75.54023155924003,76.95981081560011,73.87987701905311,73.05550861263981,74.51312558361313,2022-05-11
79.40168169631977,76.03164574701437,80.76431604923228,91.46293645800566,88.88703994966971,92.84824158540422,78.70534436008677,78.09320417570498,79.24913218546638,60.71996209024009,59.59204935702074,62.39014086077455,76.31644297887422,75.59697524538885,77.00543418802101,73.95926032622732,73.15197663560686,74.56330081656169,2022-05-12
79.45048744820862,76.06463349987814,80.8090768949549,91.49310317709973,88.90446799307958,92.87800448254168,78.76055314533622,78.17692156995662,79.31279385845987,60.80317029658812,59.69704359622389,62.4478882033747,76.38498620891568,75.65060226204602,77.04840273818513,74.03434526056463,73.24448766216994,74.6105691097292,2022-05-13
79.50088349987814,76.0954600292469,80.85325980989519,91.52104435357032,88.92121932997799,92.9064749134948,78.82681534707157,78.25667387472885,79.37097647776572,60.88095220396937,59.79748587675611,62.50202761465843,76.44972880102316,75.70113680139298,77.08899402129529,74.10490731726699,73.33326341565176,74.65479263107702,2022-05-14
79.54324274920789,76.12428040458201,80.8948507189861,91.54912708398868,88.9370214690154,92.93361788298208,78.89291621475054,78.32319712581345,79.42640258947938,60.955259050026015,59.8928110830298,62.55278004905969,76.50961292509669,75.74878515185603,77.12707571228255,74.16930542586374,73.41725483281346,74.69896032424055,2022-05-15
79.58434072629782,76.15180538630271,80.93398427979527,91.57535388486946,88.95281849638252,92.9594719251337,78.95269251626898,78.37983256507593,79.47924728850325,61.02533635620307,59.986344867315836,62.60050918010852,76.5620683544694,75.81023849330478,77.16317853675825,74.2293654262611,73.49814281882661,74.75209306021894,2022-05-16
79.62443943456007,76.177838776505,80.97201224713623,91.59778232148474,88.9671555520604,92.9842171280277,79.00909842733188,78.43336537418654,79.52883256507593,61.09408310414034,60.07274882925741,62.64555805396566,76.60980014484491,75.87649147880488,77.19719528637688,74.28806548387738,73.57525207120577,74.80318364691156,2022-05-17
79.66278332927126,76.20267273945893,81.01037868632707,91.61712802768167,88.98126179616231,93.00745910663731,79.06279826464208,78.4838299213666,79.57585893438177,61.162015907232586,60.154154092024086,62.687531777298744,76.65520285991649,75.93942193013545,77.23353402314437,74.3417231239942,73.64762238491645,74.85120120000795,2022-05-18
79.69876310017061,76.22558554716062,81.04622928345113,91.63529411764706,88.9943523906889,93.03034248191256,79.11366052060737,78.53328884219088,79.6208444956616,61.225786070021556,60.2321313090017,62.72751412324388,76.70520440081977,75.99151674961863,77.27721023313867,74.39250690401923,73.71594401287425,74.89689850595036,2022-05-19
79.7337801608579,76.24759291981476,81.08043047769924,91.65614186851212,89.00664556464298,93.0521064013841,79.1619400759219,78.59867380694142,79.66395309110628,61.28713669813425,60.30634691146956,62.76447632498328,76.75326979675486,76.03807660600644,77.3192454581876,74.43638865158047,73.78154347048655,74.93999955297717,2022-05-20
79.77216670728735,76.2678899585669,81.1130011576895,91.67930953129915,89.01824984271784,93.07331275558352,79.20795146420824,78.66176430314533,79.70456405911062,61.34461830075075,60.37646472905671,62.79905745930276,76.79634805923233,76.08268594850301,77.35952902291324,74.4730564440824,73.84479749865892,74.98090606560308,2022-05-21
79.81138800877406,76.28715452108214,81.14329423592493,91.70180088078013,89.02883886442277,93.09343464926079,79.2456046637744,78.72155931399132,79.74275162689804,61.39980301791422,60.44346502638817,62.83165390619193,76.8352651124089,76.12475669137248,77.39787582630939,74.51660441459876,73.90473119027277,75.0195508910655,2022-05-22
