,0,1,2,3,4,5,6,7,8,9,10,11,12,13,14,15,16,17,18,19,20,21,22,23,24,25,26,27,28,29,30,31,32,33,34,35,36,37,38,39,40,41,42,43,44,45,46,47,48,49,50,51,52,53,54,55,56,57,58,59,60,61,62,63,64,65,66,67,68,69,70,71,72,73,74,75,76,77,78,79,80,81,82,83,84,85,86,87,88,89,90,91,92,93,94,95,96,97,98,99,p1,median,p2,time
0,0.0,0.0,0.0,0.0,0.0,0.0,0.0,0.0,0.0,0.0,0.0,0.0,0.0,0.0,0.0,0.0,0.0,0.0,0.0,0.0,0.0,0.0,0.0,0.0,0.0,0.0,0.0,0.0,0.0,0.0,0.0,0.0,0.0,0.0,0.0,0.0,0.0,0.0,0.0,0.0,0.0,0.0,0.0,0.0,0.0,0.0,0.0,0.0,0.0,0.0,0.0,0.0,0.0,0.0,0.0,0.0,0.0,0.0,0.0,0.0,0.0,0.0,0.0,0.0,0.0,0.0,0.0,0.0,0.0,0.0,0.0,0.0,0.0,0.0,0.0,0.0,0.0,0.0,0.0,0.0,0.0,0.0,0.0,0.0,0.0,0.0,0.0,0.0,0.0,0.0,0.0,0.0,0.0,0.0,0.0,0.0,0.0,0.0,0.0,0.0,0.0,0.0,0.0,2021-05-30
1,0.0,0.0,0.0,0.0,0.0,0.0,0.0,0.0,0.0,0.0,0.0,0.0,0.0,0.0,0.0,0.0,0.0,0.0,0.0,0.0,0.0,0.0,0.0,0.0,0.0,0.0,0.0,0.0,0.0,0.0,0.0,0.0,0.0,0.0,0.0,0.0,0.0,0.0,0.0,0.0,0.0,0.0,0.0,0.0,0.0,0.0,0.0,0.0,0.0,0.0,0.0,0.0,0.0,0.0,0.0,0.0,0.0,0.0,0.0,0.0,0.0,0.0,0.0,0.0,0.0,0.0,0.0,0.0,0.0,0.0,0.0,0.0,0.0,0.0,0.0,0.0,0.0,0.0,0.0,0.0,0.0,0.0,0.0,0.0,0.0,0.0,0.0,0.0,0.0,0.0,0.0,0.0,0.0,0.0,0.0,0.0,0.0,0.0,0.0,0.0,0.0,0.0,0.0,2021-05-31
2,0.0,0.0,0.0,0.0,0.0,0.0,0.0,0.0,0.0,0.0,0.0,0.0,0.0,0.0,0.0,0.0,0.0,0.0,0.0,0.0,0.0,0.0,0.0,0.0,0.0,0.0,0.0,0.0,0.0,0.0,0.0,0.0,0.0,0.0,0.0,0.0,0.0,0.0,0.0,0.0,0.0,0.0,0.0,0.0,0.0,0.0,0.0,0.0,0.0,0.0,0.0,0.0,0.0,0.0,0.0,0.0,0.0,0.0,0.0,0.0,0.0,0.0,0.0,0.0,0.0,0.0,0.0,0.0,0.0,0.0,0.0,0.0,0.0,0.0,0.0,0.0,0.0,0.0,0.0,0.0,0.0,0.0,0.0,0.0,0.0,0.0,0.0,0.0,0.0,0.0,0.0,0.0,0.0,0.0,0.0,0.0,0.0,0.0,0.0,0.0,0.0,0.0,0.0,2021-06-01
3,0.0,0.0,0.0,0.0,0.0,0.0,0.0,0.0,0.0,0.0,0.0,0.0,0.0,0.0,0.0,0.0,0.0,0.0,0.0,0.0,0.0,0.0,0.0,0.0,0.0,0.0,0.0,0.0,0.0,0.0,0.0,0.0,0.0,0.0,0.0,0.0,0.0,0.0,0.0,0.0,0.0,0.0,0.0,0.0,0.0,0.0,0.0,0.0,0.0,0.0,0.0,0.0,0.0,0.0,0.0,0.0,0.0,0.0,0.0,0.0,0.0,0.0,0.0,0.0,0.0,0.0,0.0,0.0,0.0,0.0,0.0,0.0,0.0,0.0,0.0,0.0,0.0,0.0,0.0,0.0,0.0,0.0,0.0,0.0,0.0,0.0,0.0,0.0,0.0,0.0,0.0,0.0,0.0,0.0,0.0,0.0,0.0,0.0,0.0,0.0,0.0,0.0,0.0,2021-06-02
4,0.0,0.0,0.0,0.0,0.0,0.0,0.0,0.0,0.0,0.0,0.0,0.0,0.0,0.0,0.0,0.0,0.0,0.0,0.0,0.0,0.0,0.0,0.0,0.0,0.0,0.0,0.0,0.0,0.0,0.0,0.0,0.0,0.0,0.0,0.0,0.0,0.0,0.0,0.0,0.0,0.0,0.0,0.0,0.0,0.0,0.0,0.0,0.0,0.0,0.0,0.0,0.0,0.0,0.0,0.0,0.0,0.0,0.0,0.0,0.0,0.0,0.0,0.0,0.0,0.0,0.0,0.0,0.0,0.0,0.0,0.0,0.0,0.0,0.0,0.0,0.0,0.0,0.0,0.0,0.0,0.0,0.0,0.0,0.0,0.0,0.0,0.0,0.0,0.0,0.0,0.0,0.0,0.0,0.0,0.0,0.0,0.0,0.0,0.0,0.0,0.0,0.0,0.0,2021-06-03
5,0.0,0.0,0.0,0.0,0.0,0.0,0.0,0.0,0.0,0.0,0.0,0.0,0.0,0.0,0.0,0.0,0.0,0.0,0.0,0.0,0.0,0.0,0.0,0.0,0.0,0.0,0.0,0.0,0.0,0.0,0.0,0.0,0.0,0.0,0.0,0.0,0.0,0.0,0.0,0.0,0.0,0.0,0.0,0.0,0.0,0.0,0.0,0.0,0.0,0.0,0.0,0.0,0.0,0.0,0.0,0.0,0.0,0.0,0.0,0.0,0.0,0.0,0.0,0.0,0.0,0.0,0.0,0.0,0.0,0.0,0.0,0.0,0.0,0.0,0.0,0.0,0.0,0.0,0.0,0.0,0.0,0.0,0.0,0.0,0.0,0.0,0.0,0.0,0.0,0.0,0.0,0.0,0.0,0.0,0.0,0.0,0.0,0.0,0.0,0.0,0.0,0.0,0.0,2021-06-04
6,0.0,0.0,0.0,0.0,0.0,0.0,0.0,0.0,0.0,0.0,0.0,0.0,0.0,0.0,0.0,0.0,0.0,0.0,0.0,0.0,0.0,0.0,0.0,0.0,0.0,0.0,0.0,0.0,0.0,0.0,0.0,0.0,0.0,0.0,0.0,0.0,0.0,0.0,0.0,0.0,0.0,0.0,0.0,0.0,0.0,0.0,0.0,0.0,0.0,0.0,0.0,0.0,0.0,0.0,0.0,0.0,0.0,0.0,0.0,0.0,0.0,0.0,0.0,0.0,0.0,0.0,0.0,0.0,0.0,0.0,0.0,0.0,0.0,0.0,0.0,0.0,0.0,0.0,0.0,0.0,0.0,0.0,0.0,0.0,0.0,0.0,0.0,0.0,0.0,0.0,0.0,0.0,0.0,0.0,0.0,0.0,0.0,0.0,0.0,0.0,0.0,0.0,0.0,2021-06-05
7,0.0,0.0,0.0,0.0,0.0,0.0,0.0,0.0,0.0,0.0,0.0,0.0,0.0,0.0,0.0,0.0,0.0,0.0,0.0,0.0,0.0,0.0,0.0,0.0,0.0,0.0,0.0,0.0,0.0,0.0,0.0,0.0,0.0,0.0,0.0,0.0,0.0,0.0,0.0,0.0,0.0,0.0,0.0,0.0,0.0,0.0,0.0,0.0,0.0,0.0,0.0,0.0,0.0,0.0,0.0,0.0,0.0,0.0,0.0,0.0,0.0,0.0,0.0,0.0,0.0,0.0,0.0,0.0,0.0,0.0,0.0,0.0,0.0,0.0,0.0,0.0,0.0,0.0,0.0,0.0,0.0,0.0,0.0,0.0,0.0,0.0,0.0,0.0,0.0,0.0,0.0,0.0,0.0,0.0,0.0,0.0,0.0,0.0,0.0,0.0,0.0,0.0,0.0,2021-06-06
8,198.0,227.0,173.0,204.0,205.0,221.0,224.0,244.0,234.0,219.0,205.0,236.0,238.0,194.0,207.0,144.0,222.0,224.0,204.0,200.0,203.0,194.0,227.0,248.0,216.0,165.0,188.0,202.0,218.0,232.0,199.0,230.0,171.0,219.0,220.0,233.0,192.0,212.0,228.0,209.0,193.0,207.0,191.0,219.0,234.0,231.0,155.0,206.0,201.0,226.0,190.0,181.0,195.0,223.0,228.0,172.0,189.0,196.0,165.0,222.0,201.0,204.0,202.0,207.0,223.0,209.0,201.0,194.0,207.0,219.0,201.0,197.0,195.0,215.0,217.0,175.0,198.0,183.0,190.0,194.0,147.0,211.0,170.0,201.0,177.0,203.0,207.0,195.0,193.0,241.0,159.0,219.0,216.0,214.0,191.0,220.0,223.0,203.0,220.0,172.0,156.9,204.5,239.575,2021-06-07
9,201.0,230.0,133.0,193.0,223.0,190.0,221.0,218.0,224.0,207.0,206.0,217.0,201.0,162.0,212.0,166.0,218.0,205.0,192.0,219.0,217.0,188.0,211.0,211.0,183.0,174.0,181.0,186.0,208.0,207.0,231.0,223.0,196.0,213.0,206.0,210.0,200.0,195.0,216.0,196.0,224.0,207.0,191.0,220.0,217.0,222.0,189.0,230.0,204.0,190.0,197.0,197.0,224.0,208.0,228.0,187.0,187.0,187.0,186.0,208.0,206.0,216.0,185.0,202.0,216.0,193.0,203.0,185.0,186.0,193.0,197.0,211.0,233.0,214.0,223.0,185.0,157.0,231.0,159.0,208.0,170.0,233.0,136.0,208.0,186.0,217.0,190.0,196.0,184.0,237.0,174.0,207.0,216.0,206.0,193.0,239.0,218.0,229.0,212.0,198.0,157.95,206.0,233.0,2021-06-08
10,200.0,206.0,184.0,223.0,188.0,206.0,203.0,213.0,203.0,196.0,192.0,209.0,224.0,171.0,223.0,168.0,229.0,203.0,167.0,210.0,217.0,217.0,210.0,185.0,203.0,178.0,175.0,197.0,201.0,219.0,203.0,187.0,165.0,236.0,227.0,212.0,207.0,208.0,209.0,205.0,187.0,213.0,197.0,220.0,206.0,205.0,191.0,216.0,224.0,201.0,165.0,210.0,209.0,222.0,206.0,187.0,188.0,195.0,180.0,168.0,223.0,200.0,165.0,191.0,233.0,161.0,227.0,188.0,206.0,215.0,210.0,194.0,183.0,198.0,198.0,204.0,171.0,194.0,178.0,198.0,151.0,198.0,132.0,199.0,155.0,226.0,206.0,183.0,202.0,197.0,151.0,205.0,196.0,228.0,207.0,197.0,218.0,210.0,225.0,179.0,152.9,202.5,228.52499999999998,2021-06-09
11,197.0,208.0,165.0,226.0,220.0,210.0,213.0,225.0,228.0,182.0,199.0,233.0,208.0,166.0,198.0,144.0,217.0,211.0,192.0,201.0,186.0,200.0,207.0,201.0,185.0,169.0,181.0,188.0,210.0,199.0,199.0,188.0,175.0,222.0,182.0,202.0,193.0,169.0,216.0,205.0,165.0,217.0,202.0,221.0,222.0,226.0,198.0,208.0,208.0,191.0,202.0,193.0,228.0,195.0,173.0,171.0,202.0,173.0,172.0,218.0,220.0,208.0,199.0,217.0,189.0,184.0,182.0,190.0,171.0,189.0,221.0,185.0,214.0,225.0,203.0,172.0,181.0,196.0,161.0,170.0,151.0,233.0,161.0,196.0,167.0,200.0,198.0,168.0,200.0,217.0,165.0,226.0,204.0,194.0,182.0,206.0,218.0,222.0,220.0,199.0,161.0,199.0,228.0,2021-06-10
12,201.0,205.0,181.0,176.0,196.0,194.0,197.0,192.0,192.0,196.0,222.0,210.0,197.0,178.0,199.0,134.0,194.0,201.0,190.0,194.0,172.0,192.0,211.0,201.0,184.0,186.0,179.0,194.0,233.0,193.0,197.0,219.0,174.0,196.0,209.0,211.0,203.0,176.0,218.0,184.0,210.0,210.0,196.0,225.0,222.0,210.0,155.0,204.0,215.0,195.0,181.0,213.0,213.0,175.0,214.0,163.0,183.0,196.0,179.0,178.0,180.0,190.0,177.0,177.0,193.0,198.0,217.0,173.0,170.0,177.0,213.0,192.0,184.0,209.0,208.0,170.0,175.0,214.0,172.0,215.0,149.0,213.0,170.0,182.0,141.0,181.0,213.0,164.0,173.0,207.0,151.0,212.0,215.0,184.0,192.0,196.0,223.0,190.0,187.0,186.0,149.95,194.0,222.52499999999998,2021-06-11
13,169.0,199.0,148.0,179.0,202.0,206.0,153.0,172.0,190.0,138.0,211.0,208.0,210.0,181.0,200.0,116.0,216.0,189.0,192.0,172.0,205.0,182.0,205.0,185.0,179.0,163.0,159.0,160.0,196.0,177.0,197.0,194.0,182.0,205.0,191.0,228.0,193.0,210.0,230.0,188.0,169.0,177.0,182.0,205.0,194.0,194.0,166.0,211.0,190.0,205.0,214.0,202.0,191.0,196.0,178.0,172.0,173.0,203.0,201.0,174.0,182.0,218.0,171.0,190.0,234.0,179.0,191.0,169.0,178.0,176.0,192.0,188.0,194.0,206.0,225.0,180.0,160.0,198.0,193.0,205.0,135.0,198.0,155.0,178.0,172.0,189.0,203.0,163.0,174.0,199.0,164.0,218.0,188.0,171.0,185.0,189.0,200.0,202.0,202.0,158.0,142.75,190.0,226.575,2021-06-12
14,150.0,189.0,157.0,159.0,183.0,186.0,165.0,176.0,175.0,148.0,181.0,183.0,186.0,164.0,186.0,131.0,202.0,161.0,172.0,190.0,185.0,170.0,192.0,177.0,208.0,130.0,166.0,167.0,188.0,215.0,184.0,188.0,168.0,224.0,198.0,198.0,191.0,172.0,200.0,208.0,166.0,201.0,198.0,221.0,195.0,166.0,182.0,181.0,209.0,187.0,162.0,199.0,183.0,181.0,191.0,177.0,166.0,172.0,155.0,169.0,186.0,192.0,202.0,141.0,207.0,188.0,189.0,152.0,171.0,186.0,182.0,191.0,195.0,177.0,196.0,193.0,178.0,179.0,182.0,178.0,138.0,206.0,147.0,189.0,136.0,177.0,174.0,157.0,148.0,219.0,134.0,191.0,195.0,201.0,138.0,218.0,203.0,180.0,189.0,126.0,132.425,182.5,218.52499999999998,2021-06-13
15,148.0,178.0,132.0,164.0,180.0,164.0,190.0,178.0,170.0,151.0,188.0,187.0,199.0,162.0,197.0,130.0,157.0,163.0,143.0,163.0,176.0,175.0,185.0,204.0,183.0,158.0,179.0,186.0,173.0,168.0,141.0,175.0,163.0,179.0,163.0,186.0,180.0,180.0,181.0,153.0,176.0,173.0,176.0,170.0,169.0,202.0,158.0,158.0,162.0,156.0,156.0,169.0,185.0,165.0,177.0,164.0,166.0,173.0,174.0,160.0,191.0,194.0,176.0,167.0,184.0,167.0,178.0,147.0,168.0,186.0,170.0,185.0,205.0,171.0,162.0,169.0,177.0,162.0,156.0,194.0,150.0,187.0,148.0,168.0,142.0,189.0,159.0,139.0,175.0,165.0,148.0,172.0,144.0,167.0,152.0,161.0,174.0,156.0,171.0,164.0,139.95,169.5,200.575,2021-06-14
16,152.0,145.0,136.0,151.0,167.0,170.0,151.0,162.0,174.0,159.0,168.0,169.0,185.0,148.0,156.0,120.0,158.0,166.0,142.0,181.0,185.0,161.0,149.0,176.0,182.0,127.0,143.0,164.0,163.0,157.0,186.0,191.0,152.0,169.0,180.0,177.0,146.0,151.0,168.0,154.0,148.0,153.0,165.0,165.0,169.0,166.0,155.0,170.0,160.0,132.0,170.0,175.0,170.0,142.0,165.0,137.0,142.0,138.0,141.0,143.0,164.0,177.0,161.0,134.0,156.0,161.0,184.0,128.0,152.0,167.0,186.0,144.0,167.0,151.0,158.0,151.0,159.0,172.0,129.0,188.0,116.0,197.0,143.0,169.0,124.0,145.0,161.0,145.0,136.0,171.0,131.0,141.0,171.0,184.0,154.0,177.0,142.0,132.0,141.0,169.0,125.425,159.0,187.04999999999998,2021-06-15
17,120.0,192.0,143.0,161.0,132.0,148.0,157.0,175.0,156.0,127.0,158.0,159.0,144.0,107.0,158.0,101.0,144.0,141.0,136.0,134.0,142.0,159.0,153.0,182.0,156.0,144.0,143.0,120.0,159.0,156.0,125.0,150.0,132.0,160.0,146.0,151.0,161.0,152.0,178.0,165.0,123.0,154.0,157.0,147.0,181.0,162.0,170.0,167.0,148.0,122.0,123.0,184.0,166.0,144.0,133.0,153.0,145.0,155.0,137.0,141.0,157.0,156.0,147.0,142.0,183.0,153.0,169.0,124.0,134.0,144.0,148.0,158.0,140.0,127.0,159.0,141.0,133.0,157.0,119.0,137.0,125.0,153.0,100.0,163.0,115.0,168.0,163.0,123.0,133.0,135.0,120.0,140.0,141.0,147.0,145.0,152.0,150.0,144.0,155.0,137.0,110.8,147.0,182.52499999999998,2021-06-16
18,118.0,135.0,132.0,132.0,132.0,117.0,136.0,147.0,170.0,126.0,158.0,144.0,131.0,115.0,152.0,107.0,135.0,141.0,129.0,143.0,150.0,125.0,145.0,139.0,145.0,121.0,138.0,101.0,130.0,143.0,149.0,137.0,150.0,139.0,148.0,135.0,148.0,134.0,155.0,130.0,140.0,172.0,151.0,129.0,164.0,133.0,118.0,143.0,132.0,134.0,121.0,145.0,142.0,137.0,132.0,122.0,126.0,145.0,133.0,117.0,134.0,138.0,140.0,145.0,126.0,139.0,153.0,117.0,121.0,120.0,122.0,143.0,133.0,142.0,164.0,151.0,141.0,134.0,122.0,148.0,109.0,141.0,82.0,136.0,113.0,139.0,127.0,100.0,131.0,136.0,128.0,145.0,141.0,152.0,117.0,142.0,139.0,142.0,155.0,141.0,103.85,136.5,164.0,2021-06-17
19,98.0,124.0,119.0,118.0,115.0,129.0,124.0,130.0,131.0,105.0,141.0,134.0,135.0,127.0,140.0,95.0,142.0,124.0,121.0,116.0,115.0,125.0,129.0,130.0,124.0,119.0,123.0,111.0,131.0,102.0,120.0,121.0,122.0,117.0,128.0,139.0,118.0,129.0,119.0,146.0,105.0,112.0,113.0,104.0,124.0,136.0,127.0,124.0,137.0,122.0,108.0,126.0,138.0,126.0,143.0,125.0,135.0,131.0,111.0,117.0,111.0,122.0,144.0,121.0,140.0,119.0,123.0,90.0,132.0,113.0,127.0,122.0,134.0,141.0,121.0,125.0,136.0,133.0,104.0,120.0,104.0,143.0,118.0,102.0,101.0,126.0,139.0,86.0,128.0,136.0,115.0,132.0,127.0,133.0,99.0,113.0,134.0,109.0,125.0,115.0,96.425,124.0,143.0,2021-06-18
20,88.0,129.0,101.0,95.0,118.0,128.0,133.0,116.0,124.0,100.0,113.0,111.0,117.0,109.0,122.0,91.0,99.0,129.0,122.0,127.0,119.0,120.0,118.0,141.0,124.0,96.0,106.0,100.0,124.0,124.0,127.0,106.0,113.0,138.0,122.0,131.0,122.0,108.0,125.0,119.0,94.0,108.0,110.0,107.0,129.0,112.0,103.0,125.0,120.0,106.0,114.0,98.0,103.0,135.0,100.0,100.0,119.0,107.0,128.0,103.0,129.0,127.0,113.0,119.0,107.0,98.0,137.0,100.0,106.0,119.0,109.0,104.0,108.0,128.0,124.0,120.0,135.0,112.0,113.0,118.0,107.0,134.0,95.0,104.0,90.0,126.0,110.0,86.0,131.0,116.0,109.0,110.0,113.0,109.0,76.0,116.0,104.0,103.0,129.0,96.0,88.95,113.0,136.04999999999998,2021-06-19
21,97.0,97.0,99.0,120.0,104.0,102.0,103.0,119.0,98.0,81.0,109.0,85.0,102.0,94.0,117.0,101.0,110.0,111.0,95.0,88.0,97.0,110.0,125.0,97.0,111.0,93.0,125.0,92.0,109.0,110.0,87.0,100.0,113.0,119.0,120.0,91.0,105.0,98.0,130.0,125.0,101.0,96.0,103.0,97.0,125.0,124.0,102.0,122.0,120.0,111.0,113.0,109.0,94.0,120.0,98.0,113.0,106.0,100.0,107.0,72.0,97.0,112.0,112.0,89.0,103.0,100.0,112.0,78.0,94.0,113.0,125.0,112.0,96.0,117.0,120.0,108.0,105.0,116.0,92.0,91.0,83.0,130.0,95.0,102.0,94.0,128.0,109.0,92.0,89.0,122.0,81.0,92.0,98.0,115.0,102.0,99.0,118.0,105.0,113.0,102.0,81.0,103.0,126.57499999999997,2021-06-20
22,72.0,113.0,96.0,83.0,85.0,124.0,98.0,91.0,103.0,86.0,85.0,89.0,101.0,82.0,112.0,62.0,107.0,110.0,83.0,108.0,95.0,97.0,110.0,101.0,98.0,97.0,100.0,85.0,98.0,88.0,95.0,119.0,109.0,112.0,107.0,103.0,117.0,82.0,118.0,92.0,89.0,115.0,109.0,99.0,111.0,99.0,102.0,101.0,115.0,81.0,106.0,103.0,88.0,70.0,84.0,91.0,87.0,79.0,83.0,91.0,84.0,108.0,93.0,82.0,102.0,91.0,107.0,80.0,91.0,103.0,113.0,90.0,121.0,113.0,108.0,96.0,93.0,95.0,68.0,116.0,84.0,94.0,68.0,100.0,94.0,87.0,97.0,82.0,89.0,89.0,94.0,105.0,98.0,101.0,92.0,91.0,119.0,77.0,90.0,90.0,68.95,95.5,119.0,2021-06-21
23,65.0,96.0,80.0,96.0,90.0,80.0,101.0,107.0,85.0,52.0,87.0,82.0,80.0,82.0,92.0,73.0,94.0,88.0,94.0,84.0,95.0,80.0,108.0,78.0,89.0,87.0,82.0,74.0,75.0,88.0,95.0,100.0,92.0,100.0,90.0,82.0,95.0,80.0,107.0,91.0,87.0,98.0,90.0,90.0,97.0,94.0,80.0,98.0,81.0,86.0,94.0,99.0,90.0,81.0,78.0,82.0,93.0,74.0,94.0,87.0,116.0,84.0,81.0,75.0,99.0,92.0,97.0,68.0,82.0,111.0,105.0,92.0,96.0,97.0,98.0,80.0,78.0,85.0,90.0,93.0,82.0,102.0,73.0,103.0,68.0,106.0,83.0,67.0,103.0,108.0,64.0,79.0,111.0,85.0,68.0,84.0,86.0,70.0,89.0,101.0,65.95,88.5,109.57499999999997,2021-06-22
24,59.0,86.0,88.0,88.0,79.0,87.0,72.0,77.0,90.0,73.0,88.0,79.0,76.0,78.0,87.0,73.0,77.0,99.0,75.0,81.0,93.0,84.0,84.0,74.0,105.0,84.0,84.0,64.0,82.0,81.0,95.0,82.0,98.0,88.0,69.0,77.0,73.0,79.0,97.0,102.0,71.0,92.0,79.0,70.0,85.0,81.0,88.0,70.0,86.0,68.0,77.0,82.0,81.0,70.0,88.0,78.0,86.0,67.0,80.0,73.0,78.0,68.0,95.0,81.0,78.0,94.0,77.0,53.0,87.0,70.0,85.0,103.0,81.0,83.0,94.0,83.0,94.0,70.0,80.0,69.0,78.0,75.0,58.0,76.0,78.0,85.0,94.0,63.0,96.0,80.0,68.0,87.0,75.0,64.0,62.0,101.0,78.0,64.0,83.0,84.0,60.425,80.5,101.52499999999999,2021-06-23
25,64.0,77.0,78.0,83.0,81.0,70.0,74.0,88.0,70.0,67.0,61.0,77.0,85.0,80.0,78.0,73.0,76.0,90.0,87.0,76.0,78.0,70.0,97.0,73.0,77.0,72.0,92.0,60.0,77.0,90.0,82.0,88.0,75.0,75.0,66.0,78.0,85.0,66.0,81.0,71.0,68.0,77.0,83.0,70.0,87.0,68.0,80.0,79.0,89.0,65.0,79.0,87.0,65.0,70.0,70.0,74.0,69.0,62.0,74.0,51.0,65.0,70.0,66.0,66.0,78.0,87.0,89.0,50.0,61.0,59.0,74.0,83.0,80.0,68.0,82.0,81.0,73.0,85.0,60.0,78.0,47.0,87.0,67.0,75.0,60.0,98.0,70.0,56.0,87.0,70.0,71.0,87.0,81.0,82.0,44.0,86.0,81.0,77.0,84.0,67.0,50.475,76.0,91.04999999999998,2021-06-24
26,47.0,89.0,58.0,57.0,54.0,57.0,82.0,53.0,59.0,53.0,88.0,72.0,56.0,61.0,67.0,57.0,67.0,67.0,70.0,62.0,81.0,71.0,89.0,82.0,75.0,70.0,76.0,43.0,79.0,66.0,60.0,64.0,60.0,80.0,60.0,62.0,64.0,72.0,86.0,73.0,58.0,75.0,85.0,64.0,76.0,57.0,72.0,74.0,75.0,65.0,72.0,96.0,68.0,59.0,64.0,86.0,68.0,66.0,70.0,56.0,65.0,63.0,76.0,68.0,73.0,78.0,58.0,48.0,55.0,64.0,57.0,72.0,78.0,76.0,80.0,66.0,62.0,62.0,74.0,90.0,61.0,86.0,63.0,70.0,57.0,76.0,74.0,44.0,75.0,67.0,56.0,65.0,100.0,61.0,48.0,61.0,74.0,55.0,68.0,85.0,47.475,67.0,89.52499999999999,2021-06-25
27,51.0,61.0,56.0,46.0,53.0,48.0,67.0,45.0,55.0,49.0,69.0,58.0,62.0,53.0,55.0,53.0,48.0,70.0,44.0,62.0,66.0,73.0,52.0,60.0,71.0,58.0,60.0,59.0,65.0,80.0,67.0,78.0,50.0,69.0,61.0,79.0,74.0,50.0,80.0,65.0,54.0,61.0,46.0,68.0,56.0,75.0,59.0,63.0,69.0,46.0,62.0,81.0,51.0,58.0,59.0,79.0,66.0,48.0,43.0,54.0,52.0,55.0,58.0,54.0,63.0,59.0,70.0,36.0,47.0,58.0,65.0,65.0,58.0,66.0,61.0,62.0,68.0,64.0,54.0,50.0,55.0,76.0,61.0,73.0,48.0,46.0,59.0,49.0,62.0,67.0,52.0,76.0,69.0,78.0,53.0,59.0,72.0,59.0,51.0,58.0,44.475,59.0,79.52499999999999,2021-06-26
28,58.0,64.0,47.0,50.0,47.0,59.0,61.0,54.0,48.0,51.0,48.0,63.0,60.0,76.0,62.0,42.0,59.0,54.0,59.0,53.0,52.0,59.0,66.0,58.0,54.0,56.0,67.0,42.0,49.0,62.0,56.0,65.0,63.0,52.0,51.0,58.0,64.0,46.0,58.0,66.0,57.0,60.0,44.0,56.0,67.0,68.0,65.0,59.0,70.0,58.0,54.0,59.0,67.0,51.0,60.0,55.0,64.0,47.0,47.0,52.0,54.0,47.0,69.0,64.0,49.0,56.0,68.0,36.0,52.0,69.0,67.0,64.0,67.0,58.0,56.0,61.0,69.0,45.0,66.0,52.0,47.0,63.0,48.0,47.0,46.0,64.0,56.0,48.0,65.0,51.0,49.0,62.0,64.0,61.0,55.0,72.0,70.0,54.0,56.0,58.0,42.95,58.0,70.0,2021-06-27
29,45.0,52.0,39.0,50.0,57.0,55.0,55.0,52.0,52.0,35.0,61.0,58.0,61.0,49.0,52.0,40.0,39.0,56.0,46.0,42.0,49.0,46.0,53.0,67.0,63.0,68.0,54.0,56.0,56.0,62.0,40.0,56.0,53.0,58.0,60.0,48.0,61.0,52.0,52.0,61.0,42.0,49.0,68.0,64.0,49.0,45.0,54.0,56.0,56.0,51.0,48.0,55.0,39.0,45.0,48.0,47.0,61.0,39.0,59.0,47.0,51.0,43.0,52.0,36.0,55.0,42.0,60.0,34.0,36.0,66.0,65.0,45.0,43.0,55.0,45.0,49.0,56.0,49.0,52.0,56.0,43.0,54.0,37.0,54.0,49.0,47.0,64.0,40.0,52.0,42.0,46.0,60.0,52.0,57.0,42.0,59.0,52.0,47.0,49.0,49.0,36.0,52.0,66.52499999999999,2021-06-28
30,38.0,66.0,37.0,31.0,50.0,42.0,67.0,61.0,54.0,47.0,60.0,43.0,43.0,40.0,44.0,37.0,38.0,45.0,49.0,58.0,58.0,62.0,54.0,59.0,58.0,56.0,33.0,38.0,53.0,45.0,39.0,44.0,40.0,45.0,34.0,53.0,62.0,37.0,57.0,54.0,30.0,41.0,54.0,56.0,39.0,42.0,55.0,55.0,49.0,47.0,47.0,45.0,38.0,41.0,59.0,45.0,50.0,43.0,53.0,39.0,45.0,53.0,59.0,41.0,49.0,50.0,44.0,35.0,45.0,33.0,56.0,59.0,51.0,54.0,54.0,43.0,58.0,41.0,38.0,49.0,53.0,46.0,47.0,57.0,64.0,45.0,48.0,29.0,41.0,44.0,41.0,49.0,42.0,47.0,33.0,39.0,47.0,39.0,52.0,49.0,31.95,47.0,63.04999999999998,2021-06-29
31,40.0,45.0,45.0,48.0,48.0,43.0,41.0,32.0,45.0,30.0,52.0,43.0,50.0,43.0,43.0,45.0,43.0,44.0,41.0,33.0,33.0,47.0,35.0,41.0,52.0,33.0,35.0,43.0,46.0,59.0,39.0,44.0,49.0,46.0,47.0,42.0,51.0,55.0,38.0,50.0,39.0,49.0,41.0,38.0,44.0,45.0,49.0,49.0,40.0,35.0,45.0,46.0,47.0,35.0,48.0,44.0,36.0,34.0,59.0,28.0,33.0,39.0,49.0,44.0,33.0,42.0,41.0,30.0,50.0,39.0,46.0,54.0,46.0,46.0,49.0,39.0,35.0,45.0,47.0,58.0,38.0,52.0,49.0,56.0,45.0,54.0,38.0,27.0,45.0,42.0,47.0,40.0,41.0,35.0,30.0,44.0,47.0,45.0,50.0,44.0,30.0,44.0,57.04999999999998,2021-06-30
32,34.0,39.0,33.0,34.0,39.0,27.0,36.0,42.0,41.0,32.0,40.0,55.0,50.0,43.0,40.0,35.0,45.0,47.0,51.0,44.0,29.0,53.0,32.0,36.0,45.0,35.0,33.0,32.0,46.0,50.0,33.0,36.0,41.0,47.0,39.0,46.0,47.0,27.0,45.0,46.0,31.0,47.0,48.0,30.0,39.0,43.0,52.0,56.0,39.0,29.0,33.0,42.0,38.0,48.0,28.0,36.0,46.0,37.0,34.0,35.0,33.0,38.0,48.0,31.0,39.0,54.0,39.0,27.0,33.0,42.0,44.0,47.0,39.0,37.0,46.0,36.0,48.0,28.0,41.0,42.0,38.0,48.0,41.0,52.0,46.0,33.0,51.0,22.0,47.0,39.0,40.0,49.0,40.0,37.0,39.0,37.0,35.0,32.0,39.0,36.0,27.0,39.0,53.52499999999999,2021-07-01
33,23.0,40.0,37.0,29.0,43.0,25.0,47.0,47.0,38.0,26.0,38.0,32.0,41.0,32.0,34.0,29.0,24.0,27.0,52.0,37.0,32.0,43.0,36.0,36.0,43.0,35.0,42.0,31.0,34.0,42.0,34.0,42.0,41.0,53.0,38.0,40.0,43.0,36.0,45.0,33.0,25.0,29.0,43.0,25.0,48.0,41.0,34.0,33.0,52.0,31.0,37.0,43.0,31.0,37.0,35.0,39.0,45.0,25.0,34.0,25.0,32.0,49.0,46.0,32.0,40.0,36.0,39.0,20.0,40.0,24.0,37.0,45.0,49.0,34.0,56.0,39.0,38.0,35.0,38.0,43.0,40.0,30.0,33.0,43.0,41.0,43.0,36.0,14.0,34.0,37.0,28.0,42.0,30.0,36.0,26.0,34.0,39.0,32.0,35.0,38.0,23.475,37.0,52.0,2021-07-02
34,21.0,46.0,35.0,21.0,25.0,24.0,28.0,27.0,32.0,28.0,43.0,29.0,48.0,26.0,40.0,34.0,27.0,32.0,41.0,27.0,36.0,37.0,32.0,44.0,24.0,37.0,30.0,32.0,41.0,31.0,26.0,37.0,33.0,34.0,36.0,37.0,38.0,23.0,31.0,49.0,29.0,33.0,37.0,28.0,36.0,31.0,41.0,38.0,39.0,38.0,44.0,25.0,37.0,37.0,32.0,32.0,32.0,27.0,43.0,22.0,31.0,35.0,34.0,26.0,30.0,35.0,34.0,23.0,24.0,29.0,47.0,35.0,38.0,25.0,44.0,24.0,27.0,33.0,27.0,42.0,30.0,49.0,41.0,37.0,31.0,43.0,30.0,19.0,30.0,33.0,30.0,33.0,40.0,36.0,29.0,38.0,34.0,20.0,41.0,46.0,21.0,33.0,47.52499999999999,2021-07-03
35,22.0,28.0,28.0,26.0,22.0,36.0,36.0,35.0,31.0,22.0,33.0,32.0,33.0,31.0,23.0,20.0,24.0,31.0,26.0,29.0,30.0,42.0,34.0,25.0,42.0,33.0,36.0,23.0,40.0,39.0,28.0,38.0,33.0,33.0,32.0,34.0,32.0,21.0,51.0,30.0,27.0,38.0,37.0,22.0,32.0,38.0,31.0,36.0,38.0,19.0,40.0,27.0,33.0,20.0,27.0,24.0,33.0,32.0,34.0,33.0,27.0,33.0,22.0,22.0,34.0,26.0,31.0,19.0,30.0,23.0,40.0,26.0,28.0,41.0,43.0,32.0,38.0,28.0,33.0,30.0,28.0,45.0,31.0,28.0,27.0,32.0,30.0,24.0,23.0,30.0,27.0,34.0,31.0,32.0,18.0,38.0,30.0,29.0,31.0,36.0,19.475,31.0,42.52499999999999,2021-07-04
36,25.0,28.0,32.0,25.0,25.0,23.0,31.0,30.0,25.0,15.0,31.0,23.0,30.0,31.0,31.0,24.0,32.0,30.0,26.0,28.0,32.0,27.0,32.0,32.0,31.0,36.0,29.0,17.0,39.0,30.0,20.0,35.0,31.0,28.0,30.0,29.0,37.0,27.0,34.0,33.0,29.0,37.0,37.0,27.0,31.0,20.0,29.0,24.0,30.0,26.0,30.0,29.0,20.0,24.0,28.0,38.0,21.0,21.0,27.0,21.0,26.0,29.0,16.0,26.0,33.0,26.0,32.0,20.0,20.0,21.0,22.0,35.0,21.0,23.0,34.0,32.0,37.0,26.0,22.0,35.0,26.0,27.0,18.0,33.0,28.0,28.0,27.0,18.0,24.0,37.0,28.0,31.0,30.0,25.0,19.0,27.0,25.0,20.0,26.0,29.0,17.475,28.0,37.0,2021-07-05
37,18.0,22.0,17.0,27.0,28.0,21.0,17.0,15.0,22.0,16.0,23.0,21.0,21.0,42.0,25.0,26.0,18.0,28.0,26.0,32.0,20.0,25.0,37.0,35.0,32.0,32.0,23.0,13.0,27.0,29.0,16.0,31.0,23.0,35.0,37.0,31.0,24.0,21.0,32.0,34.0,19.0,28.0,22.0,25.0,31.0,30.0,30.0,27.0,21.0,23.0,32.0,35.0,22.0,21.0,23.0,32.0,32.0,21.0,29.0,19.0,18.0,22.0,23.0,25.0,26.0,32.0,29.0,15.0,16.0,21.0,31.0,31.0,14.0,23.0,33.0,33.0,32.0,23.0,25.0,34.0,20.0,28.0,22.0,28.0,37.0,35.0,36.0,16.0,30.0,23.0,28.0,24.0,13.0,15.0,17.0,17.0,30.0,20.0,28.0,29.0,14.475,25.0,37.0,2021-07-06
38,12.0,28.0,34.0,21.0,21.0,26.0,22.0,19.0,32.0,10.0,19.0,23.0,24.0,24.0,31.0,22.0,29.0,20.0,27.0,30.0,20.0,32.0,32.0,29.0,30.0,25.0,29.0,21.0,29.0,35.0,20.0,34.0,32.0,22.0,32.0,30.0,15.0,28.0,25.0,22.0,21.0,22.0,28.0,24.0,21.0,25.0,21.0,35.0,30.0,14.0,30.0,27.0,28.0,19.0,22.0,37.0,26.0,15.0,39.0,26.0,29.0,19.0,28.0,27.0,30.0,27.0,33.0,10.0,16.0,14.0,22.0,28.0,25.0,27.0,30.0,27.0,32.0,21.0,30.0,30.0,20.0,15.0,25.0,25.0,26.0,26.0,31.0,11.0,26.0,22.0,21.0,27.0,30.0,20.0,20.0,31.0,32.0,24.0,24.0,32.0,11.475,26.0,35.0,2021-07-07
39,13.0,19.0,27.0,15.0,16.0,25.0,15.0,19.0,28.0,12.0,22.0,27.0,13.0,24.0,36.0,26.0,22.0,18.0,32.0,28.0,30.0,36.0,27.0,23.0,23.0,28.0,25.0,13.0,23.0,25.0,19.0,31.0,20.0,20.0,19.0,21.0,17.0,12.0,15.0,22.0,13.0,17.0,27.0,29.0,27.0,17.0,26.0,22.0,28.0,21.0,22.0,29.0,23.0,12.0,25.0,20.0,25.0,18.0,26.0,20.0,21.0,22.0,23.0,15.0,20.0,32.0,20.0,16.0,19.0,14.0,29.0,18.0,18.0,22.0,23.0,24.0,27.0,22.0,22.0,25.0,26.0,27.0,14.0,25.0,21.0,16.0,23.0,19.0,24.0,15.0,20.0,20.0,14.0,16.0,17.0,27.0,25.0,19.0,21.0,21.0,12.475,22.0,32.0,2021-07-08
40,11.0,29.0,23.0,26.0,15.0,25.0,23.0,25.0,21.0,6.0,29.0,21.0,16.0,23.0,25.0,21.0,21.0,22.0,24.0,14.0,18.0,22.0,21.0,20.0,38.0,20.0,20.0,10.0,20.0,24.0,11.0,16.0,30.0,24.0,26.0,31.0,21.0,25.0,28.0,21.0,25.0,26.0,22.0,16.0,9.0,27.0,18.0,20.0,19.0,10.0,17.0,28.0,14.0,17.0,11.0,19.0,25.0,12.0,28.0,16.0,23.0,14.0,22.0,23.0,12.0,24.0,21.0,11.0,16.0,18.0,22.0,18.0,20.0,20.0,22.0,22.0,21.0,18.0,13.0,31.0,25.0,22.0,17.0,15.0,24.0,22.0,28.0,7.0,27.0,24.0,17.0,27.0,20.0,17.0,11.0,25.0,19.0,14.0,28.0,24.0,9.475,21.0,30.52499999999999,2021-07-09
41,12.0,16.0,21.0,15.0,25.0,19.0,16.0,21.0,27.0,13.0,20.0,23.0,16.0,18.0,21.0,17.0,16.0,10.0,21.0,24.0,20.0,27.0,17.0,18.0,24.0,17.0,21.0,12.0,16.0,24.0,12.0,29.0,18.0,23.0,16.0,20.0,17.0,7.0,18.0,19.0,7.0,15.0,33.0,16.0,13.0,17.0,24.0,21.0,20.0,19.0,21.0,27.0,15.0,9.0,22.0,17.0,28.0,17.0,17.0,17.0,22.0,17.0,28.0,16.0,23.0,24.0,19.0,10.0,15.0,20.0,22.0,21.0,16.0,23.0,22.0,32.0,21.0,20.0,15.0,20.0,21.0,25.0,19.0,23.0,13.0,26.0,30.0,14.0,19.0,16.0,23.0,24.0,16.0,20.0,13.0,25.0,18.0,11.0,22.0,20.0,9.475,19.0,29.52499999999999,2021-07-10
42,12.0,21.0,19.0,23.0,16.0,16.0,21.0,20.0,13.0,11.0,18.0,22.0,17.0,24.0,23.0,14.0,14.0,7.0,23.0,19.0,19.0,23.0,20.0,20.0,27.0,18.0,29.0,14.0,19.0,21.0,10.0,17.0,17.0,14.0,15.0,24.0,21.0,9.0,31.0,19.0,14.0,19.0,18.0,12.0,20.0,22.0,18.0,20.0,21.0,15.0,14.0,26.0,19.0,18.0,17.0,26.0,18.0,12.0,19.0,9.0,17.0,21.0,13.0,20.0,19.0,20.0,19.0,10.0,19.0,11.0,31.0,17.0,27.0,21.0,22.0,19.0,19.0,13.0,13.0,23.0,23.0,18.0,18.0,29.0,13.0,22.0,12.0,10.0,12.0,10.0,17.0,22.0,13.0,14.0,7.0,23.0,27.0,11.0,17.0,18.0,9.0,18.5,29.0,2021-07-11
43,7.0,22.0,25.0,15.0,15.0,12.0,33.0,23.0,20.0,11.0,23.0,29.0,20.0,30.0,18.0,16.0,16.0,13.0,27.0,14.0,16.0,29.0,26.0,22.0,21.0,18.0,20.0,14.0,18.0,17.0,17.0,17.0,23.0,22.0,14.0,18.0,16.0,17.0,19.0,26.0,13.0,21.0,20.0,22.0,17.0,19.0,16.0,23.0,17.0,10.0,25.0,21.0,18.0,18.0,23.0,24.0,19.0,13.0,29.0,10.0,14.0,12.0,25.0,17.0,14.0,16.0,23.0,9.0,22.0,20.0,24.0,18.0,19.0,26.0,13.0,20.0,17.0,16.0,20.0,22.0,20.0,16.0,13.0,18.0,19.0,17.0,17.0,10.0,18.0,24.0,17.0,16.0,29.0,17.0,13.0,13.0,24.0,22.0,16.0,21.0,10.0,18.0,29.0,2021-07-12
44,14.0,18.0,32.0,12.0,14.0,14.0,16.0,15.0,16.0,8.0,15.0,18.0,20.0,16.0,23.0,16.0,12.0,13.0,27.0,25.0,17.0,22.0,18.0,15.0,21.0,17.0,20.0,15.0,23.0,17.0,14.0,21.0,12.0,17.0,14.0,18.0,19.0,14.0,21.0,20.0,17.0,18.0,22.0,24.0,20.0,15.0,21.0,23.0,18.0,13.0,9.0,22.0,15.0,15.0,31.0,19.0,19.0,14.0,23.0,12.0,9.0,28.0,23.0,18.0,19.0,25.0,15.0,8.0,17.0,8.0,20.0,14.0,15.0,16.0,17.0,31.0,19.0,12.0,19.0,15.0,18.0,19.0,9.0,23.0,15.0,21.0,25.0,9.0,16.0,12.0,16.0,24.0,13.0,18.0,9.0,35.0,18.0,21.0,13.0,17.0,8.475,17.0,31.0,2021-07-13
45,10.0,18.0,24.0,17.0,17.0,11.0,11.0,13.0,14.0,15.0,22.0,14.0,24.0,15.0,18.0,12.0,11.0,16.0,18.0,13.0,17.0,18.0,16.0,22.0,18.0,18.0,18.0,13.0,20.0,18.0,16.0,19.0,19.0,22.0,23.0,18.0,16.0,11.0,23.0,19.0,6.0,21.0,16.0,10.0,23.0,16.0,16.0,16.0,21.0,9.0,22.0,21.0,19.0,13.0,22.0,14.0,22.0,11.0,28.0,12.0,20.0,16.0,23.0,20.0,12.0,20.0,12.0,7.0,18.0,18.0,26.0,25.0,19.0,19.0,30.0,31.0,23.0,18.0,17.0,27.0,19.0,15.0,24.0,17.0,16.0,19.0,22.0,15.0,18.0,16.0,15.0,35.0,20.0,19.0,12.0,14.0,15.0,14.0,19.0,24.0,9.475,18.0,29.049999999999983,2021-07-14
46,7.0,28.0,17.0,15.0,9.0,14.0,21.0,23.0,16.0,9.0,23.0,15.0,14.0,15.0,25.0,13.0,20.0,15.0,22.0,14.0,29.0,16.0,15.0,13.0,16.0,14.0,10.0,14.0,17.0,20.0,7.0,23.0,22.0,17.0,11.0,15.0,22.0,20.0,22.0,22.0,17.0,22.0,18.0,19.0,13.0,14.0,14.0,19.0,18.0,9.0,23.0,23.0,10.0,17.0,13.0,21.0,17.0,9.0,18.0,15.0,17.0,15.0,18.0,19.0,23.0,18.0,20.0,6.0,14.0,13.0,18.0,22.0,9.0,18.0,21.0,18.0,18.0,11.0,23.0,13.0,26.0,22.0,18.0,15.0,14.0,13.0,20.0,7.0,12.0,22.0,19.0,17.0,26.0,17.0,13.0,22.0,25.0,11.0,15.0,27.0,7.0,17.0,26.52499999999999,2021-07-15
47,12.0,18.0,23.0,15.0,13.0,21.0,18.0,17.0,16.0,13.0,19.0,15.0,21.0,25.0,17.0,24.0,18.0,12.0,23.0,14.0,9.0,19.0,14.0,17.0,19.0,14.0,24.0,9.0,16.0,17.0,17.0,17.0,19.0,34.0,19.0,12.0,26.0,10.0,21.0,15.0,10.0,34.0,18.0,15.0,14.0,16.0,15.0,11.0,10.0,13.0,21.0,19.0,17.0,16.0,14.0,27.0,19.0,16.0,24.0,5.0,17.0,19.0,24.0,12.0,17.0,21.0,15.0,15.0,14.0,18.0,20.0,20.0,18.0,19.0,18.0,23.0,21.0,11.0,19.0,16.0,13.0,17.0,26.0,18.0,8.0,17.0,23.0,9.0,21.0,18.0,22.0,11.0,15.0,9.0,7.0,20.0,17.0,14.0,14.0,23.0,8.475,17.0,26.52499999999999,2021-07-16
48,7.0,15.0,14.0,12.0,27.0,18.0,14.0,20.0,19.0,16.0,17.0,20.0,14.0,12.0,19.0,18.0,7.0,18.0,23.0,16.0,16.0,15.0,21.0,13.0,19.0,19.0,16.0,10.0,18.0,18.0,13.0,19.0,26.0,22.0,15.0,20.0,16.0,11.0,25.0,13.0,12.0,17.0,24.0,14.0,19.0,21.0,21.0,18.0,22.0,12.0,19.0,20.0,17.0,11.0,20.0,15.0,25.0,8.0,20.0,12.0,17.0,20.0,7.0,21.0,19.0,18.0,23.0,13.0,13.0,19.0,28.0,31.0,17.0,22.0,17.0,25.0,24.0,15.0,17.0,10.0,16.0,17.0,13.0,27.0,28.0,20.0,32.0,7.0,11.0,11.0,26.0,12.0,14.0,15.0,9.0,27.0,20.0,13.0,13.0,28.0,7.0,17.0,28.0,2021-07-17
49,11.0,8.0,13.0,12.0,19.0,18.0,12.0,12.0,11.0,11.0,17.0,12.0,23.0,20.0,11.0,9.0,6.0,14.0,16.0,10.0,22.0,25.0,21.0,16.0,24.0,18.0,26.0,10.0,14.0,20.0,11.0,17.0,21.0,20.0,14.0,23.0,24.0,9.0,17.0,10.0,16.0,27.0,19.0,15.0,10.0,13.0,20.0,22.0,19.0,9.0,16.0,14.0,17.0,14.0,12.0,13.0,18.0,9.0,22.0,8.0,17.0,13.0,28.0,12.0,10.0,25.0,20.0,7.0,8.0,13.0,17.0,27.0,12.0,13.0,24.0,17.0,26.0,13.0,15.0,20.0,15.0,20.0,18.0,15.0,16.0,22.0,13.0,4.0,13.0,16.0,18.0,15.0,19.0,15.0,14.0,20.0,13.0,10.0,10.0,14.0,7.475,15.0,26.52499999999999,2021-07-18
50,7.0,27.0,20.0,6.0,15.0,10.0,17.0,6.0,23.0,13.0,19.0,13.0,16.0,17.0,17.0,17.0,14.0,17.0,18.0,13.0,16.0,17.0,14.0,11.0,17.0,19.0,11.0,7.0,20.0,19.0,15.0,17.0,17.0,14.0,14.0,17.0,21.0,16.0,20.0,16.0,12.0,26.0,16.0,13.0,19.0,13.0,18.0,15.0,20.0,12.0,18.0,21.0,20.0,12.0,20.0,11.0,10.0,13.0,16.0,10.0,15.0,22.0,17.0,17.0,15.0,31.0,18.0,9.0,19.0,13.0,18.0,13.0,14.0,14.0,17.0,15.0,21.0,19.0,14.0,12.0,11.0,18.0,17.0,14.0,16.0,20.0,16.0,12.0,15.0,18.0,17.0,17.0,24.0,13.0,5.0,11.0,19.0,13.0,16.0,20.0,6.475,16.0,25.049999999999983,2021-07-19
51,9.0,13.0,17.0,14.0,9.0,13.0,20.0,11.0,17.0,5.0,17.0,22.0,14.0,12.0,25.0,12.0,14.0,7.0,21.0,21.0,18.0,23.0,22.0,14.0,24.0,23.0,23.0,12.0,15.0,19.0,11.0,16.0,14.0,13.0,11.0,15.0,19.0,12.0,19.0,13.0,12.0,23.0,27.0,14.0,15.0,19.0,18.0,21.0,17.0,9.0,16.0,11.0,21.0,12.0,16.0,18.0,18.0,12.0,17.0,8.0,13.0,23.0,18.0,15.0,15.0,15.0,10.0,10.0,11.0,13.0,24.0,20.0,18.0,14.0,22.0,31.0,13.0,16.0,19.0,11.0,11.0,16.0,12.0,17.0,24.0,17.0,17.0,6.0,15.0,10.0,13.0,16.0,10.0,16.0,6.0,14.0,11.0,10.0,20.0,27.0,6.475,15.0,26.049999999999983,2021-07-20
52,12.0,11.0,10.0,17.0,12.0,13.0,10.0,12.0,16.0,13.0,16.0,9.0,18.0,15.0,17.0,11.0,17.0,13.0,27.0,8.0,9.0,12.0,18.0,18.0,16.0,12.0,22.0,7.0,12.0,18.0,10.0,23.0,25.0,28.0,10.0,24.0,14.0,12.0,16.0,23.0,8.0,13.0,21.0,5.0,15.0,9.0,12.0,20.0,18.0,8.0,22.0,22.0,10.0,11.0,12.0,19.0,10.0,14.0,18.0,12.0,11.0,10.0,16.0,9.0,13.0,21.0,14.0,8.0,17.0,13.0,19.0,21.0,11.0,20.0,20.0,19.0,27.0,11.0,13.0,14.0,15.0,15.0,18.0,17.0,17.0,22.0,13.0,7.0,21.0,15.0,32.0,17.0,18.0,16.0,14.0,13.0,12.0,14.0,12.0,19.0,7.475,14.0,27.0,2021-07-21
53,12.0,13.0,18.0,6.0,13.0,24.0,14.0,12.0,15.0,6.0,14.0,17.0,20.0,20.0,21.0,17.0,12.0,20.0,15.0,12.0,21.0,21.0,21.0,12.0,23.0,13.0,20.0,9.0,17.0,22.0,12.0,23.0,14.0,15.0,17.0,14.0,18.0,4.0,20.0,17.0,20.0,15.0,18.0,8.0,19.0,12.0,20.0,20.0,11.0,8.0,24.0,18.0,13.0,12.0,16.0,14.0,12.0,14.0,22.0,9.0,8.0,14.0,13.0,10.0,12.0,18.0,23.0,7.0,12.0,13.0,22.0,22.0,15.0,21.0,16.0,16.0,19.0,17.0,18.0,12.0,10.0,11.0,13.0,21.0,19.0,14.0,16.0,7.0,22.0,10.0,16.0,15.0,21.0,12.0,9.0,16.0,18.0,10.0,14.0,17.0,6.475,15.0,23.0,2021-07-22
54,5.0,15.0,12.0,9.0,12.0,13.0,13.0,12.0,13.0,8.0,13.0,6.0,14.0,15.0,16.0,15.0,9.0,9.0,27.0,3.0,18.0,19.0,13.0,19.0,17.0,22.0,13.0,16.0,20.0,15.0,11.0,8.0,17.0,17.0,18.0,16.0,22.0,11.0,15.0,15.0,9.0,10.0,15.0,16.0,12.0,9.0,9.0,16.0,17.0,6.0,19.0,16.0,11.0,12.0,12.0,21.0,13.0,10.0,18.0,7.0,11.0,4.0,14.0,15.0,12.0,11.0,24.0,6.0,11.0,7.0,13.0,23.0,12.0,17.0,8.0,20.0,7.0,12.0,10.0,17.0,9.0,15.0,13.0,19.0,17.0,14.0,17.0,4.0,20.0,10.0,11.0,16.0,19.0,14.0,8.0,19.0,11.0,9.0,17.0,10.0,4.475,13.0,22.52499999999999,2021-07-23
55,12.0,16.0,10.0,7.0,24.0,15.0,15.0,17.0,14.0,8.0,18.0,13.0,15.0,18.0,13.0,16.0,12.0,18.0,16.0,10.0,20.0,16.0,12.0,14.0,15.0,16.0,13.0,5.0,16.0,19.0,9.0,14.0,18.0,24.0,8.0,14.0,12.0,12.0,18.0,7.0,14.0,12.0,12.0,8.0,15.0,19.0,15.0,17.0,17.0,9.0,21.0,8.0,13.0,10.0,15.0,20.0,16.0,8.0,17.0,5.0,14.0,16.0,17.0,8.0,9.0,22.0,16.0,8.0,6.0,8.0,8.0,18.0,9.0,13.0,10.0,15.0,13.0,12.0,8.0,22.0,8.0,15.0,14.0,13.0,11.0,13.0,16.0,8.0,20.0,17.0,15.0,17.0,10.0,14.0,6.0,11.0,14.0,11.0,10.0,17.0,6.0,14.0,22.0,2021-07-24
56,10.0,17.0,19.0,11.0,8.0,12.0,10.0,17.0,18.0,8.0,16.0,21.0,20.0,14.0,16.0,17.0,11.0,15.0,19.0,7.0,7.0,18.0,10.0,8.0,14.0,22.0,8.0,9.0,5.0,11.0,11.0,20.0,21.0,16.0,12.0,13.0,16.0,9.0,8.0,8.0,9.0,11.0,14.0,10.0,10.0,18.0,16.0,14.0,12.0,13.0,12.0,10.0,16.0,13.0,15.0,13.0,8.0,3.0,9.0,10.0,20.0,13.0,17.0,10.0,21.0,17.0,10.0,8.0,8.0,10.0,17.0,14.0,14.0,12.0,18.0,21.0,19.0,9.0,11.0,19.0,22.0,11.0,17.0,16.0,17.0,15.0,10.0,7.0,13.0,16.0,16.0,10.0,16.0,14.0,12.0,10.0,7.0,8.0,17.0,20.0,7.0,13.0,21.0,2021-07-25
57,6.0,11.0,16.0,9.0,14.0,12.0,14.0,9.0,13.0,7.0,13.0,10.0,15.0,7.0,12.0,7.0,7.0,14.0,22.0,16.0,7.0,8.0,19.0,9.0,19.0,16.0,15.0,6.0,21.0,23.0,5.0,8.0,18.0,13.0,8.0,13.0,15.0,11.0,11.0,19.0,7.0,15.0,13.0,11.0,15.0,7.0,17.0,17.0,18.0,8.0,7.0,11.0,14.0,10.0,14.0,11.0,12.0,5.0,12.0,11.0,11.0,10.0,12.0,15.0,9.0,16.0,23.0,7.0,8.0,9.0,12.0,13.0,9.0,12.0,18.0,18.0,15.0,14.0,10.0,12.0,22.0,10.0,11.0,10.0,14.0,15.0,12.0,1.0,11.0,9.0,13.0,20.0,13.0,13.0,11.0,8.0,12.0,7.0,8.0,21.0,5.475,12.0,22.0,2021-07-26
58,8.0,9.0,16.0,11.0,14.0,8.0,9.0,13.0,14.0,6.0,11.0,23.0,9.0,12.0,12.0,9.0,8.0,13.0,9.0,14.0,10.0,16.0,16.0,7.0,17.0,11.0,17.0,5.0,11.0,18.0,5.0,13.0,17.0,17.0,9.0,15.0,18.0,11.0,13.0,12.0,9.0,14.0,14.0,5.0,13.0,12.0,14.0,12.0,14.0,10.0,11.0,15.0,8.0,11.0,17.0,19.0,14.0,5.0,12.0,3.0,10.0,11.0,20.0,8.0,16.0,14.0,12.0,7.0,10.0,7.0,18.0,11.0,10.0,9.0,12.0,10.0,16.0,4.0,15.0,14.0,13.0,10.0,14.0,14.0,12.0,15.0,15.0,2.0,11.0,8.0,10.0,14.0,11.0,10.0,5.0,15.0,11.0,5.0,12.0,18.0,4.475,12.0,18.52499999999999,2021-07-27
59,1.0,5.0,15.0,15.0,9.0,5.0,10.0,12.0,8.0,12.0,12.0,15.0,11.0,21.0,19.0,10.0,8.0,15.0,11.0,9.0,7.0,12.0,13.0,13.0,17.0,20.0,17.0,5.0,11.0,10.0,6.0,16.0,12.0,11.0,10.0,13.0,12.0,9.0,13.0,9.0,11.0,9.0,19.0,7.0,12.0,15.0,13.0,12.0,12.0,4.0,7.0,11.0,8.0,12.0,7.0,16.0,15.0,7.0,12.0,8.0,9.0,6.0,12.0,9.0,13.0,12.0,20.0,4.0,13.0,17.0,11.0,16.0,9.0,11.0,12.0,10.0,8.0,11.0,16.0,14.0,12.0,11.0,12.0,4.0,14.0,11.0,12.0,10.0,15.0,14.0,7.0,13.0,11.0,4.0,3.0,17.0,12.0,7.0,13.0,9.0,4.0,11.5,19.52499999999999,2021-07-28
60,5.0,9.0,14.0,9.0,15.0,16.0,11.0,7.0,8.0,3.0,8.0,8.0,11.0,15.0,11.0,10.0,6.0,4.0,8.0,14.0,11.0,15.0,12.0,8.0,12.0,15.0,14.0,5.0,12.0,11.0,5.0,16.0,13.0,12.0,3.0,17.0,17.0,8.0,8.0,17.0,3.0,10.0,12.0,4.0,5.0,18.0,14.0,9.0,18.0,7.0,12.0,6.0,5.0,5.0,10.0,7.0,14.0,5.0,13.0,4.0,6.0,9.0,19.0,10.0,5.0,10.0,12.0,4.0,7.0,9.0,15.0,11.0,10.0,9.0,10.0,11.0,15.0,11.0,14.0,12.0,11.0,14.0,10.0,9.0,18.0,12.0,10.0,6.0,19.0,7.0,12.0,15.0,8.0,10.0,3.0,10.0,9.0,8.0,10.0,17.0,3.0,10.0,18.0,2021-07-29
61,9.0,5.0,9.0,9.0,9.0,10.0,10.0,13.0,5.0,7.0,14.0,10.0,6.0,12.0,15.0,5.0,8.0,4.0,14.0,8.0,9.0,10.0,17.0,15.0,11.0,14.0,12.0,4.0,11.0,12.0,4.0,7.0,11.0,12.0,9.0,6.0,9.0,5.0,16.0,15.0,5.0,13.0,9.0,10.0,5.0,8.0,14.0,8.0,8.0,7.0,13.0,12.0,9.0,6.0,4.0,12.0,7.0,5.0,12.0,2.0,8.0,7.0,17.0,4.0,10.0,16.0,9.0,5.0,7.0,10.0,15.0,18.0,14.0,12.0,10.0,18.0,8.0,6.0,17.0,8.0,8.0,7.0,17.0,9.0,10.0,14.0,8.0,5.0,11.0,7.0,12.0,8.0,9.0,19.0,3.0,7.0,6.0,7.0,8.0,10.0,4.0,9.0,17.52499999999999,2021-07-30
62,4.0,12.0,11.0,10.0,7.0,10.0,11.0,4.0,13.0,7.0,13.0,15.0,12.0,12.0,21.0,8.0,8.0,13.0,13.0,2.0,11.0,6.0,9.0,8.0,9.0,14.0,17.0,3.0,8.0,18.0,6.0,2.0,11.0,15.0,8.0,10.0,7.0,7.0,6.0,8.0,5.0,8.0,11.0,9.0,6.0,6.0,11.0,10.0,4.0,6.0,11.0,16.0,7.0,3.0,8.0,19.0,15.0,8.0,14.0,8.0,11.0,8.0,18.0,6.0,8.0,16.0,10.0,3.0,7.0,8.0,7.0,14.0,9.0,5.0,11.0,9.0,9.0,10.0,16.0,3.0,9.0,10.0,7.0,10.0,7.0,13.0,9.0,4.0,6.0,12.0,9.0,8.0,7.0,17.0,3.0,6.0,7.0,8.0,7.0,9.0,3.0,9.0,18.0,2021-07-31
63,3.0,9.0,19.0,8.0,9.0,7.0,13.0,10.0,13.0,2.0,12.0,7.0,12.0,10.0,10.0,10.0,6.0,2.0,16.0,9.0,4.0,9.0,12.0,9.0,12.0,8.0,9.0,7.0,8.0,12.0,5.0,7.0,15.0,7.0,9.0,7.0,6.0,3.0,10.0,6.0,7.0,16.0,9.0,10.0,8.0,9.0,13.0,9.0,11.0,6.0,16.0,9.0,7.0,5.0,10.0,9.0,13.0,6.0,7.0,1.0,8.0,9.0,18.0,3.0,8.0,10.0,3.0,2.0,9.0,5.0,10.0,15.0,9.0,5.0,10.0,12.0,13.0,6.0,7.0,5.0,6.0,10.0,10.0,9.0,12.0,12.0,6.0,5.0,7.0,8.0,10.0,12.0,4.0,7.0,7.0,9.0,10.0,7.0,12.0,13.0,2.0,9.0,16.0,2021-08-01
64,4.0,7.0,8.0,9.0,6.0,10.0,8.0,5.0,6.0,8.0,9.0,7.0,10.0,9.0,9.0,10.0,6.0,9.0,8.0,11.0,4.0,5.0,13.0,14.0,7.0,12.0,6.0,1.0,12.0,6.0,9.0,10.0,9.0,13.0,9.0,13.0,12.0,2.0,4.0,7.0,3.0,10.0,6.0,12.0,4.0,7.0,5.0,13.0,4.0,3.0,11.0,11.0,6.0,7.0,8.0,7.0,13.0,6.0,18.0,5.0,7.0,12.0,6.0,4.0,7.0,11.0,14.0,6.0,3.0,6.0,4.0,7.0,7.0,13.0,10.0,11.0,8.0,6.0,13.0,10.0,4.0,9.0,12.0,4.0,15.0,7.0,11.0,1.0,14.0,9.0,8.0,7.0,7.0,11.0,4.0,7.0,7.0,8.0,9.0,8.0,2.475,8.0,14.0,2021-08-02
65,9.0,8.0,14.0,4.0,6.0,7.0,8.0,6.0,13.0,2.0,7.0,8.0,8.0,7.0,9.0,9.0,4.0,8.0,12.0,11.0,5.0,13.0,6.0,6.0,9.0,9.0,10.0,8.0,9.0,11.0,8.0,8.0,10.0,10.0,5.0,12.0,9.0,10.0,13.0,9.0,9.0,4.0,17.0,5.0,5.0,3.0,9.0,8.0,17.0,2.0,4.0,6.0,6.0,4.0,5.0,16.0,9.0,7.0,8.0,6.0,4.0,10.0,10.0,2.0,4.0,8.0,14.0,1.0,7.0,5.0,8.0,4.0,3.0,5.0,14.0,5.0,16.0,6.0,6.0,8.0,8.0,7.0,8.0,10.0,6.0,8.0,8.0,5.0,10.0,5.0,5.0,13.0,9.0,8.0,8.0,9.0,6.0,7.0,12.0,7.0,2.0,8.0,16.0,2021-08-03
66,5.0,9.0,6.0,4.0,6.0,5.0,8.0,7.0,8.0,9.0,8.0,7.0,10.0,12.0,12.0,4.0,3.0,6.0,7.0,7.0,8.0,10.0,5.0,10.0,11.0,8.0,13.0,6.0,5.0,4.0,4.0,5.0,9.0,12.0,11.0,12.0,13.0,4.0,4.0,8.0,5.0,5.0,6.0,4.0,11.0,3.0,8.0,12.0,16.0,3.0,9.0,7.0,3.0,2.0,7.0,14.0,11.0,5.0,11.0,8.0,8.0,8.0,10.0,4.0,8.0,5.0,7.0,6.0,8.0,10.0,5.0,7.0,14.0,9.0,8.0,8.0,10.0,7.0,7.0,5.0,5.0,6.0,12.0,10.0,11.0,9.0,5.0,4.0,4.0,5.0,12.0,8.0,10.0,7.0,1.0,9.0,5.0,2.0,8.0,10.0,2.475,7.5,13.524999999999991,2021-08-04
67,8.0,5.0,11.0,6.0,6.0,3.0,4.0,6.0,7.0,6.0,8.0,10.0,12.0,7.0,11.0,7.0,5.0,4.0,4.0,3.0,7.0,11.0,6.0,6.0,10.0,6.0,17.0,7.0,5.0,8.0,5.0,8.0,12.0,11.0,15.0,11.0,8.0,2.0,7.0,9.0,6.0,7.0,8.0,4.0,7.0,5.0,9.0,12.0,7.0,4.0,4.0,10.0,5.0,4.0,7.0,13.0,12.0,2.0,6.0,2.0,8.0,4.0,13.0,4.0,2.0,13.0,9.0,3.0,5.0,3.0,10.0,4.0,8.0,4.0,4.0,12.0,12.0,8.0,10.0,4.0,5.0,8.0,15.0,6.0,10.0,4.0,9.0,1.0,10.0,5.0,4.0,9.0,7.0,3.0,6.0,8.0,5.0,1.0,7.0,11.0,2.0,7.0,14.049999999999983,2021-08-05
68,2.0,6.0,6.0,3.0,8.0,3.0,11.0,9.0,8.0,1.0,8.0,6.0,5.0,16.0,7.0,13.0,7.0,5.0,3.0,11.0,5.0,8.0,10.0,16.0,11.0,8.0,8.0,3.0,6.0,9.0,4.0,12.0,8.0,12.0,8.0,7.0,5.0,6.0,12.0,11.0,5.0,7.0,9.0,0.0,4.0,4.0,10.0,9.0,10.0,2.0,7.0,15.0,8.0,1.0,8.0,11.0,10.0,4.0,6.0,5.0,2.0,5.0,6.0,4.0,7.0,11.0,8.0,3.0,4.0,4.0,5.0,6.0,7.0,6.0,7.0,2.0,7.0,5.0,1.0,4.0,9.0,10.0,10.0,5.0,8.0,13.0,6.0,4.0,4.0,6.0,6.0,10.0,11.0,5.0,2.0,8.0,2.0,5.0,4.0,10.0,1.0,6.5,14.049999999999983,2021-08-06
69,5.0,5.0,6.0,3.0,6.0,5.0,4.0,4.0,4.0,3.0,4.0,3.0,8.0,11.0,5.0,8.0,7.0,1.0,5.0,5.0,1.0,8.0,5.0,8.0,9.0,9.0,8.0,1.0,1.0,9.0,2.0,8.0,14.0,13.0,3.0,4.0,7.0,4.0,10.0,9.0,6.0,11.0,8.0,7.0,6.0,6.0,6.0,7.0,4.0,4.0,9.0,7.0,2.0,2.0,3.0,7.0,5.0,5.0,5.0,2.0,4.0,7.0,5.0,3.0,6.0,7.0,3.0,3.0,6.0,2.0,8.0,6.0,8.0,5.0,13.0,5.0,9.0,4.0,7.0,10.0,5.0,7.0,5.0,8.0,4.0,13.0,6.0,4.0,6.0,7.0,14.0,9.0,9.0,2.0,3.0,7.0,3.0,4.0,5.0,14.0,1.0,6.0,13.524999999999991,2021-08-07
70,3.0,3.0,3.0,7.0,7.0,8.0,3.0,8.0,8.0,6.0,8.0,2.0,6.0,8.0,7.0,9.0,1.0,5.0,9.0,4.0,8.0,5.0,9.0,6.0,7.0,9.0,10.0,4.0,9.0,6.0,4.0,0.0,11.0,7.0,4.0,7.0,5.0,5.0,7.0,4.0,5.0,4.0,9.0,4.0,4.0,8.0,5.0,4.0,8.0,3.0,3.0,10.0,2.0,3.0,4.0,5.0,8.0,5.0,6.0,2.0,4.0,8.0,8.0,6.0,1.0,9.0,5.0,2.0,3.0,1.0,6.0,5.0,5.0,5.0,6.0,5.0,6.0,1.0,8.0,4.0,8.0,5.0,8.0,6.0,13.0,11.0,11.0,2.0,4.0,5.0,8.0,6.0,3.0,4.0,3.0,8.0,3.0,4.0,7.0,4.0,1.0,5.0,11.0,2021-08-08
71,1.0,2.0,7.0,4.0,8.0,3.0,5.0,2.0,2.0,1.0,9.0,3.0,5.0,4.0,3.0,6.0,4.0,5.0,11.0,4.0,7.0,14.0,11.0,6.0,9.0,7.0,5.0,3.0,3.0,5.0,1.0,5.0,5.0,6.0,5.0,6.0,4.0,3.0,3.0,6.0,4.0,7.0,3.0,6.0,4.0,7.0,9.0,7.0,3.0,1.0,5.0,4.0,3.0,5.0,2.0,6.0,2.0,2.0,5.0,4.0,1.0,3.0,8.0,3.0,2.0,8.0,2.0,4.0,3.0,1.0,8.0,7.0,5.0,5.0,7.0,2.0,11.0,2.0,6.0,2.0,6.0,3.0,5.0,0.0,3.0,3.0,7.0,3.0,5.0,11.0,7.0,3.0,2.0,3.0,3.0,3.0,3.0,2.0,4.0,8.0,1.0,4.0,11.0,2021-08-09
72,5.0,0.0,5.0,1.0,2.0,2.0,2.0,6.0,2.0,1.0,9.0,7.0,5.0,9.0,3.0,4.0,2.0,6.0,5.0,2.0,0.0,4.0,6.0,3.0,6.0,7.0,8.0,3.0,1.0,6.0,3.0,5.0,5.0,8.0,2.0,2.0,5.0,4.0,4.0,7.0,3.0,3.0,6.0,3.0,3.0,5.0,2.0,8.0,7.0,2.0,6.0,5.0,4.0,3.0,4.0,2.0,8.0,2.0,4.0,2.0,1.0,0.0,7.0,1.0,2.0,6.0,4.0,1.0,6.0,1.0,5.0,4.0,6.0,1.0,3.0,7.0,7.0,5.0,5.0,1.0,3.0,6.0,5.0,4.0,2.0,5.0,4.0,2.0,7.0,5.0,5.0,3.0,4.0,10.0,2.0,6.0,8.0,2.0,4.0,5.0,0.4750000000000001,4.0,8.524999999999991,2021-08-10
73,2.0,4.0,9.0,3.0,4.0,3.0,7.0,2.0,4.0,0.0,4.0,5.0,3.0,10.0,5.0,3.0,2.0,5.0,5.0,4.0,4.0,9.0,7.0,5.0,6.0,3.0,3.0,1.0,5.0,5.0,1.0,3.0,5.0,4.0,4.0,5.0,11.0,5.0,3.0,1.0,1.0,4.0,6.0,4.0,3.0,1.0,5.0,0.0,2.0,4.0,1.0,5.0,9.0,4.0,4.0,4.0,4.0,2.0,7.0,3.0,4.0,2.0,7.0,4.0,5.0,7.0,4.0,2.0,2.0,2.0,4.0,2.0,1.0,2.0,2.0,6.0,3.0,2.0,4.0,4.0,5.0,3.0,8.0,6.0,2.0,4.0,6.0,3.0,3.0,3.0,6.0,12.0,4.0,3.0,2.0,3.0,4.0,4.0,5.0,3.0,1.0,4.0,9.524999999999991,2021-08-11
74,0.0,3.0,10.0,4.0,5.0,3.0,2.0,0.0,2.0,2.0,4.0,6.0,2.0,2.0,1.0,6.0,2.0,5.0,5.0,1.0,3.0,6.0,3.0,3.0,2.0,4.0,5.0,1.0,6.0,2.0,1.0,6.0,6.0,5.0,3.0,2.0,9.0,1.0,4.0,3.0,3.0,6.0,4.0,2.0,1.0,2.0,2.0,5.0,6.0,2.0,7.0,5.0,3.0,4.0,4.0,2.0,5.0,1.0,8.0,3.0,0.0,4.0,5.0,4.0,0.0,5.0,8.0,2.0,1.0,1.0,2.0,8.0,3.0,1.0,4.0,3.0,11.0,5.0,3.0,4.0,1.0,5.0,5.0,1.0,4.0,3.0,7.0,0.0,3.0,0.0,5.0,3.0,4.0,6.0,2.0,2.0,5.0,1.0,3.0,5.0,0.0,3.0,8.524999999999991,2021-08-12
75,2.0,4.0,1.0,2.0,0.0,3.0,5.0,1.0,3.0,3.0,1.0,6.0,2.0,1.0,5.0,5.0,4.0,3.0,5.0,0.0,6.0,7.0,7.0,2.0,3.0,3.0,9.0,0.0,4.0,2.0,3.0,6.0,6.0,3.0,3.0,2.0,3.0,1.0,2.0,6.0,1.0,3.0,3.0,2.0,1.0,1.0,6.0,5.0,3.0,2.0,4.0,6.0,1.0,1.0,5.0,3.0,4.0,3.0,5.0,2.0,2.0,4.0,3.0,4.0,1.0,8.0,4.0,1.0,2.0,1.0,5.0,2.0,3.0,1.0,1.0,4.0,4.0,4.0,5.0,2.0,2.0,4.0,4.0,3.0,7.0,1.0,3.0,2.0,1.0,2.0,3.0,6.0,1.0,3.0,1.0,4.0,4.0,0.0,7.0,4.0,0.0,3.0,7.0,2021-08-13
76,2.0,4.0,11.0,0.0,2.0,6.0,6.0,2.0,7.0,1.0,3.0,3.0,5.0,6.0,2.0,4.0,0.0,4.0,1.0,2.0,1.0,1.0,3.0,0.0,6.0,4.0,5.0,2.0,7.0,3.0,1.0,7.0,4.0,4.0,3.0,6.0,6.0,0.0,3.0,2.0,0.0,4.0,1.0,1.0,3.0,3.0,5.0,10.0,3.0,4.0,2.0,5.0,4.0,1.0,1.0,5.0,3.0,2.0,1.0,1.0,2.0,2.0,5.0,4.0,2.0,5.0,1.0,0.0,2.0,0.0,3.0,2.0,1.0,1.0,3.0,3.0,1.0,3.0,3.0,5.0,2.0,3.0,1.0,2.0,4.0,1.0,8.0,0.0,4.0,3.0,4.0,5.0,3.0,1.0,2.0,4.0,1.0,3.0,6.0,3.0,0.0,3.0,7.5249999999999915,2021-08-14
77,0.0,1.0,4.0,1.0,1.0,2.0,2.0,1.0,2.0,0.0,2.0,1.0,4.0,4.0,3.0,4.0,2.0,0.0,5.0,0.0,5.0,1.0,2.0,3.0,4.0,2.0,5.0,2.0,3.0,1.0,2.0,3.0,7.0,1.0,1.0,1.0,4.0,3.0,1.0,2.0,2.0,4.0,4.0,4.0,3.0,1.0,3.0,5.0,5.0,0.0,2.0,5.0,1.0,0.0,1.0,3.0,4.0,1.0,3.0,1.0,2.0,2.0,3.0,1.0,2.0,8.0,4.0,1.0,2.0,3.0,5.0,3.0,1.0,3.0,1.0,1.0,2.0,4.0,2.0,1.0,0.0,3.0,6.0,2.0,2.0,9.0,4.0,0.0,5.0,2.0,4.0,3.0,4.0,5.0,3.0,2.0,3.0,0.0,2.0,1.0,0.0,2.0,6.5249999999999915,2021-08-15
78,1.0,0.0,2.0,3.0,3.0,1.0,2.0,1.0,0.0,3.0,1.0,2.0,5.0,3.0,0.0,1.0,1.0,3.0,2.0,0.0,1.0,1.0,2.0,2.0,5.0,4.0,2.0,1.0,2.0,5.0,1.0,2.0,4.0,1.0,5.0,2.0,2.0,0.0,4.0,2.0,4.0,2.0,1.0,3.0,1.0,4.0,7.0,4.0,1.0,2.0,2.0,2.0,0.0,1.0,0.0,4.0,2.0,1.0,5.0,2.0,3.0,4.0,1.0,1.0,1.0,4.0,1.0,3.0,2.0,1.0,1.0,2.0,2.0,1.0,3.0,4.0,1.0,1.0,1.0,1.0,5.0,0.0,2.0,4.0,3.0,5.0,2.0,0.0,3.0,7.0,2.0,2.0,1.0,1.0,3.0,2.0,4.0,1.0,4.0,6.0,0.0,2.0,5.5249999999999915,2021-08-16
79,3.0,0.0,4.0,0.0,1.0,2.0,2.0,0.0,0.0,2.0,1.0,0.0,1.0,3.0,4.0,3.0,2.0,5.0,2.0,2.0,6.0,3.0,6.0,0.0,4.0,2.0,4.0,1.0,2.0,0.0,1.0,4.0,4.0,3.0,3.0,2.0,2.0,1.0,3.0,3.0,0.0,3.0,3.0,0.0,0.0,2.0,3.0,4.0,1.0,0.0,3.0,4.0,0.0,2.0,0.0,2.0,2.0,2.0,4.0,0.0,3.0,3.0,3.0,1.0,1.0,4.0,1.0,0.0,0.0,3.0,1.0,1.0,3.0,5.0,3.0,2.0,4.0,1.0,8.0,2.0,2.0,2.0,4.0,2.0,0.0,1.0,1.0,3.0,4.0,1.0,2.0,2.0,4.0,0.0,2.0,4.0,0.0,1.0,2.0,2.0,0.0,2.0,5.5249999999999915,2021-08-17
80,0.0,1.0,6.0,2.0,0.0,3.0,1.0,0.0,2.0,3.0,1.0,7.0,0.0,1.0,1.0,2.0,1.0,1.0,3.0,1.0,0.0,3.0,4.0,5.0,0.0,3.0,1.0,3.0,1.0,4.0,1.0,0.0,2.0,0.0,1.0,1.0,2.0,0.0,4.0,2.0,1.0,3.0,1.0,1.0,3.0,0.0,0.0,2.0,1.0,1.0,4.0,3.0,2.0,2.0,2.0,5.0,5.0,2.0,2.0,0.0,3.0,2.0,3.0,2.0,1.0,2.0,3.0,0.0,0.0,0.0,3.0,1.0,2.0,2.0,0.0,2.0,2.0,3.0,2.0,2.0,3.0,3.0,0.0,4.0,4.0,6.0,2.0,1.0,2.0,1.0,2.0,4.0,2.0,1.0,1.0,1.0,2.0,1.0,2.0,5.0,0.0,2.0,5.5249999999999915,2021-08-18
81,1.0,3.0,2.0,2.0,0.0,0.0,7.0,2.0,1.0,0.0,3.0,1.0,0.0,2.0,2.0,5.0,0.0,2.0,1.0,1.0,0.0,0.0,1.0,2.0,2.0,4.0,1.0,0.0,1.0,1.0,0.0,3.0,1.0,2.0,1.0,3.0,3.0,2.0,3.0,0.0,0.0,2.0,2.0,2.0,2.0,1.0,3.0,2.0,1.0,0.0,2.0,0.0,0.0,1.0,2.0,2.0,2.0,1.0,2.0,1.0,0.0,1.0,1.0,0.0,1.0,2.0,1.0,0.0,1.0,2.0,0.0,1.0,1.0,1.0,4.0,0.0,0.0,0.0,0.0,4.0,3.0,2.0,1.0,1.0,1.0,1.0,1.0,1.0,0.0,1.0,1.0,1.0,1.0,1.0,0.0,0.0,1.0,0.0,2.0,3.0,0.0,1.0,4.0,2021-08-19
82,1.0,4.0,3.0,1.0,0.0,1.0,0.0,1.0,1.0,1.0,0.0,1.0,3.0,1.0,0.0,0.0,0.0,1.0,2.0,0.0,2.0,2.0,2.0,1.0,2.0,0.0,5.0,2.0,3.0,3.0,1.0,2.0,2.0,3.0,1.0,1.0,2.0,2.0,2.0,1.0,1.0,2.0,2.0,1.0,0.0,2.0,1.0,3.0,5.0,3.0,0.0,4.0,1.0,4.0,0.0,1.0,1.0,1.0,1.0,1.0,0.0,2.0,0.0,2.0,1.0,2.0,3.0,1.0,0.0,2.0,1.0,2.0,1.0,1.0,2.0,1.0,2.0,0.0,2.0,2.0,0.0,2.0,1.0,1.0,0.0,0.0,1.0,1.0,2.0,1.0,5.0,2.0,1.0,0.0,0.0,0.0,0.0,0.0,1.0,0.0,0.0,1.0,4.5249999999999915,2021-08-20
83,1.0,0.0,2.0,1.0,0.0,2.0,2.0,2.0,2.0,0.0,0.0,1.0,0.0,2.0,1.0,1.0,1.0,1.0,1.0,0.0,1.0,3.0,1.0,1.0,3.0,1.0,2.0,1.0,0.0,0.0,2.0,0.0,0.0,2.0,0.0,2.0,2.0,0.0,3.0,0.0,0.0,1.0,3.0,1.0,4.0,2.0,1.0,0.0,1.0,1.0,1.0,1.0,0.0,2.0,3.0,1.0,0.0,1.0,1.0,0.0,1.0,2.0,1.0,0.0,2.0,3.0,0.0,0.0,0.0,1.0,3.0,0.0,0.0,2.0,1.0,1.0,1.0,0.0,1.0,3.0,3.0,5.0,0.0,0.0,0.0,2.0,1.0,0.0,3.0,2.0,2.0,0.0,2.0,1.0,0.0,1.0,2.0,0.0,1.0,3.0,0.0,1.0,3.0,2021-08-21
84,0.0,1.0,0.0,0.0,1.0,1.0,1.0,1.0,1.0,1.0,1.0,1.0,1.0,1.0,0.0,1.0,1.0,2.0,5.0,1.0,1.0,1.0,1.0,3.0,1.0,0.0,1.0,0.0,2.0,0.0,1.0,1.0,1.0,1.0,3.0,1.0,1.0,0.0,1.0,1.0,0.0,0.0,2.0,1.0,1.0,0.0,2.0,2.0,0.0,2.0,0.0,3.0,1.0,0.0,1.0,1.0,0.0,1.0,0.0,2.0,1.0,0.0,2.0,0.0,1.0,1.0,1.0,0.0,1.0,1.0,1.0,1.0,2.0,0.0,1.0,1.0,0.0,1.0,2.0,2.0,0.0,1.0,2.0,1.0,0.0,1.0,0.0,0.0,1.0,3.0,2.0,2.0,0.0,0.0,1.0,0.0,1.0,2.0,1.0,4.0,0.0,1.0,3.0,2021-08-22
85,0.0,0.0,0.0,0.0,1.0,0.0,0.0,0.0,1.0,0.0,2.0,2.0,1.0,1.0,0.0,1.0,0.0,0.0,0.0,1.0,0.0,2.0,0.0,0.0,4.0,2.0,0.0,2.0,1.0,2.0,0.0,0.0,3.0,1.0,0.0,0.0,3.0,0.0,3.0,0.0,0.0,1.0,0.0,1.0,0.0,2.0,2.0,0.0,0.0,0.0,0.0,2.0,0.0,0.0,1.0,1.0,1.0,0.0,0.0,0.0,1.0,0.0,2.0,0.0,1.0,3.0,1.0,0.0,0.0,1.0,2.0,0.0,0.0,0.0,1.0,1.0,1.0,0.0,2.0,1.0,1.0,2.0,2.0,1.0,2.0,1.0,0.0,0.0,0.0,2.0,1.0,1.0,1.0,0.0,0.0,1.0,1.0,0.0,0.0,1.0,0.0,1.0,3.0,2021-08-23
86,0.0,1.0,1.0,3.0,0.0,1.0,0.0,1.0,1.0,0.0,0.0,1.0,1.0,2.0,1.0,0.0,0.0,1.0,2.0,1.0,1.0,0.0,1.0,1.0,0.0,0.0,1.0,0.0,1.0,2.0,0.0,1.0,0.0,0.0,1.0,0.0,2.0,0.0,2.0,1.0,0.0,1.0,1.0,0.0,0.0,1.0,1.0,1.0,0.0,1.0,2.0,0.0,0.0,1.0,2.0,0.0,2.0,1.0,1.0,1.0,1.0,2.0,1.0,1.0,1.0,1.0,2.0,0.0,0.0,0.0,3.0,1.0,0.0,0.0,2.0,1.0,0.0,2.0,0.0,1.0,1.0,0.0,1.0,1.0,2.0,0.0,3.0,0.0,1.0,1.0,0.0,1.0,1.0,0.0,0.0,0.0,2.0,0.0,2.0,0.0,0.0,1.0,2.5249999999999915,2021-08-24
87,1.0,1.0,1.0,0.0,0.0,0.0,1.0,1.0,3.0,1.0,0.0,0.0,2.0,2.0,0.0,0.0,0.0,3.0,0.0,0.0,0.0,0.0,1.0,0.0,1.0,1.0,0.0,1.0,0.0,0.0,0.0,0.0,0.0,1.0,0.0,1.0,2.0,0.0,0.0,0.0,0.0,2.0,2.0,0.0,3.0,2.0,0.0,0.0,1.0,0.0,1.0,0.0,0.0,0.0,1.0,1.0,2.0,0.0,2.0,0.0,0.0,2.0,3.0,1.0,0.0,1.0,0.0,0.0,1.0,0.0,1.0,0.0,0.0,0.0,1.0,0.0,0.0,0.0,1.0,0.0,0.0,2.0,1.0,1.0,3.0,1.0,2.0,1.0,1.0,0.0,5.0,1.0,0.0,1.0,0.0,0.0,0.0,0.0,0.0,0.0,0.0,0.0,3.0,2021-08-25
88,0.0,1.0,1.0,0.0,0.0,0.0,1.0,1.0,1.0,0.0,0.0,0.0,1.0,3.0,0.0,2.0,0.0,2.0,0.0,1.0,0.0,0.0,1.0,0.0,1.0,1.0,0.0,0.0,0.0,0.0,0.0,0.0,3.0,1.0,0.0,0.0,0.0,0.0,0.0,0.0,0.0,1.0,0.0,0.0,0.0,1.0,0.0,0.0,0.0,0.0,1.0,1.0,1.0,0.0,1.0,0.0,1.0,0.0,0.0,0.0,1.0,1.0,0.0,1.0,0.0,1.0,0.0,1.0,0.0,1.0,2.0,3.0,0.0,1.0,1.0,0.0,0.0,1.0,0.0,1.0,1.0,0.0,1.0,1.0,0.0,2.0,2.0,1.0,3.0,1.0,0.0,0.0,1.0,0.0,1.0,2.0,0.0,1.0,0.0,1.0,0.0,0.0,3.0,2021-08-26
89,1.0,0.0,1.0,0.0,2.0,0.0,1.0,1.0,1.0,0.0,0.0,2.0,0.0,1.0,0.0,0.0,0.0,1.0,0.0,1.0,0.0,0.0,0.0,1.0,0.0,1.0,3.0,0.0,0.0,1.0,1.0,0.0,1.0,0.0,0.0,0.0,0.0,1.0,0.0,0.0,0.0,0.0,0.0,1.0,0.0,0.0,2.0,1.0,1.0,1.0,0.0,0.0,0.0,1.0,1.0,0.0,0.0,1.0,0.0,0.0,0.0,0.0,2.0,0.0,0.0,2.0,0.0,0.0,0.0,0.0,1.0,1.0,1.0,0.0,0.0,1.0,1.0,0.0,0.0,1.0,0.0,0.0,0.0,0.0,1.0,0.0,1.0,1.0,0.0,0.0,0.0,1.0,1.0,0.0,0.0,1.0,0.0,0.0,0.0,1.0,0.0,0.0,2.0,2021-08-27
90,0.0,0.0,1.0,0.0,0.0,1.0,1.0,0.0,2.0,0.0,0.0,1.0,0.0,0.0,2.0,1.0,1.0,1.0,0.0,0.0,0.0,0.0,3.0,1.0,2.0,1.0,1.0,0.0,1.0,3.0,0.0,0.0,0.0,0.0,2.0,2.0,0.0,0.0,0.0,0.0,1.0,0.0,0.0,0.0,0.0,0.0,0.0,2.0,2.0,1.0,1.0,0.0,1.0,0.0,0.0,1.0,2.0,0.0,0.0,1.0,0.0,0.0,1.0,0.0,1.0,0.0,0.0,0.0,0.0,1.0,0.0,1.0,0.0,0.0,0.0,0.0,0.0,1.0,1.0,1.0,0.0,1.0,0.0,0.0,0.0,0.0,0.0,0.0,0.0,1.0,1.0,0.0,0.0,0.0,1.0,1.0,0.0,0.0,0.0,2.0,0.0,0.0,2.0,2021-08-28
91,0.0,0.0,0.0,0.0,1.0,0.0,0.0,0.0,0.0,0.0,0.0,0.0,0.0,0.0,3.0,0.0,0.0,1.0,1.0,0.0,0.0,0.0,0.0,0.0,0.0,0.0,2.0,0.0,0.0,1.0,0.0,0.0,1.0,0.0,0.0,1.0,2.0,0.0,2.0,0.0,0.0,0.0,0.0,0.0,0.0,0.0,0.0,0.0,2.0,0.0,1.0,2.0,0.0,1.0,1.0,1.0,0.0,1.0,0.0,1.0,0.0,1.0,1.0,0.0,0.0,0.0,0.0,0.0,0.0,0.0,0.0,0.0,0.0,0.0,0.0,0.0,0.0,0.0,0.0,1.0,0.0,0.0,1.0,1.0,0.0,1.0,2.0,0.0,1.0,1.0,0.0,0.0,1.0,0.0,0.0,0.0,1.0,0.0,1.0,1.0,0.0,0.0,2.0,2021-08-29
92,1.0,0.0,1.0,0.0,0.0,0.0,2.0,0.0,1.0,0.0,0.0,0.0,0.0,0.0,0.0,0.0,0.0,1.0,0.0,0.0,1.0,1.0,0.0,0.0,0.0,0.0,1.0,0.0,0.0,0.0,0.0,0.0,1.0,0.0,0.0,0.0,0.0,0.0,0.0,0.0,0.0,2.0,1.0,0.0,1.0,0.0,0.0,0.0,1.0,0.0,2.0,2.0,0.0,0.0,0.0,1.0,1.0,0.0,0.0,0.0,1.0,0.0,0.0,0.0,1.0,1.0,0.0,1.0,0.0,1.0,0.0,2.0,0.0,1.0,0.0,2.0,0.0,0.0,0.0,0.0,1.0,0.0,0.0,0.0,1.0,1.0,0.0,0.0,2.0,0.0,2.0,0.0,0.0,0.0,0.0,0.0,1.0,0.0,0.0,1.0,0.0,0.0,2.0,2021-08-30
93,0.0,0.0,0.0,0.0,0.0,1.0,0.0,0.0,1.0,0.0,0.0,1.0,1.0,0.0,0.0,0.0,0.0,0.0,0.0,0.0,2.0,0.0,0.0,0.0,0.0,0.0,0.0,0.0,0.0,0.0,0.0,1.0,1.0,0.0,0.0,3.0,0.0,0.0,0.0,0.0,0.0,0.0,0.0,0.0,0.0,0.0,0.0,0.0,0.0,0.0,1.0,0.0,0.0,0.0,0.0,0.0,0.0,0.0,1.0,0.0,0.0,0.0,1.0,0.0,0.0,1.0,2.0,0.0,0.0,0.0,0.0,0.0,1.0,0.0,0.0,1.0,0.0,0.0,1.0,0.0,0.0,1.0,0.0,0.0,1.0,0.0,0.0,0.0,0.0,0.0,0.0,0.0,0.0,0.0,0.0,0.0,0.0,0.0,0.0,0.0,0.0,0.0,1.5249999999999915,2021-08-31
94,0.0,0.0,0.0,1.0,0.0,0.0,0.0,0.0,0.0,0.0,0.0,0.0,1.0,0.0,0.0,0.0,0.0,1.0,0.0,1.0,0.0,1.0,0.0,0.0,0.0,0.0,1.0,0.0,2.0,0.0,0.0,0.0,1.0,0.0,0.0,0.0,1.0,0.0,0.0,0.0,0.0,1.0,2.0,0.0,0.0,0.0,0.0,1.0,0.0,0.0,0.0,0.0,0.0,0.0,0.0,0.0,0.0,0.0,0.0,0.0,0.0,1.0,0.0,0.0,0.0,1.0,0.0,0.0,0.0,1.0,0.0,0.0,0.0,0.0,0.0,0.0,0.0,0.0,0.0,0.0,0.0,0.0,1.0,0.0,0.0,0.0,0.0,0.0,0.0,1.0,0.0,0.0,0.0,0.0,0.0,1.0,0.0,0.0,0.0,0.0,0.0,0.0,1.0,2021-09-01
95,0.0,0.0,0.0,0.0,0.0,0.0,0.0,2.0,0.0,0.0,1.0,2.0,0.0,2.0,0.0,1.0,0.0,2.0,0.0,1.0,1.0,0.0,0.0,1.0,1.0,0.0,0.0,0.0,0.0,0.0,0.0,0.0,2.0,0.0,0.0,1.0,1.0,0.0,0.0,0.0,1.0,0.0,1.0,0.0,0.0,0.0,0.0,0.0,0.0,1.0,1.0,1.0,0.0,0.0,0.0,0.0,0.0,0.0,0.0,0.0,0.0,0.0,2.0,0.0,0.0,0.0,0.0,0.0,0.0,0.0,1.0,0.0,0.0,0.0,1.0,0.0,1.0,1.0,0.0,0.0,0.0,0.0,0.0,1.0,0.0,0.0,0.0,0.0,2.0,0.0,0.0,0.0,0.0,0.0,0.0,1.0,0.0,0.0,0.0,1.0,0.0,0.0,2.0,2021-09-02
96,0.0,0.0,1.0,0.0,0.0,0.0,0.0,0.0,0.0,0.0,0.0,0.0,0.0,1.0,0.0,0.0,1.0,0.0,0.0,0.0,1.0,0.0,0.0,0.0,0.0,0.0,0.0,0.0,0.0,0.0,0.0,0.0,0.0,0.0,0.0,0.0,0.0,0.0,0.0,0.0,0.0,1.0,0.0,0.0,0.0,0.0,0.0,1.0,0.0,0.0,1.0,1.0,0.0,0.0,0.0,0.0,1.0,1.0,1.0,0.0,0.0,0.0,0.0,1.0,0.0,0.0,0.0,0.0,0.0,0.0,0.0,0.0,0.0,1.0,0.0,0.0,0.0,0.0,0.0,1.0,0.0,0.0,2.0,0.0,0.0,0.0,0.0,0.0,1.0,0.0,0.0,0.0,0.0,0.0,0.0,0.0,1.0,0.0,0.0,0.0,0.0,0.0,1.0,2021-09-03
97,0.0,0.0,0.0,0.0,0.0,0.0,0.0,0.0,0.0,0.0,0.0,0.0,1.0,0.0,0.0,0.0,0.0,0.0,0.0,1.0,0.0,0.0,0.0,1.0,0.0,0.0,0.0,1.0,0.0,0.0,0.0,1.0,0.0,0.0,0.0,0.0,0.0,0.0,1.0,0.0,0.0,0.0,0.0,0.0,0.0,0.0,1.0,0.0,1.0,0.0,0.0,0.0,0.0,0.0,0.0,0.0,0.0,0.0,0.0,1.0,0.0,0.0,0.0,1.0,0.0,1.0,0.0,0.0,0.0,0.0,0.0,0.0,0.0,0.0,0.0,0.0,0.0,0.0,0.0,0.0,0.0,0.0,1.0,0.0,0.0,0.0,0.0,0.0,0.0,0.0,0.0,1.0,1.0,0.0,0.0,1.0,0.0,0.0,0.0,0.0,0.0,0.0,1.0,2021-09-04
98,0.0,0.0,1.0,0.0,0.0,0.0,0.0,0.0,0.0,0.0,1.0,0.0,1.0,0.0,1.0,1.0,0.0,0.0,0.0,0.0,0.0,0.0,0.0,0.0,0.0,2.0,0.0,0.0,0.0,0.0,0.0,0.0,0.0,0.0,0.0,2.0,0.0,0.0,1.0,0.0,0.0,0.0,0.0,0.0,0.0,0.0,0.0,0.0,0.0,0.0,0.0,0.0,0.0,0.0,0.0,0.0,1.0,0.0,0.0,0.0,0.0,0.0,0.0,0.0,0.0,0.0,0.0,0.0,0.0,0.0,0.0,1.0,0.0,0.0,0.0,0.0,0.0,0.0,0.0,0.0,1.0,0.0,1.0,0.0,0.0,0.0,0.0,0.0,0.0,0.0,0.0,0.0,0.0,0.0,0.0,0.0,0.0,0.0,0.0,0.0,0.0,0.0,1.0,2021-09-05
99,0.0,1.0,0.0,0.0,0.0,0.0,0.0,0.0,1.0,0.0,0.0,0.0,0.0,0.0,0.0,0.0,0.0,0.0,1.0,0.0,1.0,0.0,1.0,0.0,0.0,0.0,1.0,0.0,0.0,0.0,0.0,0.0,0.0,0.0,0.0,1.0,0.0,0.0,1.0,0.0,0.0,0.0,0.0,0.0,0.0,0.0,0.0,0.0,0.0,0.0,0.0,0.0,0.0,0.0,0.0,0.0,0.0,0.0,0.0,0.0,0.0,0.0,0.0,0.0,0.0,1.0,0.0,0.0,0.0,0.0,0.0,0.0,0.0,1.0,0.0,0.0,0.0,0.0,0.0,1.0,0.0,0.0,0.0,1.0,0.0,0.0,0.0,0.0,0.0,0.0,0.0,0.0,1.0,0.0,0.0,0.0,1.0,0.0,0.0,0.0,0.0,0.0,1.0,2021-09-06
100,0.0,0.0,0.0,0.0,1.0,0.0,0.0,1.0,0.0,0.0,0.0,0.0,0.0,0.0,0.0,1.0,0.0,0.0,0.0,0.0,0.0,0.0,1.0,0.0,0.0,0.0,0.0,0.0,0.0,0.0,0.0,0.0,0.0,0.0,0.0,1.0,0.0,0.0,1.0,0.0,0.0,0.0,0.0,0.0,0.0,0.0,0.0,0.0,0.0,0.0,1.0,0.0,0.0,1.0,0.0,0.0,0.0,1.0,1.0,0.0,0.0,0.0,0.0,0.0,0.0,0.0,0.0,0.0,1.0,0.0,0.0,0.0,0.0,0.0,0.0,0.0,0.0,0.0,0.0,0.0,0.0,0.0,0.0,0.0,0.0,0.0,0.0,0.0,1.0,0.0,1.0,0.0,0.0,0.0,0.0,0.0,0.0,0.0,1.0,0.0,0.0,0.0,1.0,2021-09-07
101,0.0,1.0,0.0,0.0,0.0,0.0,0.0,0.0,1.0,0.0,0.0,0.0,0.0,0.0,0.0,0.0,0.0,0.0,0.0,0.0,0.0,0.0,0.0,0.0,0.0,0.0,0.0,0.0,0.0,0.0,1.0,0.0,0.0,0.0,0.0,0.0,0.0,0.0,0.0,0.0,0.0,0.0,0.0,0.0,0.0,1.0,0.0,0.0,0.0,0.0,0.0,0.0,0.0,0.0,0.0,0.0,0.0,0.0,1.0,0.0,0.0,0.0,0.0,0.0,0.0,0.0,0.0,0.0,0.0,0.0,0.0,0.0,0.0,0.0,0.0,0.0,0.0,0.0,1.0,0.0,0.0,0.0,0.0,0.0,0.0,0.0,0.0,0.0,0.0,0.0,1.0,1.0,1.0,0.0,0.0,0.0,0.0,0.0,0.0,0.0,0.0,0.0,1.0,2021-09-08
102,0.0,1.0,0.0,0.0,0.0,0.0,0.0,0.0,0.0,0.0,0.0,0.0,0.0,0.0,0.0,0.0,0.0,0.0,0.0,0.0,0.0,0.0,0.0,1.0,0.0,0.0,0.0,0.0,0.0,0.0,0.0,0.0,0.0,0.0,0.0,0.0,0.0,0.0,1.0,0.0,0.0,0.0,0.0,0.0,0.0,0.0,1.0,0.0,0.0,0.0,0.0,0.0,0.0,0.0,0.0,1.0,0.0,0.0,0.0,0.0,0.0,0.0,0.0,0.0,0.0,0.0,0.0,0.0,0.0,0.0,0.0,0.0,0.0,0.0,0.0,0.0,0.0,0.0,0.0,0.0,0.0,0.0,0.0,0.0,0.0,0.0,0.0,0.0,1.0,0.0,0.0,0.0,0.0,0.0,0.0,0.0,0.0,0.0,0.0,1.0,0.0,0.0,1.0,2021-09-09
103,0.0,0.0,0.0,0.0,0.0,0.0,0.0,0.0,0.0,0.0,0.0,0.0,0.0,0.0,0.0,0.0,0.0,0.0,0.0,0.0,0.0,0.0,0.0,0.0,0.0,0.0,0.0,0.0,0.0,0.0,0.0,1.0,0.0,0.0,0.0,1.0,0.0,0.0,0.0,0.0,0.0,0.0,0.0,0.0,0.0,0.0,0.0,0.0,0.0,0.0,0.0,0.0,0.0,0.0,0.0,1.0,0.0,0.0,0.0,1.0,0.0,0.0,1.0,0.0,0.0,0.0,0.0,0.0,0.0,0.0,0.0,0.0,0.0,0.0,0.0,0.0,0.0,0.0,0.0,0.0,0.0,0.0,0.0,0.0,0.0,2.0,0.0,0.0,0.0,0.0,0.0,0.0,0.0,0.0,0.0,0.0,0.0,0.0,0.0,1.0,0.0,0.0,1.0,2021-09-10
104,0.0,0.0,1.0,0.0,0.0,0.0,0.0,0.0,0.0,0.0,0.0,0.0,0.0,0.0,0.0,0.0,0.0,0.0,0.0,0.0,0.0,0.0,0.0,0.0,0.0,0.0,0.0,0.0,0.0,0.0,0.0,0.0,0.0,0.0,0.0,0.0,0.0,0.0,0.0,0.0,0.0,0.0,0.0,0.0,0.0,0.0,0.0,0.0,0.0,0.0,1.0,0.0,0.0,0.0,0.0,0.0,0.0,0.0,0.0,0.0,1.0,0.0,0.0,0.0,0.0,0.0,0.0,0.0,0.0,0.0,0.0,0.0,0.0,0.0,0.0,0.0,0.0,0.0,0.0,0.0,0.0,0.0,1.0,0.0,0.0,0.0,0.0,0.0,0.0,0.0,0.0,0.0,0.0,0.0,0.0,0.0,0.0,0.0,0.0,0.0,0.0,0.0,1.0,2021-09-11
105,1.0,0.0,0.0,0.0,0.0,0.0,0.0,0.0,0.0,0.0,0.0,0.0,0.0,0.0,0.0,0.0,0.0,0.0,0.0,0.0,0.0,0.0,0.0,0.0,0.0,0.0,0.0,0.0,0.0,0.0,0.0,0.0,0.0,0.0,0.0,0.0,0.0,0.0,0.0,0.0,0.0,0.0,0.0,0.0,0.0,0.0,0.0,1.0,0.0,0.0,1.0,0.0,0.0,0.0,0.0,0.0,0.0,0.0,0.0,0.0,0.0,0.0,0.0,0.0,0.0,0.0,0.0,0.0,0.0,0.0,0.0,0.0,0.0,0.0,0.0,0.0,0.0,0.0,0.0,0.0,0.0,0.0,0.0,0.0,0.0,0.0,0.0,0.0,0.0,0.0,0.0,0.0,0.0,0.0,0.0,0.0,0.0,0.0,0.0,0.0,0.0,0.0,0.5249999999999915,2021-09-12
106,0.0,0.0,0.0,0.0,0.0,0.0,0.0,0.0,0.0,0.0,0.0,0.0,0.0,0.0,1.0,0.0,0.0,0.0,0.0,0.0,0.0,1.0,0.0,0.0,0.0,0.0,0.0,0.0,0.0,0.0,0.0,0.0,0.0,0.0,0.0,0.0,1.0,0.0,0.0,0.0,0.0,0.0,0.0,0.0,0.0,0.0,0.0,0.0,0.0,0.0,0.0,0.0,0.0,0.0,0.0,0.0,0.0,0.0,0.0,0.0,0.0,0.0,0.0,0.0,0.0,0.0,0.0,0.0,0.0,0.0,0.0,0.0,0.0,0.0,0.0,0.0,0.0,0.0,0.0,0.0,0.0,1.0,0.0,0.0,0.0,0.0,0.0,0.0,0.0,0.0,0.0,0.0,0.0,0.0,0.0,1.0,0.0,0.0,0.0,0.0,0.0,0.0,1.0,2021-09-13
107,0.0,0.0,0.0,0.0,0.0,0.0,0.0,0.0,0.0,0.0,0.0,0.0,0.0,0.0,0.0,0.0,0.0,0.0,0.0,0.0,0.0,0.0,0.0,0.0,0.0,0.0,0.0,0.0,0.0,0.0,0.0,0.0,0.0,0.0,0.0,0.0,0.0,0.0,0.0,0.0,0.0,1.0,0.0,0.0,0.0,0.0,0.0,0.0,0.0,0.0,0.0,0.0,1.0,0.0,0.0,0.0,0.0,0.0,0.0,0.0,0.0,0.0,0.0,0.0,0.0,0.0,0.0,0.0,0.0,0.0,0.0,0.0,0.0,0.0,0.0,0.0,0.0,0.0,0.0,0.0,0.0,0.0,0.0,0.0,0.0,0.0,0.0,0.0,0.0,0.0,0.0,0.0,0.0,0.0,0.0,0.0,0.0,0.0,0.0,0.0,0.0,0.0,0.0,2021-09-14
108,0.0,0.0,0.0,0.0,0.0,0.0,0.0,0.0,0.0,0.0,0.0,0.0,0.0,0.0,0.0,0.0,0.0,0.0,0.0,0.0,0.0,0.0,0.0,0.0,0.0,0.0,0.0,0.0,0.0,0.0,0.0,0.0,0.0,0.0,0.0,0.0,0.0,0.0,0.0,0.0,0.0,0.0,0.0,0.0,0.0,0.0,0.0,0.0,0.0,0.0,0.0,0.0,0.0,0.0,0.0,0.0,0.0,0.0,0.0,0.0,0.0,0.0,0.0,0.0,0.0,0.0,0.0,0.0,0.0,0.0,0.0,0.0,0.0,0.0,0.0,0.0,0.0,0.0,0.0,0.0,0.0,0.0,0.0,0.0,0.0,1.0,0.0,0.0,0.0,0.0,0.0,0.0,0.0,0.0,0.0,0.0,0.0,0.0,0.0,0.0,0.0,0.0,0.0,2021-09-15
109,0.0,0.0,0.0,0.0,0.0,0.0,0.0,0.0,0.0,0.0,0.0,0.0,0.0,0.0,0.0,0.0,0.0,0.0,0.0,0.0,0.0,0.0,0.0,0.0,0.0,0.0,0.0,0.0,0.0,0.0,0.0,0.0,0.0,0.0,1.0,0.0,0.0,0.0,0.0,0.0,1.0,0.0,0.0,0.0,0.0,0.0,0.0,0.0,0.0,0.0,0.0,0.0,0.0,0.0,0.0,0.0,0.0,0.0,0.0,0.0,0.0,0.0,0.0,0.0,0.0,0.0,0.0,0.0,0.0,0.0,0.0,0.0,0.0,0.0,0.0,0.0,0.0,0.0,0.0,0.0,0.0,0.0,0.0,0.0,0.0,0.0,0.0,0.0,0.0,0.0,0.0,0.0,0.0,0.0,0.0,0.0,0.0,0.0,0.0,0.0,0.0,0.0,0.0,2021-09-16
110,0.0,0.0,0.0,0.0,0.0,0.0,0.0,0.0,0.0,0.0,0.0,0.0,0.0,1.0,0.0,0.0,0.0,0.0,0.0,0.0,0.0,0.0,0.0,0.0,0.0,0.0,0.0,0.0,0.0,0.0,0.0,0.0,1.0,0.0,0.0,0.0,0.0,0.0,1.0,0.0,0.0,0.0,0.0,0.0,0.0,0.0,0.0,0.0,0.0,0.0,0.0,0.0,0.0,0.0,0.0,0.0,0.0,0.0,0.0,0.0,0.0,0.0,0.0,0.0,0.0,0.0,0.0,0.0,0.0,0.0,0.0,0.0,0.0,0.0,0.0,0.0,0.0,0.0,0.0,0.0,0.0,0.0,0.0,0.0,0.0,0.0,0.0,0.0,0.0,1.0,0.0,0.0,0.0,0.0,0.0,0.0,0.0,0.0,0.0,0.0,0.0,0.0,1.0,2021-09-17
111,0.0,0.0,0.0,0.0,0.0,0.0,0.0,0.0,0.0,0.0,0.0,0.0,0.0,0.0,0.0,0.0,0.0,0.0,0.0,0.0,0.0,0.0,0.0,0.0,0.0,0.0,0.0,0.0,0.0,0.0,0.0,0.0,0.0,0.0,0.0,0.0,0.0,0.0,0.0,0.0,0.0,0.0,0.0,0.0,0.0,0.0,0.0,0.0,0.0,0.0,0.0,0.0,0.0,0.0,0.0,0.0,0.0,1.0,0.0,0.0,0.0,0.0,0.0,0.0,0.0,0.0,0.0,0.0,0.0,0.0,0.0,0.0,0.0,0.0,0.0,0.0,0.0,0.0,0.0,0.0,0.0,0.0,0.0,0.0,0.0,0.0,0.0,0.0,0.0,0.0,0.0,0.0,0.0,0.0,0.0,0.0,0.0,0.0,0.0,0.0,0.0,0.0,0.0,2021-09-18
112,0.0,0.0,0.0,0.0,0.0,0.0,0.0,0.0,0.0,0.0,0.0,0.0,0.0,0.0,0.0,0.0,0.0,0.0,0.0,0.0,0.0,0.0,0.0,0.0,0.0,0.0,0.0,0.0,0.0,0.0,0.0,0.0,0.0,0.0,0.0,0.0,0.0,0.0,0.0,0.0,0.0,0.0,0.0,0.0,0.0,0.0,0.0,0.0,0.0,0.0,0.0,0.0,0.0,0.0,0.0,0.0,0.0,0.0,0.0,0.0,0.0,0.0,0.0,0.0,0.0,0.0,0.0,0.0,0.0,0.0,0.0,0.0,0.0,0.0,0.0,0.0,0.0,0.0,0.0,0.0,0.0,0.0,0.0,0.0,0.0,0.0,0.0,0.0,0.0,0.0,0.0,0.0,0.0,0.0,0.0,0.0,0.0,0.0,0.0,0.0,0.0,0.0,0.0,2021-09-19
113,0.0,0.0,0.0,0.0,0.0,0.0,0.0,0.0,0.0,0.0,0.0,0.0,0.0,0.0,0.0,0.0,0.0,0.0,0.0,0.0,0.0,0.0,0.0,0.0,0.0,0.0,0.0,0.0,0.0,0.0,0.0,0.0,0.0,0.0,0.0,0.0,0.0,0.0,0.0,0.0,0.0,0.0,0.0,0.0,0.0,0.0,0.0,0.0,0.0,0.0,0.0,0.0,0.0,0.0,0.0,0.0,0.0,0.0,0.0,0.0,0.0,0.0,0.0,0.0,0.0,0.0,0.0,0.0,0.0,0.0,0.0,0.0,0.0,0.0,0.0,0.0,0.0,0.0,0.0,0.0,0.0,0.0,0.0,0.0,0.0,0.0,0.0,0.0,0.0,0.0,0.0,0.0,0.0,0.0,0.0,0.0,0.0,0.0,0.0,0.0,0.0,0.0,0.0,2021-09-20
114,0.0,0.0,0.0,0.0,0.0,0.0,0.0,0.0,0.0,0.0,0.0,0.0,0.0,0.0,0.0,0.0,0.0,0.0,0.0,0.0,0.0,0.0,0.0,0.0,0.0,0.0,0.0,0.0,0.0,0.0,0.0,0.0,0.0,0.0,0.0,0.0,0.0,0.0,0.0,0.0,0.0,0.0,0.0,0.0,0.0,0.0,0.0,0.0,0.0,0.0,0.0,0.0,0.0,0.0,0.0,0.0,0.0,0.0,0.0,0.0,0.0,0.0,0.0,0.0,0.0,0.0,0.0,0.0,0.0,0.0,0.0,0.0,0.0,0.0,0.0,0.0,0.0,0.0,0.0,0.0,0.0,0.0,0.0,0.0,0.0,0.0,0.0,0.0,0.0,0.0,0.0,0.0,0.0,0.0,0.0,0.0,0.0,0.0,0.0,0.0,0.0,0.0,0.0,2021-09-21
115,0.0,0.0,0.0,0.0,0.0,1.0,0.0,0.0,0.0,0.0,0.0,0.0,0.0,0.0,0.0,0.0,0.0,0.0,0.0,0.0,0.0,0.0,0.0,0.0,0.0,0.0,0.0,0.0,0.0,0.0,0.0,0.0,0.0,0.0,0.0,0.0,0.0,0.0,0.0,0.0,0.0,0.0,0.0,0.0,0.0,0.0,0.0,0.0,0.0,0.0,0.0,0.0,0.0,0.0,0.0,0.0,0.0,0.0,0.0,0.0,0.0,0.0,0.0,0.0,0.0,0.0,0.0,0.0,0.0,0.0,0.0,0.0,0.0,0.0,0.0,0.0,0.0,0.0,0.0,0.0,0.0,0.0,0.0,0.0,0.0,0.0,0.0,0.0,0.0,0.0,0.0,0.0,0.0,0.0,0.0,0.0,0.0,0.0,0.0,0.0,0.0,0.0,0.0,2021-09-22
116,0.0,0.0,0.0,0.0,0.0,0.0,0.0,0.0,0.0,0.0,0.0,1.0,0.0,0.0,0.0,0.0,0.0,0.0,0.0,0.0,0.0,0.0,0.0,0.0,0.0,0.0,1.0,0.0,0.0,0.0,0.0,0.0,0.0,0.0,0.0,0.0,0.0,0.0,0.0,0.0,0.0,0.0,0.0,0.0,0.0,0.0,0.0,0.0,0.0,0.0,0.0,0.0,0.0,0.0,0.0,0.0,0.0,0.0,0.0,0.0,0.0,0.0,0.0,0.0,0.0,0.0,0.0,0.0,0.0,0.0,0.0,0.0,0.0,0.0,0.0,0.0,0.0,0.0,0.0,0.0,0.0,1.0,0.0,0.0,0.0,0.0,0.0,0.0,0.0,0.0,0.0,0.0,0.0,0.0,0.0,0.0,0.0,0.0,0.0,0.0,0.0,0.0,0.5249999999999915,2021-09-23
117,0.0,0.0,0.0,0.0,0.0,0.0,0.0,0.0,0.0,0.0,0.0,0.0,0.0,0.0,0.0,0.0,0.0,0.0,0.0,0.0,0.0,0.0,0.0,0.0,0.0,0.0,0.0,0.0,0.0,0.0,0.0,0.0,0.0,0.0,0.0,0.0,0.0,0.0,0.0,0.0,0.0,0.0,0.0,0.0,0.0,0.0,0.0,0.0,0.0,0.0,0.0,0.0,0.0,0.0,0.0,0.0,0.0,0.0,0.0,0.0,0.0,0.0,0.0,0.0,0.0,0.0,0.0,0.0,0.0,0.0,0.0,0.0,0.0,0.0,0.0,0.0,0.0,0.0,0.0,0.0,0.0,0.0,0.0,0.0,0.0,0.0,0.0,0.0,0.0,0.0,0.0,0.0,0.0,0.0,0.0,0.0,0.0,0.0,0.0,0.0,0.0,0.0,0.0,2021-09-24
118,0.0,0.0,0.0,0.0,0.0,0.0,0.0,0.0,0.0,0.0,0.0,0.0,0.0,0.0,0.0,0.0,0.0,0.0,0.0,0.0,0.0,0.0,0.0,0.0,1.0,0.0,0.0,0.0,0.0,0.0,0.0,0.0,0.0,0.0,0.0,0.0,0.0,0.0,0.0,0.0,0.0,0.0,0.0,0.0,0.0,0.0,0.0,0.0,0.0,0.0,0.0,0.0,0.0,0.0,0.0,0.0,0.0,0.0,0.0,0.0,0.0,0.0,0.0,0.0,0.0,0.0,0.0,0.0,0.0,0.0,0.0,0.0,0.0,0.0,0.0,0.0,0.0,0.0,0.0,0.0,0.0,0.0,0.0,0.0,0.0,0.0,0.0,0.0,0.0,0.0,0.0,0.0,0.0,0.0,0.0,0.0,0.0,0.0,0.0,0.0,0.0,0.0,0.0,2021-09-25
119,0.0,0.0,0.0,0.0,0.0,0.0,0.0,0.0,0.0,0.0,0.0,0.0,0.0,0.0,0.0,0.0,0.0,0.0,0.0,0.0,0.0,0.0,0.0,0.0,0.0,0.0,0.0,0.0,0.0,0.0,0.0,0.0,0.0,0.0,0.0,0.0,0.0,0.0,0.0,0.0,0.0,0.0,0.0,0.0,0.0,0.0,0.0,0.0,0.0,0.0,0.0,0.0,0.0,0.0,0.0,0.0,0.0,0.0,0.0,0.0,0.0,0.0,0.0,0.0,0.0,0.0,0.0,0.0,0.0,0.0,0.0,0.0,0.0,0.0,0.0,0.0,0.0,0.0,0.0,0.0,0.0,0.0,0.0,0.0,0.0,0.0,0.0,0.0,0.0,0.0,0.0,0.0,0.0,0.0,0.0,0.0,0.0,0.0,0.0,0.0,0.0,0.0,0.0,2021-09-26
120,0.0,0.0,0.0,0.0,0.0,0.0,0.0,0.0,0.0,0.0,0.0,0.0,0.0,0.0,0.0,0.0,0.0,0.0,0.0,0.0,0.0,0.0,0.0,0.0,0.0,0.0,0.0,0.0,0.0,0.0,0.0,0.0,0.0,0.0,0.0,0.0,0.0,0.0,0.0,0.0,0.0,0.0,0.0,0.0,0.0,0.0,0.0,0.0,0.0,0.0,0.0,0.0,0.0,0.0,0.0,0.0,0.0,0.0,0.0,0.0,0.0,0.0,0.0,0.0,0.0,0.0,0.0,0.0,0.0,0.0,0.0,0.0,0.0,0.0,0.0,0.0,0.0,0.0,0.0,0.0,0.0,0.0,0.0,0.0,0.0,0.0,0.0,0.0,0.0,0.0,0.0,0.0,0.0,0.0,0.0,0.0,0.0,0.0,0.0,0.0,0.0,0.0,0.0,2021-09-27
121,0.0,0.0,0.0,0.0,0.0,0.0,0.0,0.0,0.0,0.0,0.0,0.0,0.0,0.0,0.0,0.0,0.0,0.0,0.0,0.0,0.0,0.0,0.0,0.0,0.0,0.0,0.0,0.0,0.0,0.0,0.0,0.0,0.0,0.0,0.0,0.0,0.0,0.0,0.0,0.0,0.0,0.0,0.0,0.0,0.0,0.0,0.0,0.0,0.0,0.0,0.0,0.0,0.0,0.0,0.0,0.0,0.0,0.0,0.0,0.0,0.0,0.0,0.0,0.0,0.0,0.0,0.0,0.0,1.0,0.0,0.0,0.0,0.0,0.0,0.0,0.0,0.0,0.0,0.0,0.0,0.0,0.0,0.0,0.0,0.0,0.0,0.0,0.0,0.0,0.0,0.0,0.0,0.0,0.0,0.0,0.0,0.0,0.0,0.0,0.0,0.0,0.0,0.0,2021-09-28
122,0.0,0.0,0.0,0.0,0.0,0.0,0.0,0.0,0.0,0.0,0.0,0.0,0.0,0.0,0.0,0.0,0.0,0.0,0.0,0.0,0.0,0.0,0.0,0.0,0.0,0.0,0.0,0.0,0.0,0.0,0.0,0.0,1.0,0.0,0.0,0.0,0.0,0.0,0.0,0.0,0.0,0.0,0.0,0.0,0.0,0.0,0.0,0.0,0.0,0.0,0.0,0.0,0.0,0.0,0.0,0.0,0.0,0.0,0.0,0.0,0.0,0.0,0.0,0.0,0.0,0.0,0.0,0.0,0.0,0.0,0.0,0.0,0.0,0.0,0.0,0.0,0.0,0.0,0.0,0.0,0.0,0.0,0.0,0.0,0.0,0.0,0.0,0.0,0.0,0.0,0.0,0.0,0.0,0.0,0.0,0.0,0.0,0.0,0.0,0.0,0.0,0.0,0.0,2021-09-29
123,0.0,0.0,0.0,0.0,0.0,0.0,0.0,0.0,0.0,0.0,0.0,0.0,0.0,0.0,0.0,0.0,0.0,0.0,0.0,0.0,0.0,0.0,0.0,0.0,0.0,0.0,0.0,0.0,0.0,0.0,0.0,0.0,0.0,0.0,0.0,0.0,0.0,0.0,0.0,0.0,0.0,0.0,0.0,0.0,0.0,0.0,0.0,0.0,0.0,0.0,0.0,0.0,0.0,0.0,0.0,0.0,0.0,0.0,0.0,0.0,0.0,0.0,0.0,0.0,0.0,0.0,0.0,0.0,0.0,0.0,0.0,0.0,0.0,0.0,0.0,0.0,1.0,0.0,0.0,0.0,0.0,0.0,0.0,0.0,0.0,0.0,0.0,0.0,0.0,0.0,0.0,0.0,0.0,0.0,0.0,0.0,0.0,0.0,0.0,0.0,0.0,0.0,0.0,2021-09-30
124,0.0,0.0,0.0,0.0,0.0,0.0,0.0,0.0,0.0,0.0,0.0,0.0,0.0,0.0,0.0,0.0,0.0,0.0,0.0,0.0,0.0,0.0,0.0,0.0,0.0,0.0,0.0,0.0,0.0,0.0,0.0,0.0,0.0,0.0,0.0,0.0,0.0,0.0,0.0,0.0,0.0,0.0,0.0,0.0,0.0,0.0,0.0,0.0,0.0,0.0,0.0,0.0,0.0,0.0,0.0,0.0,0.0,0.0,0.0,0.0,0.0,0.0,0.0,0.0,0.0,0.0,0.0,0.0,0.0,0.0,0.0,0.0,0.0,0.0,0.0,0.0,0.0,0.0,0.0,0.0,0.0,0.0,0.0,0.0,0.0,0.0,0.0,0.0,0.0,0.0,0.0,0.0,0.0,0.0,0.0,0.0,0.0,0.0,0.0,0.0,0.0,0.0,0.0,2021-10-01
125,0.0,0.0,0.0,0.0,0.0,0.0,0.0,0.0,0.0,0.0,0.0,0.0,0.0,0.0,0.0,0.0,0.0,0.0,0.0,0.0,0.0,0.0,0.0,0.0,0.0,0.0,0.0,0.0,0.0,0.0,0.0,0.0,0.0,0.0,0.0,0.0,0.0,0.0,0.0,0.0,0.0,0.0,0.0,0.0,0.0,0.0,0.0,0.0,0.0,0.0,0.0,0.0,0.0,0.0,0.0,0.0,0.0,0.0,0.0,0.0,0.0,0.0,0.0,0.0,0.0,0.0,0.0,0.0,0.0,0.0,0.0,0.0,0.0,0.0,0.0,0.0,0.0,0.0,0.0,0.0,0.0,0.0,0.0,0.0,0.0,0.0,0.0,0.0,0.0,0.0,0.0,0.0,0.0,0.0,0.0,0.0,0.0,0.0,0.0,0.0,0.0,0.0,0.0,2021-10-02
126,0.0,0.0,0.0,0.0,0.0,0.0,0.0,0.0,0.0,0.0,0.0,0.0,0.0,0.0,0.0,0.0,0.0,0.0,0.0,0.0,0.0,0.0,0.0,0.0,0.0,0.0,0.0,0.0,0.0,0.0,0.0,0.0,0.0,0.0,0.0,0.0,0.0,0.0,0.0,0.0,0.0,0.0,0.0,0.0,0.0,0.0,0.0,0.0,0.0,0.0,0.0,0.0,0.0,0.0,0.0,0.0,0.0,0.0,0.0,0.0,0.0,0.0,0.0,0.0,0.0,0.0,0.0,0.0,0.0,0.0,0.0,0.0,0.0,0.0,0.0,0.0,0.0,0.0,0.0,0.0,0.0,0.0,0.0,0.0,0.0,0.0,0.0,0.0,0.0,0.0,0.0,0.0,0.0,0.0,0.0,0.0,0.0,0.0,0.0,0.0,0.0,0.0,0.0,2021-10-03
127,0.0,0.0,0.0,0.0,0.0,0.0,0.0,0.0,0.0,0.0,0.0,0.0,0.0,0.0,0.0,0.0,0.0,0.0,0.0,0.0,0.0,0.0,0.0,0.0,0.0,0.0,0.0,0.0,0.0,0.0,0.0,0.0,0.0,0.0,0.0,0.0,0.0,0.0,0.0,0.0,0.0,0.0,0.0,0.0,0.0,0.0,0.0,0.0,0.0,0.0,0.0,0.0,0.0,0.0,0.0,0.0,0.0,0.0,0.0,0.0,0.0,0.0,0.0,0.0,0.0,0.0,0.0,0.0,0.0,0.0,0.0,0.0,0.0,0.0,0.0,0.0,0.0,0.0,0.0,0.0,0.0,0.0,0.0,0.0,0.0,0.0,0.0,0.0,0.0,0.0,0.0,0.0,0.0,0.0,0.0,0.0,0.0,0.0,0.0,0.0,0.0,0.0,0.0,2021-10-04
128,0.0,0.0,0.0,0.0,0.0,0.0,0.0,0.0,0.0,0.0,0.0,0.0,0.0,0.0,0.0,0.0,0.0,0.0,0.0,0.0,0.0,0.0,0.0,0.0,0.0,0.0,0.0,0.0,0.0,0.0,0.0,0.0,0.0,0.0,0.0,0.0,0.0,0.0,0.0,0.0,0.0,0.0,0.0,0.0,0.0,0.0,0.0,0.0,0.0,0.0,0.0,0.0,0.0,0.0,0.0,0.0,0.0,0.0,0.0,0.0,0.0,0.0,0.0,0.0,0.0,0.0,0.0,0.0,0.0,0.0,0.0,0.0,0.0,0.0,0.0,0.0,0.0,0.0,0.0,0.0,0.0,0.0,0.0,0.0,0.0,0.0,0.0,0.0,0.0,0.0,0.0,0.0,0.0,0.0,0.0,0.0,0.0,0.0,0.0,0.0,0.0,0.0,0.0,2021-10-05
129,0.0,0.0,0.0,0.0,0.0,0.0,0.0,0.0,0.0,0.0,0.0,0.0,0.0,0.0,0.0,0.0,0.0,0.0,0.0,0.0,0.0,0.0,0.0,0.0,0.0,0.0,0.0,0.0,0.0,0.0,0.0,0.0,0.0,0.0,0.0,0.0,0.0,0.0,0.0,0.0,0.0,0.0,0.0,0.0,0.0,0.0,0.0,0.0,0.0,0.0,0.0,0.0,0.0,0.0,0.0,0.0,0.0,0.0,0.0,0.0,0.0,0.0,0.0,0.0,0.0,0.0,0.0,0.0,0.0,0.0,0.0,0.0,0.0,0.0,0.0,0.0,0.0,0.0,0.0,0.0,0.0,0.0,0.0,0.0,0.0,0.0,0.0,0.0,0.0,0.0,0.0,0.0,0.0,0.0,0.0,0.0,0.0,0.0,0.0,0.0,0.0,0.0,0.0,2021-10-06
130,0.0,0.0,0.0,0.0,0.0,0.0,0.0,0.0,0.0,0.0,0.0,0.0,0.0,0.0,0.0,0.0,0.0,0.0,0.0,0.0,0.0,0.0,0.0,0.0,0.0,0.0,0.0,0.0,0.0,0.0,0.0,0.0,0.0,0.0,0.0,0.0,0.0,0.0,0.0,0.0,0.0,0.0,0.0,0.0,0.0,0.0,0.0,0.0,0.0,0.0,0.0,0.0,0.0,0.0,0.0,0.0,0.0,0.0,0.0,0.0,0.0,0.0,0.0,0.0,0.0,0.0,0.0,0.0,0.0,0.0,0.0,0.0,0.0,0.0,0.0,0.0,0.0,0.0,0.0,0.0,0.0,0.0,0.0,0.0,0.0,0.0,0.0,0.0,0.0,0.0,0.0,0.0,0.0,0.0,0.0,0.0,0.0,0.0,0.0,0.0,0.0,0.0,0.0,2021-10-07
131,0.0,0.0,0.0,0.0,0.0,0.0,0.0,0.0,0.0,0.0,0.0,0.0,0.0,0.0,0.0,0.0,0.0,0.0,0.0,0.0,0.0,0.0,0.0,0.0,0.0,0.0,0.0,0.0,0.0,0.0,0.0,0.0,0.0,0.0,0.0,0.0,0.0,0.0,0.0,0.0,0.0,0.0,0.0,0.0,0.0,0.0,0.0,0.0,0.0,0.0,0.0,0.0,0.0,0.0,0.0,0.0,0.0,0.0,0.0,0.0,0.0,0.0,0.0,0.0,0.0,0.0,0.0,0.0,0.0,0.0,0.0,0.0,1.0,0.0,0.0,0.0,0.0,0.0,0.0,0.0,0.0,0.0,0.0,0.0,0.0,0.0,0.0,0.0,0.0,0.0,0.0,0.0,0.0,0.0,0.0,0.0,0.0,0.0,0.0,0.0,0.0,0.0,0.0,2021-10-08
132,0.0,0.0,0.0,0.0,0.0,0.0,0.0,0.0,0.0,0.0,0.0,0.0,0.0,0.0,0.0,0.0,0.0,0.0,0.0,0.0,0.0,0.0,0.0,0.0,0.0,0.0,0.0,0.0,0.0,0.0,0.0,0.0,0.0,0.0,0.0,0.0,0.0,0.0,0.0,0.0,0.0,0.0,0.0,0.0,0.0,0.0,0.0,0.0,0.0,0.0,0.0,0.0,0.0,0.0,0.0,0.0,0.0,0.0,0.0,0.0,0.0,0.0,0.0,0.0,0.0,0.0,0.0,0.0,0.0,0.0,0.0,0.0,0.0,0.0,0.0,0.0,0.0,0.0,0.0,0.0,0.0,0.0,0.0,0.0,0.0,0.0,0.0,0.0,0.0,0.0,0.0,0.0,0.0,0.0,0.0,0.0,0.0,0.0,0.0,0.0,0.0,0.0,0.0,2021-10-09
133,0.0,0.0,0.0,0.0,0.0,0.0,0.0,0.0,0.0,0.0,0.0,0.0,0.0,0.0,0.0,0.0,0.0,0.0,0.0,0.0,0.0,0.0,0.0,0.0,0.0,0.0,0.0,0.0,0.0,0.0,0.0,0.0,0.0,0.0,0.0,0.0,0.0,0.0,0.0,0.0,0.0,0.0,0.0,0.0,0.0,0.0,0.0,0.0,0.0,0.0,0.0,0.0,0.0,0.0,0.0,0.0,0.0,0.0,0.0,0.0,0.0,0.0,0.0,0.0,0.0,0.0,0.0,0.0,0.0,0.0,0.0,0.0,0.0,0.0,0.0,0.0,0.0,0.0,0.0,0.0,0.0,0.0,0.0,0.0,0.0,0.0,0.0,0.0,0.0,0.0,0.0,0.0,0.0,0.0,0.0,0.0,0.0,0.0,0.0,0.0,0.0,0.0,0.0,2021-10-10
134,0.0,0.0,0.0,0.0,0.0,0.0,0.0,0.0,0.0,0.0,0.0,0.0,0.0,0.0,0.0,0.0,0.0,0.0,0.0,0.0,0.0,0.0,0.0,0.0,0.0,0.0,0.0,0.0,0.0,0.0,0.0,0.0,0.0,0.0,0.0,0.0,0.0,0.0,0.0,0.0,0.0,0.0,0.0,0.0,0.0,0.0,0.0,0.0,0.0,0.0,0.0,0.0,0.0,0.0,0.0,0.0,0.0,0.0,0.0,0.0,0.0,0.0,0.0,0.0,0.0,0.0,0.0,0.0,0.0,0.0,0.0,0.0,0.0,0.0,0.0,0.0,0.0,0.0,0.0,0.0,0.0,0.0,0.0,0.0,0.0,0.0,0.0,0.0,0.0,0.0,0.0,0.0,0.0,0.0,0.0,0.0,0.0,0.0,0.0,0.0,0.0,0.0,0.0,2021-10-11
135,0.0,0.0,0.0,0.0,0.0,0.0,0.0,0.0,0.0,0.0,0.0,0.0,0.0,0.0,0.0,0.0,0.0,0.0,0.0,0.0,0.0,0.0,0.0,0.0,0.0,0.0,0.0,0.0,0.0,0.0,0.0,0.0,0.0,0.0,0.0,0.0,0.0,0.0,0.0,0.0,0.0,0.0,0.0,0.0,0.0,0.0,0.0,0.0,0.0,0.0,0.0,0.0,0.0,0.0,0.0,0.0,0.0,0.0,0.0,0.0,0.0,0.0,0.0,0.0,0.0,0.0,0.0,0.0,0.0,0.0,0.0,0.0,0.0,0.0,0.0,0.0,0.0,0.0,0.0,0.0,0.0,0.0,0.0,0.0,0.0,0.0,0.0,0.0,0.0,0.0,0.0,0.0,0.0,0.0,0.0,0.0,0.0,0.0,0.0,0.0,0.0,0.0,0.0,2021-10-12
136,0.0,0.0,0.0,0.0,0.0,0.0,0.0,0.0,0.0,0.0,0.0,0.0,0.0,0.0,0.0,0.0,0.0,0.0,0.0,0.0,0.0,0.0,0.0,0.0,0.0,0.0,0.0,0.0,0.0,0.0,0.0,0.0,0.0,0.0,0.0,0.0,0.0,0.0,0.0,0.0,0.0,0.0,0.0,0.0,0.0,0.0,0.0,0.0,0.0,0.0,0.0,0.0,0.0,0.0,0.0,0.0,0.0,0.0,0.0,0.0,0.0,0.0,0.0,0.0,0.0,0.0,0.0,0.0,0.0,0.0,0.0,0.0,0.0,0.0,0.0,0.0,0.0,0.0,0.0,0.0,0.0,0.0,0.0,0.0,0.0,0.0,0.0,0.0,0.0,0.0,0.0,0.0,0.0,0.0,0.0,0.0,0.0,0.0,0.0,0.0,0.0,0.0,0.0,2021-10-13
137,0.0,0.0,0.0,0.0,0.0,0.0,0.0,0.0,0.0,0.0,0.0,0.0,0.0,0.0,0.0,0.0,0.0,0.0,0.0,0.0,0.0,0.0,0.0,0.0,0.0,0.0,0.0,0.0,0.0,0.0,0.0,0.0,0.0,0.0,0.0,0.0,0.0,0.0,0.0,0.0,0.0,0.0,0.0,0.0,0.0,0.0,0.0,0.0,0.0,0.0,0.0,0.0,0.0,0.0,0.0,0.0,0.0,0.0,0.0,0.0,0.0,0.0,0.0,0.0,0.0,0.0,0.0,0.0,0.0,0.0,0.0,0.0,0.0,0.0,0.0,0.0,0.0,0.0,0.0,0.0,0.0,0.0,0.0,0.0,0.0,0.0,0.0,0.0,0.0,0.0,0.0,0.0,0.0,0.0,0.0,0.0,0.0,0.0,0.0,0.0,0.0,0.0,0.0,2021-10-14
138,0.0,0.0,0.0,0.0,0.0,0.0,0.0,0.0,0.0,0.0,0.0,0.0,0.0,0.0,0.0,0.0,0.0,0.0,0.0,0.0,0.0,0.0,0.0,0.0,0.0,0.0,0.0,0.0,0.0,0.0,0.0,0.0,0.0,0.0,0.0,0.0,0.0,0.0,0.0,0.0,0.0,0.0,0.0,0.0,0.0,0.0,0.0,0.0,0.0,0.0,0.0,0.0,0.0,0.0,0.0,0.0,0.0,0.0,0.0,0.0,0.0,0.0,0.0,0.0,0.0,0.0,0.0,0.0,0.0,0.0,0.0,0.0,0.0,0.0,0.0,0.0,0.0,0.0,0.0,0.0,0.0,0.0,0.0,0.0,0.0,0.0,0.0,0.0,0.0,0.0,0.0,0.0,0.0,0.0,0.0,0.0,0.0,0.0,0.0,0.0,0.0,0.0,0.0,2021-10-15
139,0.0,0.0,0.0,0.0,0.0,0.0,0.0,0.0,0.0,0.0,0.0,0.0,0.0,0.0,0.0,0.0,0.0,0.0,0.0,0.0,0.0,0.0,0.0,0.0,0.0,0.0,0.0,0.0,0.0,0.0,0.0,0.0,0.0,0.0,1.0,0.0,0.0,0.0,0.0,0.0,0.0,0.0,0.0,0.0,0.0,0.0,0.0,0.0,0.0,0.0,0.0,0.0,0.0,0.0,0.0,0.0,0.0,0.0,0.0,0.0,0.0,0.0,0.0,0.0,0.0,0.0,0.0,0.0,0.0,0.0,0.0,0.0,0.0,0.0,0.0,0.0,0.0,0.0,0.0,0.0,0.0,0.0,0.0,0.0,0.0,0.0,0.0,0.0,0.0,0.0,0.0,0.0,0.0,0.0,0.0,0.0,0.0,0.0,0.0,0.0,0.0,0.0,0.0,2021-10-16
140,0.0,0.0,0.0,0.0,0.0,0.0,0.0,0.0,0.0,0.0,0.0,0.0,0.0,0.0,0.0,0.0,0.0,0.0,0.0,0.0,0.0,0.0,0.0,0.0,0.0,0.0,0.0,0.0,0.0,0.0,0.0,0.0,0.0,0.0,0.0,0.0,0.0,0.0,0.0,0.0,0.0,0.0,0.0,0.0,0.0,0.0,0.0,0.0,0.0,0.0,0.0,0.0,0.0,0.0,0.0,0.0,0.0,0.0,0.0,0.0,0.0,0.0,0.0,0.0,0.0,0.0,0.0,0.0,0.0,0.0,0.0,0.0,0.0,0.0,0.0,0.0,0.0,0.0,0.0,0.0,0.0,0.0,0.0,0.0,0.0,0.0,0.0,0.0,0.0,0.0,0.0,0.0,0.0,0.0,0.0,0.0,0.0,0.0,0.0,0.0,0.0,0.0,0.0,2021-10-17
141,0.0,0.0,0.0,0.0,0.0,0.0,0.0,0.0,0.0,0.0,0.0,0.0,0.0,0.0,0.0,0.0,0.0,0.0,0.0,0.0,0.0,0.0,0.0,0.0,0.0,0.0,0.0,0.0,0.0,0.0,0.0,0.0,0.0,0.0,0.0,0.0,0.0,0.0,0.0,0.0,0.0,0.0,0.0,0.0,0.0,0.0,0.0,0.0,0.0,0.0,0.0,0.0,0.0,0.0,0.0,0.0,0.0,0.0,0.0,0.0,0.0,0.0,0.0,0.0,0.0,0.0,0.0,0.0,0.0,0.0,0.0,0.0,0.0,0.0,0.0,0.0,0.0,0.0,0.0,0.0,0.0,0.0,0.0,0.0,0.0,0.0,0.0,0.0,0.0,0.0,0.0,0.0,0.0,0.0,0.0,0.0,0.0,0.0,0.0,0.0,0.0,0.0,0.0,2021-10-18
142,0.0,0.0,0.0,0.0,0.0,0.0,0.0,0.0,0.0,0.0,0.0,0.0,0.0,0.0,0.0,0.0,0.0,0.0,0.0,0.0,0.0,0.0,0.0,0.0,0.0,0.0,0.0,0.0,0.0,0.0,0.0,0.0,0.0,0.0,0.0,0.0,0.0,0.0,0.0,0.0,0.0,0.0,0.0,0.0,0.0,0.0,0.0,0.0,0.0,0.0,0.0,0.0,0.0,0.0,0.0,0.0,0.0,0.0,0.0,0.0,0.0,0.0,0.0,0.0,0.0,0.0,0.0,0.0,0.0,0.0,0.0,0.0,0.0,0.0,0.0,0.0,0.0,0.0,0.0,0.0,0.0,0.0,0.0,0.0,0.0,0.0,0.0,0.0,0.0,0.0,0.0,0.0,0.0,0.0,0.0,0.0,0.0,0.0,0.0,0.0,0.0,0.0,0.0,2021-10-19
143,0.0,0.0,0.0,0.0,0.0,0.0,0.0,0.0,0.0,0.0,0.0,0.0,0.0,0.0,0.0,0.0,0.0,0.0,0.0,0.0,0.0,0.0,0.0,0.0,0.0,0.0,0.0,0.0,0.0,0.0,0.0,0.0,0.0,0.0,0.0,0.0,0.0,0.0,0.0,0.0,0.0,0.0,0.0,0.0,0.0,0.0,0.0,0.0,0.0,0.0,0.0,0.0,0.0,0.0,0.0,0.0,0.0,0.0,0.0,0.0,0.0,0.0,0.0,0.0,0.0,0.0,0.0,0.0,0.0,0.0,0.0,0.0,0.0,0.0,0.0,0.0,0.0,0.0,0.0,0.0,0.0,0.0,0.0,0.0,0.0,0.0,0.0,0.0,0.0,0.0,0.0,0.0,0.0,0.0,0.0,0.0,0.0,0.0,0.0,0.0,0.0,0.0,0.0,2021-10-20
144,0.0,0.0,0.0,0.0,0.0,0.0,0.0,0.0,0.0,0.0,0.0,0.0,0.0,0.0,0.0,0.0,0.0,0.0,0.0,0.0,0.0,0.0,0.0,0.0,0.0,0.0,0.0,0.0,0.0,0.0,0.0,0.0,0.0,0.0,0.0,0.0,0.0,0.0,0.0,0.0,0.0,0.0,0.0,0.0,0.0,0.0,0.0,0.0,0.0,0.0,0.0,0.0,0.0,0.0,0.0,0.0,0.0,0.0,0.0,0.0,0.0,0.0,0.0,0.0,0.0,0.0,0.0,0.0,0.0,0.0,0.0,0.0,0.0,0.0,0.0,0.0,0.0,0.0,0.0,0.0,0.0,0.0,0.0,0.0,0.0,0.0,0.0,0.0,0.0,0.0,0.0,0.0,0.0,0.0,0.0,0.0,0.0,0.0,0.0,0.0,0.0,0.0,0.0,2021-10-21
145,0.0,0.0,0.0,0.0,0.0,0.0,0.0,0.0,0.0,0.0,0.0,0.0,0.0,0.0,0.0,0.0,0.0,0.0,0.0,0.0,0.0,0.0,0.0,0.0,0.0,0.0,0.0,0.0,0.0,0.0,0.0,0.0,0.0,0.0,0.0,0.0,0.0,0.0,0.0,0.0,0.0,0.0,0.0,0.0,0.0,0.0,0.0,0.0,0.0,0.0,0.0,0.0,0.0,0.0,0.0,0.0,0.0,0.0,0.0,0.0,0.0,0.0,0.0,0.0,0.0,0.0,0.0,0.0,0.0,0.0,0.0,0.0,0.0,0.0,0.0,0.0,0.0,0.0,0.0,0.0,0.0,0.0,0.0,0.0,0.0,0.0,0.0,0.0,0.0,0.0,0.0,0.0,0.0,0.0,0.0,0.0,0.0,0.0,0.0,0.0,0.0,0.0,0.0,2021-10-22
146,0.0,0.0,0.0,0.0,0.0,0.0,0.0,0.0,0.0,0.0,0.0,0.0,0.0,0.0,0.0,0.0,0.0,0.0,0.0,0.0,0.0,0.0,0.0,0.0,0.0,0.0,0.0,0.0,0.0,0.0,0.0,0.0,0.0,0.0,0.0,0.0,0.0,0.0,0.0,0.0,0.0,0.0,0.0,0.0,0.0,0.0,0.0,0.0,0.0,0.0,0.0,0.0,0.0,0.0,0.0,0.0,0.0,0.0,0.0,0.0,0.0,0.0,0.0,0.0,0.0,0.0,0.0,0.0,0.0,0.0,0.0,0.0,0.0,0.0,0.0,0.0,0.0,0.0,0.0,0.0,0.0,0.0,0.0,0.0,0.0,0.0,0.0,0.0,0.0,0.0,0.0,0.0,0.0,0.0,0.0,0.0,0.0,0.0,0.0,0.0,0.0,0.0,0.0,2021-10-23
147,0.0,0.0,0.0,0.0,0.0,0.0,0.0,0.0,0.0,0.0,0.0,0.0,0.0,0.0,0.0,1.0,0.0,0.0,0.0,0.0,0.0,0.0,0.0,0.0,0.0,0.0,0.0,0.0,0.0,0.0,0.0,0.0,0.0,0.0,0.0,0.0,0.0,0.0,0.0,0.0,0.0,0.0,0.0,0.0,0.0,0.0,0.0,0.0,0.0,0.0,0.0,0.0,0.0,0.0,0.0,0.0,0.0,0.0,0.0,0.0,0.0,0.0,0.0,0.0,0.0,0.0,0.0,0.0,0.0,0.0,0.0,0.0,0.0,0.0,0.0,0.0,0.0,0.0,0.0,0.0,0.0,0.0,0.0,0.0,0.0,0.0,0.0,0.0,0.0,0.0,0.0,0.0,0.0,0.0,0.0,0.0,0.0,0.0,0.0,0.0,0.0,0.0,0.0,2021-10-24
148,0.0,0.0,0.0,0.0,0.0,0.0,0.0,0.0,0.0,0.0,0.0,0.0,0.0,0.0,0.0,0.0,0.0,0.0,0.0,0.0,0.0,0.0,0.0,0.0,0.0,0.0,0.0,0.0,0.0,0.0,0.0,0.0,0.0,0.0,0.0,0.0,0.0,0.0,0.0,0.0,0.0,0.0,0.0,0.0,0.0,0.0,0.0,0.0,0.0,0.0,0.0,0.0,0.0,0.0,0.0,0.0,0.0,0.0,0.0,0.0,0.0,0.0,0.0,0.0,0.0,0.0,0.0,0.0,0.0,0.0,0.0,0.0,0.0,0.0,0.0,0.0,0.0,0.0,0.0,0.0,0.0,0.0,0.0,0.0,0.0,0.0,0.0,0.0,0.0,0.0,0.0,0.0,0.0,0.0,0.0,0.0,0.0,0.0,0.0,0.0,0.0,0.0,0.0,2021-10-25
149,0.0,0.0,0.0,0.0,0.0,0.0,0.0,0.0,0.0,0.0,0.0,0.0,0.0,0.0,0.0,0.0,0.0,0.0,0.0,0.0,0.0,0.0,0.0,0.0,0.0,0.0,0.0,0.0,0.0,0.0,0.0,0.0,0.0,0.0,0.0,0.0,0.0,0.0,0.0,0.0,0.0,0.0,0.0,0.0,0.0,0.0,0.0,0.0,0.0,0.0,0.0,0.0,0.0,0.0,0.0,0.0,0.0,0.0,0.0,0.0,0.0,0.0,0.0,0.0,0.0,0.0,0.0,0.0,0.0,0.0,0.0,0.0,0.0,0.0,0.0,0.0,0.0,0.0,0.0,0.0,0.0,0.0,0.0,0.0,0.0,0.0,0.0,0.0,0.0,0.0,0.0,0.0,0.0,0.0,0.0,0.0,0.0,0.0,0.0,0.0,0.0,0.0,0.0,2021-10-26
150,0.0,0.0,0.0,0.0,0.0,0.0,0.0,0.0,0.0,0.0,0.0,0.0,0.0,0.0,0.0,0.0,0.0,0.0,0.0,0.0,0.0,0.0,0.0,0.0,0.0,0.0,0.0,0.0,0.0,0.0,0.0,0.0,0.0,0.0,0.0,0.0,0.0,0.0,0.0,0.0,0.0,0.0,0.0,0.0,0.0,0.0,0.0,0.0,0.0,0.0,0.0,0.0,0.0,0.0,0.0,0.0,0.0,0.0,0.0,0.0,0.0,0.0,0.0,0.0,0.0,0.0,0.0,0.0,0.0,0.0,0.0,0.0,0.0,0.0,0.0,0.0,0.0,0.0,0.0,0.0,0.0,0.0,0.0,0.0,0.0,0.0,0.0,0.0,0.0,0.0,0.0,0.0,0.0,0.0,0.0,0.0,0.0,0.0,0.0,0.0,0.0,0.0,0.0,2021-10-27
151,0.0,0.0,0.0,0.0,0.0,0.0,0.0,0.0,0.0,0.0,0.0,0.0,0.0,0.0,0.0,0.0,0.0,0.0,0.0,0.0,0.0,0.0,0.0,0.0,0.0,0.0,0.0,0.0,0.0,0.0,0.0,0.0,0.0,0.0,0.0,0.0,0.0,0.0,0.0,0.0,0.0,0.0,0.0,0.0,0.0,0.0,0.0,0.0,0.0,0.0,0.0,0.0,0.0,0.0,0.0,0.0,0.0,0.0,0.0,0.0,0.0,0.0,0.0,0.0,0.0,0.0,0.0,0.0,0.0,0.0,0.0,0.0,0.0,0.0,0.0,0.0,0.0,0.0,0.0,0.0,0.0,0.0,0.0,0.0,0.0,0.0,0.0,0.0,0.0,0.0,0.0,0.0,0.0,0.0,0.0,0.0,0.0,0.0,0.0,0.0,0.0,0.0,0.0,2021-10-28
152,0.0,0.0,0.0,0.0,0.0,0.0,0.0,0.0,0.0,0.0,0.0,0.0,0.0,0.0,0.0,0.0,0.0,0.0,0.0,0.0,0.0,0.0,0.0,0.0,0.0,0.0,0.0,0.0,0.0,0.0,0.0,0.0,0.0,0.0,0.0,0.0,0.0,0.0,0.0,0.0,0.0,0.0,0.0,0.0,0.0,0.0,0.0,0.0,0.0,0.0,0.0,0.0,0.0,0.0,0.0,0.0,0.0,0.0,0.0,0.0,0.0,0.0,0.0,0.0,0.0,0.0,0.0,0.0,0.0,0.0,0.0,0.0,0.0,0.0,0.0,0.0,0.0,0.0,0.0,0.0,0.0,0.0,0.0,0.0,0.0,0.0,0.0,0.0,0.0,0.0,0.0,0.0,0.0,0.0,0.0,0.0,0.0,0.0,0.0,0.0,0.0,0.0,0.0,2021-10-29
153,0.0,0.0,0.0,0.0,0.0,0.0,0.0,0.0,0.0,0.0,0.0,0.0,0.0,0.0,0.0,0.0,0.0,0.0,0.0,0.0,0.0,0.0,0.0,0.0,0.0,0.0,0.0,0.0,0.0,0.0,0.0,0.0,0.0,0.0,0.0,0.0,0.0,0.0,0.0,0.0,0.0,0.0,0.0,0.0,0.0,0.0,0.0,0.0,0.0,0.0,0.0,0.0,0.0,0.0,0.0,0.0,0.0,0.0,0.0,0.0,0.0,0.0,0.0,0.0,0.0,0.0,0.0,0.0,0.0,0.0,0.0,0.0,0.0,0.0,0.0,0.0,0.0,0.0,0.0,0.0,0.0,0.0,0.0,0.0,0.0,0.0,0.0,0.0,0.0,0.0,0.0,0.0,0.0,0.0,0.0,0.0,0.0,0.0,0.0,0.0,0.0,0.0,0.0,2021-10-30
154,0.0,0.0,0.0,0.0,0.0,0.0,0.0,0.0,0.0,0.0,0.0,0.0,0.0,0.0,0.0,0.0,0.0,0.0,0.0,0.0,0.0,0.0,0.0,0.0,0.0,0.0,0.0,0.0,0.0,0.0,0.0,0.0,0.0,0.0,0.0,0.0,0.0,0.0,0.0,0.0,0.0,0.0,0.0,0.0,0.0,0.0,0.0,0.0,0.0,0.0,0.0,0.0,0.0,0.0,0.0,0.0,0.0,0.0,0.0,0.0,0.0,0.0,0.0,0.0,0.0,0.0,0.0,0.0,0.0,0.0,0.0,0.0,0.0,0.0,0.0,0.0,0.0,0.0,0.0,0.0,0.0,0.0,0.0,0.0,0.0,0.0,0.0,0.0,0.0,0.0,0.0,0.0,0.0,0.0,0.0,0.0,0.0,0.0,0.0,0.0,0.0,0.0,0.0,2021-10-31
155,0.0,0.0,0.0,0.0,0.0,0.0,0.0,0.0,0.0,0.0,0.0,0.0,0.0,0.0,0.0,0.0,0.0,0.0,0.0,0.0,0.0,0.0,0.0,0.0,0.0,0.0,0.0,0.0,0.0,0.0,0.0,0.0,0.0,0.0,0.0,0.0,0.0,0.0,0.0,0.0,0.0,0.0,0.0,0.0,0.0,0.0,0.0,0.0,0.0,0.0,0.0,0.0,0.0,0.0,0.0,0.0,0.0,0.0,0.0,0.0,0.0,0.0,0.0,0.0,0.0,0.0,0.0,0.0,0.0,0.0,0.0,0.0,0.0,0.0,0.0,0.0,0.0,0.0,0.0,0.0,0.0,0.0,0.0,0.0,0.0,0.0,0.0,0.0,0.0,0.0,0.0,0.0,0.0,0.0,0.0,0.0,0.0,0.0,0.0,0.0,0.0,0.0,0.0,2021-11-01
156,0.0,0.0,0.0,0.0,0.0,0.0,0.0,0.0,0.0,0.0,0.0,0.0,0.0,0.0,0.0,0.0,0.0,0.0,0.0,0.0,0.0,0.0,0.0,0.0,0.0,0.0,0.0,0.0,0.0,0.0,0.0,0.0,0.0,0.0,0.0,0.0,0.0,0.0,0.0,0.0,0.0,0.0,0.0,0.0,0.0,0.0,0.0,0.0,0.0,0.0,0.0,0.0,0.0,0.0,0.0,0.0,0.0,0.0,0.0,0.0,0.0,0.0,0.0,0.0,0.0,0.0,0.0,0.0,0.0,0.0,0.0,0.0,0.0,0.0,0.0,0.0,0.0,0.0,0.0,0.0,0.0,0.0,0.0,0.0,0.0,0.0,0.0,0.0,0.0,0.0,0.0,0.0,0.0,0.0,0.0,0.0,0.0,0.0,0.0,0.0,0.0,0.0,0.0,2021-11-02
157,0.0,0.0,0.0,0.0,0.0,0.0,0.0,0.0,0.0,0.0,0.0,0.0,0.0,0.0,0.0,0.0,0.0,0.0,0.0,0.0,0.0,0.0,0.0,0.0,0.0,0.0,0.0,0.0,0.0,0.0,0.0,0.0,0.0,0.0,0.0,0.0,0.0,0.0,0.0,0.0,0.0,0.0,0.0,0.0,0.0,0.0,0.0,0.0,0.0,0.0,0.0,0.0,0.0,0.0,0.0,0.0,0.0,0.0,0.0,0.0,0.0,0.0,0.0,0.0,0.0,0.0,0.0,0.0,0.0,0.0,0.0,0.0,0.0,0.0,0.0,0.0,0.0,0.0,0.0,0.0,0.0,0.0,0.0,0.0,0.0,0.0,0.0,0.0,0.0,0.0,0.0,0.0,0.0,0.0,0.0,0.0,0.0,0.0,0.0,0.0,0.0,0.0,0.0,2021-11-03
158,0.0,0.0,0.0,0.0,0.0,0.0,0.0,0.0,0.0,0.0,0.0,0.0,0.0,0.0,0.0,0.0,0.0,0.0,0.0,0.0,0.0,0.0,0.0,0.0,0.0,0.0,0.0,0.0,0.0,0.0,0.0,0.0,0.0,0.0,0.0,0.0,0.0,0.0,0.0,0.0,0.0,0.0,0.0,0.0,0.0,0.0,0.0,0.0,0.0,0.0,0.0,0.0,0.0,0.0,0.0,0.0,0.0,0.0,0.0,0.0,0.0,0.0,0.0,0.0,0.0,0.0,0.0,0.0,0.0,0.0,0.0,0.0,0.0,0.0,0.0,0.0,0.0,0.0,0.0,0.0,0.0,0.0,0.0,0.0,0.0,0.0,0.0,0.0,0.0,0.0,0.0,0.0,0.0,0.0,0.0,0.0,0.0,0.0,0.0,0.0,0.0,0.0,0.0,2021-11-04
159,0.0,0.0,0.0,0.0,0.0,0.0,0.0,0.0,0.0,0.0,0.0,0.0,0.0,0.0,0.0,0.0,0.0,0.0,0.0,0.0,0.0,0.0,0.0,0.0,0.0,0.0,0.0,0.0,0.0,0.0,0.0,0.0,0.0,0.0,0.0,0.0,0.0,0.0,0.0,0.0,0.0,0.0,0.0,0.0,0.0,0.0,0.0,0.0,0.0,0.0,0.0,0.0,0.0,0.0,0.0,0.0,0.0,0.0,0.0,0.0,0.0,0.0,0.0,0.0,0.0,0.0,0.0,0.0,0.0,0.0,0.0,0.0,0.0,0.0,0.0,0.0,0.0,0.0,0.0,0.0,0.0,0.0,0.0,0.0,0.0,0.0,0.0,0.0,0.0,0.0,0.0,0.0,0.0,0.0,0.0,0.0,0.0,0.0,0.0,0.0,0.0,0.0,0.0,2021-11-05
160,0.0,0.0,0.0,0.0,0.0,0.0,0.0,0.0,0.0,0.0,0.0,0.0,0.0,0.0,0.0,0.0,0.0,0.0,0.0,0.0,0.0,0.0,0.0,0.0,0.0,0.0,0.0,0.0,0.0,0.0,0.0,0.0,0.0,0.0,0.0,0.0,0.0,0.0,0.0,0.0,0.0,0.0,0.0,0.0,0.0,0.0,0.0,0.0,0.0,0.0,0.0,0.0,0.0,0.0,0.0,0.0,0.0,0.0,0.0,0.0,0.0,0.0,0.0,0.0,0.0,0.0,0.0,0.0,0.0,0.0,0.0,0.0,0.0,0.0,0.0,0.0,0.0,0.0,0.0,0.0,0.0,0.0,0.0,0.0,0.0,0.0,0.0,0.0,0.0,0.0,0.0,0.0,0.0,0.0,0.0,0.0,0.0,0.0,0.0,0.0,0.0,0.0,0.0,2021-11-06
161,0.0,0.0,0.0,0.0,0.0,0.0,0.0,0.0,0.0,0.0,0.0,0.0,0.0,0.0,0.0,0.0,0.0,0.0,0.0,0.0,0.0,0.0,0.0,0.0,0.0,0.0,0.0,0.0,0.0,0.0,0.0,0.0,0.0,0.0,0.0,0.0,0.0,0.0,0.0,0.0,0.0,0.0,0.0,0.0,0.0,0.0,0.0,0.0,0.0,0.0,0.0,0.0,0.0,0.0,0.0,0.0,0.0,0.0,0.0,0.0,0.0,0.0,0.0,0.0,0.0,0.0,0.0,0.0,0.0,0.0,0.0,0.0,0.0,0.0,0.0,0.0,0.0,0.0,0.0,0.0,0.0,0.0,0.0,0.0,0.0,0.0,0.0,0.0,0.0,0.0,0.0,0.0,0.0,0.0,0.0,0.0,0.0,0.0,0.0,0.0,0.0,0.0,0.0,2021-11-07
162,0.0,0.0,0.0,0.0,0.0,0.0,0.0,0.0,0.0,0.0,0.0,0.0,0.0,0.0,0.0,0.0,0.0,0.0,0.0,0.0,0.0,0.0,0.0,0.0,0.0,0.0,0.0,0.0,0.0,0.0,0.0,0.0,0.0,0.0,0.0,0.0,0.0,0.0,0.0,0.0,0.0,0.0,0.0,0.0,0.0,0.0,0.0,0.0,0.0,0.0,0.0,0.0,0.0,0.0,0.0,0.0,0.0,0.0,0.0,0.0,0.0,0.0,0.0,0.0,0.0,0.0,0.0,0.0,0.0,0.0,0.0,0.0,0.0,0.0,0.0,0.0,0.0,0.0,0.0,0.0,0.0,0.0,0.0,0.0,0.0,0.0,0.0,0.0,0.0,0.0,0.0,0.0,0.0,0.0,0.0,0.0,0.0,0.0,0.0,0.0,0.0,0.0,0.0,2021-11-08
163,0.0,0.0,0.0,0.0,0.0,0.0,0.0,0.0,0.0,0.0,0.0,0.0,0.0,0.0,0.0,0.0,0.0,0.0,0.0,0.0,0.0,0.0,0.0,0.0,0.0,0.0,0.0,0.0,0.0,0.0,0.0,0.0,0.0,0.0,0.0,0.0,0.0,0.0,0.0,0.0,0.0,0.0,0.0,0.0,0.0,0.0,0.0,0.0,0.0,0.0,0.0,0.0,0.0,0.0,0.0,0.0,0.0,0.0,0.0,0.0,0.0,0.0,0.0,0.0,0.0,0.0,0.0,0.0,0.0,0.0,0.0,0.0,0.0,0.0,0.0,0.0,0.0,0.0,0.0,0.0,0.0,0.0,0.0,0.0,0.0,0.0,0.0,0.0,0.0,0.0,0.0,0.0,0.0,0.0,0.0,0.0,0.0,0.0,0.0,0.0,0.0,0.0,0.0,2021-11-09
164,0.0,0.0,0.0,0.0,0.0,0.0,0.0,0.0,0.0,0.0,0.0,0.0,0.0,0.0,0.0,0.0,0.0,0.0,0.0,0.0,0.0,0.0,0.0,0.0,0.0,0.0,0.0,0.0,0.0,0.0,0.0,0.0,0.0,0.0,0.0,0.0,0.0,0.0,0.0,0.0,0.0,0.0,0.0,0.0,0.0,0.0,0.0,0.0,0.0,0.0,0.0,0.0,0.0,0.0,0.0,0.0,0.0,0.0,0.0,0.0,0.0,0.0,0.0,0.0,0.0,0.0,0.0,0.0,0.0,0.0,0.0,0.0,0.0,0.0,0.0,0.0,0.0,0.0,0.0,0.0,0.0,0.0,0.0,0.0,0.0,0.0,0.0,0.0,0.0,0.0,0.0,0.0,0.0,0.0,0.0,0.0,0.0,0.0,0.0,0.0,0.0,0.0,0.0,2021-11-10
165,0.0,0.0,0.0,0.0,0.0,0.0,0.0,0.0,0.0,0.0,0.0,0.0,0.0,0.0,0.0,0.0,0.0,0.0,0.0,0.0,0.0,0.0,0.0,0.0,0.0,0.0,0.0,0.0,0.0,0.0,0.0,0.0,0.0,0.0,0.0,0.0,0.0,0.0,0.0,0.0,0.0,0.0,0.0,0.0,0.0,0.0,0.0,0.0,0.0,0.0,0.0,0.0,0.0,0.0,0.0,0.0,0.0,0.0,0.0,0.0,0.0,0.0,0.0,0.0,0.0,0.0,0.0,0.0,0.0,0.0,0.0,0.0,0.0,0.0,0.0,0.0,0.0,0.0,0.0,0.0,0.0,0.0,0.0,0.0,0.0,0.0,0.0,0.0,0.0,0.0,0.0,0.0,0.0,0.0,0.0,0.0,0.0,0.0,0.0,0.0,0.0,0.0,0.0,2021-11-11
166,0.0,0.0,0.0,0.0,0.0,0.0,0.0,0.0,0.0,0.0,0.0,0.0,0.0,0.0,0.0,0.0,0.0,0.0,0.0,0.0,0.0,0.0,0.0,0.0,0.0,0.0,0.0,0.0,0.0,0.0,0.0,0.0,0.0,0.0,0.0,0.0,0.0,0.0,0.0,0.0,0.0,0.0,0.0,0.0,0.0,0.0,0.0,0.0,0.0,0.0,0.0,0.0,0.0,0.0,0.0,0.0,0.0,0.0,0.0,0.0,0.0,0.0,0.0,0.0,0.0,0.0,0.0,0.0,0.0,0.0,0.0,0.0,0.0,0.0,0.0,0.0,0.0,0.0,0.0,0.0,0.0,0.0,0.0,0.0,0.0,0.0,0.0,0.0,0.0,0.0,0.0,0.0,0.0,0.0,0.0,0.0,0.0,0.0,0.0,0.0,0.0,0.0,0.0,2021-11-12
167,0.0,0.0,0.0,0.0,0.0,0.0,0.0,0.0,0.0,0.0,0.0,0.0,0.0,0.0,0.0,0.0,0.0,0.0,0.0,0.0,0.0,0.0,0.0,0.0,0.0,0.0,0.0,0.0,0.0,0.0,0.0,0.0,0.0,0.0,0.0,0.0,0.0,0.0,0.0,0.0,0.0,0.0,0.0,0.0,0.0,0.0,0.0,0.0,0.0,0.0,0.0,0.0,0.0,0.0,0.0,0.0,0.0,0.0,0.0,0.0,0.0,0.0,0.0,0.0,0.0,0.0,0.0,0.0,0.0,0.0,0.0,0.0,0.0,0.0,0.0,0.0,0.0,0.0,0.0,0.0,0.0,0.0,0.0,0.0,0.0,0.0,0.0,0.0,0.0,0.0,0.0,0.0,0.0,0.0,0.0,0.0,0.0,0.0,0.0,0.0,0.0,0.0,0.0,2021-11-13
168,0.0,0.0,0.0,0.0,0.0,0.0,0.0,0.0,0.0,0.0,0.0,0.0,0.0,0.0,0.0,0.0,0.0,0.0,0.0,0.0,0.0,0.0,0.0,0.0,0.0,0.0,0.0,0.0,0.0,0.0,0.0,0.0,0.0,0.0,0.0,0.0,0.0,0.0,0.0,0.0,0.0,0.0,0.0,0.0,0.0,0.0,0.0,0.0,0.0,0.0,0.0,0.0,0.0,0.0,0.0,0.0,0.0,0.0,0.0,0.0,0.0,0.0,0.0,0.0,0.0,0.0,0.0,0.0,0.0,0.0,0.0,0.0,0.0,0.0,0.0,0.0,0.0,0.0,0.0,0.0,0.0,0.0,0.0,0.0,0.0,0.0,0.0,0.0,0.0,0.0,0.0,0.0,0.0,0.0,0.0,0.0,0.0,0.0,0.0,0.0,0.0,0.0,0.0,2021-11-14
169,0.0,0.0,0.0,0.0,0.0,0.0,0.0,0.0,0.0,0.0,0.0,0.0,0.0,0.0,0.0,0.0,0.0,0.0,0.0,0.0,0.0,0.0,0.0,0.0,0.0,0.0,0.0,0.0,0.0,0.0,0.0,0.0,0.0,0.0,0.0,0.0,0.0,0.0,0.0,0.0,0.0,0.0,0.0,0.0,0.0,0.0,0.0,0.0,0.0,0.0,0.0,0.0,0.0,0.0,0.0,0.0,0.0,0.0,0.0,0.0,0.0,0.0,0.0,0.0,0.0,0.0,0.0,0.0,0.0,0.0,0.0,0.0,0.0,0.0,0.0,0.0,0.0,0.0,0.0,0.0,0.0,0.0,0.0,0.0,0.0,0.0,0.0,0.0,0.0,0.0,0.0,0.0,0.0,0.0,0.0,0.0,0.0,0.0,0.0,0.0,0.0,0.0,0.0,2021-11-15
170,0.0,0.0,0.0,0.0,0.0,0.0,0.0,0.0,0.0,0.0,0.0,0.0,0.0,0.0,0.0,0.0,0.0,0.0,0.0,0.0,0.0,0.0,0.0,0.0,0.0,0.0,0.0,0.0,0.0,0.0,0.0,0.0,0.0,0.0,0.0,0.0,0.0,0.0,0.0,0.0,0.0,0.0,0.0,0.0,0.0,0.0,0.0,0.0,0.0,0.0,0.0,0.0,0.0,0.0,0.0,0.0,0.0,0.0,0.0,0.0,0.0,0.0,0.0,0.0,0.0,0.0,0.0,0.0,0.0,0.0,0.0,0.0,0.0,0.0,0.0,0.0,0.0,0.0,0.0,0.0,0.0,0.0,0.0,0.0,0.0,0.0,0.0,0.0,0.0,0.0,0.0,0.0,0.0,0.0,0.0,0.0,0.0,0.0,0.0,0.0,0.0,0.0,0.0,2021-11-16
171,0.0,0.0,0.0,0.0,0.0,0.0,0.0,0.0,0.0,0.0,0.0,0.0,0.0,0.0,0.0,0.0,0.0,0.0,0.0,0.0,0.0,0.0,0.0,0.0,0.0,0.0,0.0,0.0,0.0,0.0,0.0,0.0,0.0,0.0,0.0,0.0,0.0,0.0,0.0,0.0,0.0,0.0,0.0,0.0,0.0,0.0,0.0,0.0,0.0,0.0,0.0,0.0,0.0,0.0,0.0,0.0,0.0,0.0,0.0,0.0,0.0,0.0,0.0,0.0,0.0,0.0,0.0,0.0,0.0,0.0,0.0,0.0,0.0,0.0,0.0,0.0,0.0,0.0,0.0,0.0,0.0,0.0,0.0,0.0,0.0,0.0,0.0,0.0,0.0,0.0,0.0,0.0,0.0,0.0,0.0,0.0,0.0,0.0,0.0,0.0,0.0,0.0,0.0,2021-11-17
172,0.0,0.0,0.0,0.0,0.0,0.0,0.0,0.0,0.0,0.0,0.0,0.0,0.0,0.0,0.0,0.0,0.0,0.0,0.0,0.0,0.0,0.0,0.0,0.0,0.0,0.0,0.0,0.0,0.0,0.0,0.0,0.0,0.0,0.0,0.0,0.0,0.0,0.0,0.0,0.0,0.0,0.0,0.0,0.0,0.0,0.0,0.0,0.0,0.0,0.0,0.0,0.0,0.0,0.0,0.0,0.0,0.0,0.0,0.0,0.0,0.0,0.0,0.0,0.0,0.0,0.0,0.0,0.0,0.0,0.0,0.0,0.0,0.0,0.0,0.0,0.0,0.0,0.0,0.0,0.0,0.0,0.0,0.0,0.0,0.0,0.0,0.0,0.0,0.0,0.0,0.0,0.0,0.0,0.0,0.0,0.0,0.0,0.0,0.0,0.0,0.0,0.0,0.0,2021-11-18
173,0.0,0.0,0.0,0.0,0.0,0.0,0.0,0.0,0.0,0.0,0.0,0.0,0.0,0.0,0.0,0.0,0.0,0.0,0.0,0.0,0.0,0.0,0.0,0.0,0.0,0.0,0.0,0.0,0.0,0.0,0.0,0.0,0.0,0.0,0.0,0.0,0.0,0.0,0.0,0.0,0.0,0.0,0.0,0.0,0.0,0.0,0.0,0.0,0.0,0.0,0.0,0.0,0.0,0.0,0.0,0.0,0.0,0.0,0.0,0.0,0.0,0.0,0.0,0.0,0.0,0.0,0.0,0.0,0.0,0.0,0.0,0.0,0.0,0.0,0.0,0.0,0.0,0.0,0.0,0.0,0.0,0.0,0.0,0.0,0.0,0.0,0.0,0.0,0.0,0.0,0.0,0.0,0.0,0.0,0.0,0.0,0.0,0.0,0.0,0.0,0.0,0.0,0.0,2021-11-19
174,0.0,0.0,0.0,0.0,0.0,0.0,0.0,0.0,0.0,0.0,0.0,0.0,0.0,0.0,0.0,0.0,0.0,0.0,0.0,0.0,0.0,0.0,0.0,0.0,0.0,0.0,0.0,0.0,0.0,0.0,0.0,0.0,0.0,0.0,0.0,0.0,0.0,0.0,0.0,0.0,0.0,0.0,0.0,0.0,0.0,0.0,0.0,0.0,0.0,0.0,0.0,0.0,0.0,0.0,0.0,0.0,0.0,0.0,0.0,0.0,0.0,0.0,0.0,0.0,0.0,0.0,0.0,0.0,0.0,0.0,0.0,0.0,0.0,0.0,0.0,0.0,0.0,0.0,0.0,0.0,0.0,0.0,0.0,0.0,0.0,0.0,0.0,0.0,0.0,0.0,0.0,0.0,0.0,0.0,0.0,0.0,0.0,0.0,0.0,0.0,0.0,0.0,0.0,2021-11-20
175,0.0,0.0,0.0,0.0,0.0,0.0,0.0,0.0,0.0,0.0,0.0,0.0,0.0,0.0,0.0,0.0,0.0,0.0,0.0,0.0,0.0,0.0,0.0,0.0,0.0,0.0,0.0,0.0,0.0,0.0,0.0,0.0,0.0,0.0,0.0,0.0,0.0,0.0,0.0,0.0,0.0,0.0,0.0,0.0,0.0,0.0,0.0,0.0,0.0,0.0,0.0,0.0,0.0,0.0,0.0,0.0,0.0,0.0,0.0,0.0,0.0,0.0,0.0,0.0,0.0,0.0,0.0,0.0,0.0,0.0,0.0,0.0,0.0,0.0,0.0,0.0,0.0,0.0,0.0,0.0,0.0,0.0,0.0,0.0,0.0,0.0,0.0,0.0,0.0,0.0,0.0,0.0,0.0,0.0,0.0,0.0,0.0,0.0,0.0,0.0,0.0,0.0,0.0,2021-11-21
176,0.0,0.0,0.0,0.0,0.0,0.0,0.0,0.0,0.0,0.0,0.0,0.0,0.0,0.0,0.0,0.0,0.0,0.0,0.0,0.0,0.0,0.0,0.0,0.0,0.0,0.0,0.0,0.0,0.0,0.0,0.0,0.0,0.0,0.0,0.0,0.0,0.0,0.0,0.0,0.0,0.0,0.0,0.0,0.0,0.0,0.0,0.0,0.0,0.0,0.0,0.0,0.0,0.0,0.0,0.0,0.0,0.0,0.0,0.0,0.0,0.0,0.0,0.0,0.0,0.0,0.0,0.0,0.0,0.0,0.0,0.0,0.0,0.0,0.0,0.0,0.0,0.0,0.0,0.0,0.0,0.0,0.0,0.0,0.0,0.0,0.0,0.0,0.0,0.0,0.0,0.0,0.0,0.0,0.0,0.0,0.0,0.0,0.0,0.0,0.0,0.0,0.0,0.0,2021-11-22
177,0.0,0.0,0.0,0.0,0.0,0.0,0.0,0.0,0.0,0.0,0.0,0.0,0.0,0.0,0.0,0.0,0.0,0.0,0.0,0.0,0.0,0.0,0.0,0.0,0.0,0.0,0.0,0.0,0.0,0.0,0.0,0.0,0.0,0.0,0.0,0.0,0.0,0.0,0.0,0.0,0.0,0.0,0.0,0.0,0.0,0.0,0.0,0.0,0.0,0.0,0.0,0.0,0.0,0.0,0.0,0.0,0.0,0.0,0.0,0.0,0.0,0.0,0.0,0.0,0.0,0.0,0.0,0.0,0.0,0.0,0.0,0.0,0.0,0.0,0.0,0.0,0.0,0.0,0.0,0.0,0.0,0.0,0.0,0.0,0.0,0.0,0.0,0.0,0.0,0.0,0.0,0.0,0.0,0.0,0.0,0.0,0.0,0.0,0.0,0.0,0.0,0.0,0.0,2021-11-23
178,0.0,0.0,0.0,0.0,0.0,0.0,0.0,0.0,0.0,0.0,0.0,0.0,0.0,0.0,0.0,0.0,0.0,0.0,0.0,0.0,0.0,0.0,0.0,0.0,0.0,0.0,0.0,0.0,0.0,0.0,0.0,0.0,0.0,0.0,0.0,0.0,0.0,0.0,0.0,0.0,0.0,0.0,0.0,0.0,0.0,0.0,0.0,0.0,0.0,0.0,0.0,0.0,0.0,0.0,0.0,0.0,0.0,0.0,0.0,0.0,0.0,0.0,0.0,0.0,0.0,0.0,0.0,0.0,0.0,0.0,0.0,0.0,0.0,0.0,0.0,0.0,0.0,0.0,0.0,0.0,0.0,0.0,0.0,0.0,0.0,0.0,0.0,0.0,0.0,0.0,0.0,0.0,0.0,0.0,0.0,0.0,0.0,0.0,0.0,0.0,0.0,0.0,0.0,2021-11-24
179,0.0,0.0,0.0,0.0,0.0,0.0,0.0,0.0,0.0,0.0,0.0,0.0,0.0,0.0,0.0,0.0,0.0,0.0,0.0,0.0,0.0,0.0,0.0,0.0,0.0,0.0,0.0,0.0,0.0,0.0,0.0,0.0,0.0,0.0,0.0,0.0,0.0,0.0,0.0,0.0,0.0,0.0,0.0,0.0,0.0,0.0,0.0,0.0,0.0,0.0,0.0,0.0,0.0,0.0,0.0,0.0,0.0,0.0,0.0,0.0,0.0,0.0,0.0,0.0,0.0,0.0,0.0,0.0,0.0,0.0,0.0,0.0,0.0,0.0,0.0,0.0,0.0,0.0,0.0,0.0,0.0,0.0,0.0,0.0,0.0,0.0,0.0,0.0,0.0,0.0,0.0,0.0,0.0,0.0,0.0,0.0,0.0,0.0,0.0,0.0,0.0,0.0,0.0,2021-11-25
180,0.0,0.0,0.0,0.0,0.0,0.0,0.0,0.0,0.0,0.0,0.0,0.0,0.0,0.0,0.0,0.0,0.0,0.0,0.0,0.0,0.0,0.0,0.0,0.0,0.0,0.0,0.0,0.0,0.0,0.0,0.0,0.0,0.0,0.0,0.0,0.0,0.0,0.0,0.0,0.0,0.0,0.0,0.0,0.0,0.0,0.0,0.0,0.0,0.0,0.0,0.0,0.0,0.0,0.0,0.0,0.0,0.0,0.0,0.0,0.0,0.0,0.0,0.0,0.0,0.0,0.0,0.0,0.0,0.0,0.0,0.0,0.0,0.0,0.0,0.0,0.0,0.0,0.0,0.0,0.0,0.0,0.0,0.0,0.0,0.0,0.0,0.0,0.0,0.0,0.0,0.0,0.0,0.0,0.0,0.0,0.0,0.0,0.0,0.0,0.0,0.0,0.0,0.0,2021-11-26
181,0.0,0.0,0.0,0.0,0.0,0.0,0.0,0.0,0.0,0.0,0.0,0.0,0.0,0.0,0.0,0.0,0.0,0.0,0.0,0.0,0.0,0.0,0.0,0.0,0.0,0.0,0.0,0.0,0.0,0.0,0.0,0.0,0.0,0.0,0.0,0.0,0.0,0.0,0.0,0.0,0.0,0.0,0.0,0.0,0.0,0.0,0.0,0.0,0.0,0.0,0.0,0.0,0.0,0.0,0.0,0.0,0.0,0.0,0.0,0.0,0.0,0.0,0.0,0.0,0.0,0.0,0.0,0.0,0.0,0.0,0.0,0.0,0.0,0.0,0.0,0.0,0.0,0.0,0.0,0.0,0.0,0.0,0.0,0.0,0.0,0.0,0.0,0.0,0.0,0.0,0.0,0.0,0.0,0.0,0.0,0.0,0.0,0.0,0.0,0.0,0.0,0.0,0.0,2021-11-27
182,0.0,0.0,0.0,0.0,0.0,0.0,0.0,0.0,0.0,0.0,0.0,0.0,0.0,0.0,0.0,0.0,0.0,0.0,0.0,0.0,0.0,0.0,0.0,0.0,0.0,0.0,0.0,0.0,0.0,0.0,0.0,0.0,0.0,0.0,0.0,0.0,0.0,0.0,0.0,0.0,0.0,0.0,0.0,0.0,0.0,0.0,0.0,0.0,0.0,0.0,0.0,0.0,0.0,0.0,0.0,0.0,0.0,0.0,0.0,0.0,0.0,0.0,0.0,0.0,0.0,0.0,0.0,0.0,0.0,0.0,0.0,0.0,0.0,0.0,0.0,0.0,0.0,0.0,0.0,0.0,0.0,0.0,0.0,0.0,0.0,0.0,0.0,0.0,0.0,0.0,0.0,0.0,0.0,0.0,0.0,0.0,0.0,0.0,0.0,0.0,0.0,0.0,0.0,2021-11-28
183,0.0,0.0,0.0,0.0,0.0,0.0,0.0,0.0,0.0,0.0,0.0,0.0,0.0,0.0,0.0,0.0,0.0,0.0,0.0,0.0,0.0,0.0,0.0,0.0,0.0,0.0,0.0,0.0,0.0,0.0,0.0,0.0,0.0,0.0,0.0,0.0,0.0,0.0,0.0,0.0,0.0,0.0,0.0,0.0,0.0,0.0,0.0,0.0,0.0,0.0,0.0,0.0,0.0,0.0,0.0,0.0,0.0,0.0,0.0,0.0,0.0,0.0,0.0,0.0,0.0,0.0,0.0,0.0,0.0,0.0,0.0,0.0,0.0,0.0,0.0,0.0,0.0,0.0,0.0,0.0,0.0,0.0,0.0,0.0,0.0,0.0,0.0,0.0,0.0,0.0,0.0,0.0,0.0,0.0,0.0,0.0,0.0,0.0,0.0,0.0,0.0,0.0,0.0,2021-11-29
184,0.0,0.0,0.0,0.0,0.0,0.0,0.0,0.0,0.0,0.0,0.0,0.0,0.0,0.0,0.0,0.0,0.0,0.0,0.0,0.0,0.0,0.0,0.0,0.0,0.0,0.0,0.0,0.0,0.0,0.0,0.0,0.0,0.0,0.0,0.0,0.0,0.0,0.0,0.0,0.0,0.0,0.0,0.0,0.0,0.0,0.0,0.0,0.0,0.0,0.0,0.0,0.0,0.0,0.0,0.0,0.0,0.0,0.0,0.0,0.0,0.0,0.0,0.0,0.0,0.0,0.0,0.0,0.0,0.0,0.0,0.0,0.0,0.0,0.0,0.0,0.0,0.0,0.0,0.0,0.0,0.0,0.0,0.0,0.0,0.0,0.0,0.0,0.0,0.0,0.0,0.0,0.0,0.0,0.0,0.0,0.0,0.0,0.0,0.0,0.0,0.0,0.0,0.0,2021-11-30
185,0.0,0.0,0.0,0.0,0.0,0.0,0.0,0.0,0.0,0.0,0.0,0.0,0.0,0.0,0.0,0.0,0.0,0.0,0.0,0.0,0.0,0.0,0.0,0.0,0.0,0.0,0.0,0.0,0.0,0.0,0.0,0.0,0.0,0.0,0.0,0.0,0.0,0.0,0.0,0.0,0.0,0.0,0.0,0.0,0.0,0.0,0.0,0.0,0.0,0.0,0.0,0.0,0.0,0.0,0.0,0.0,0.0,0.0,0.0,0.0,0.0,0.0,0.0,0.0,0.0,0.0,0.0,0.0,0.0,0.0,0.0,0.0,0.0,0.0,0.0,0.0,0.0,0.0,0.0,0.0,0.0,0.0,0.0,0.0,0.0,0.0,0.0,0.0,0.0,0.0,0.0,0.0,0.0,0.0,0.0,0.0,0.0,0.0,0.0,0.0,0.0,0.0,0.0,2021-12-01
186,0.0,0.0,0.0,0.0,0.0,0.0,0.0,0.0,0.0,0.0,0.0,0.0,0.0,0.0,0.0,0.0,0.0,0.0,0.0,0.0,0.0,0.0,0.0,0.0,0.0,0.0,0.0,0.0,0.0,0.0,0.0,0.0,0.0,0.0,0.0,0.0,0.0,0.0,0.0,0.0,0.0,0.0,0.0,0.0,0.0,0.0,0.0,0.0,0.0,0.0,0.0,0.0,0.0,0.0,0.0,0.0,0.0,0.0,0.0,0.0,0.0,0.0,0.0,0.0,0.0,0.0,0.0,0.0,0.0,0.0,0.0,0.0,0.0,0.0,0.0,0.0,0.0,0.0,0.0,0.0,0.0,0.0,0.0,0.0,0.0,0.0,0.0,0.0,0.0,0.0,0.0,0.0,0.0,0.0,0.0,0.0,0.0,0.0,0.0,0.0,0.0,0.0,0.0,2021-12-02
187,0.0,0.0,0.0,0.0,0.0,0.0,0.0,0.0,0.0,0.0,0.0,0.0,0.0,0.0,0.0,0.0,0.0,0.0,0.0,0.0,0.0,0.0,0.0,0.0,0.0,0.0,0.0,0.0,0.0,0.0,0.0,0.0,0.0,0.0,0.0,0.0,0.0,0.0,0.0,0.0,0.0,0.0,0.0,0.0,0.0,0.0,0.0,0.0,0.0,0.0,0.0,0.0,0.0,0.0,0.0,0.0,0.0,0.0,0.0,0.0,0.0,0.0,0.0,0.0,0.0,0.0,0.0,0.0,0.0,0.0,0.0,0.0,0.0,0.0,0.0,0.0,0.0,0.0,0.0,0.0,0.0,0.0,0.0,0.0,0.0,0.0,0.0,0.0,0.0,0.0,0.0,0.0,0.0,0.0,0.0,0.0,0.0,0.0,0.0,0.0,0.0,0.0,0.0,2021-12-03
188,0.0,0.0,0.0,0.0,0.0,0.0,0.0,0.0,0.0,0.0,0.0,0.0,0.0,0.0,0.0,0.0,0.0,0.0,0.0,0.0,0.0,0.0,0.0,0.0,0.0,0.0,0.0,0.0,0.0,0.0,0.0,0.0,0.0,0.0,0.0,0.0,0.0,0.0,0.0,0.0,0.0,0.0,0.0,0.0,0.0,0.0,0.0,0.0,0.0,0.0,0.0,0.0,0.0,0.0,0.0,0.0,0.0,0.0,0.0,0.0,0.0,0.0,0.0,0.0,0.0,0.0,0.0,0.0,0.0,0.0,0.0,0.0,0.0,0.0,0.0,0.0,0.0,0.0,0.0,0.0,0.0,0.0,0.0,0.0,0.0,0.0,0.0,0.0,0.0,0.0,0.0,0.0,0.0,0.0,0.0,0.0,0.0,0.0,0.0,0.0,0.0,0.0,0.0,2021-12-04
189,0.0,0.0,0.0,0.0,0.0,0.0,0.0,0.0,0.0,0.0,0.0,0.0,0.0,0.0,0.0,0.0,0.0,0.0,0.0,0.0,0.0,0.0,0.0,0.0,0.0,0.0,0.0,0.0,0.0,0.0,0.0,0.0,0.0,0.0,0.0,0.0,0.0,0.0,0.0,0.0,0.0,0.0,0.0,0.0,0.0,0.0,0.0,0.0,0.0,0.0,0.0,0.0,0.0,0.0,0.0,0.0,0.0,0.0,0.0,0.0,0.0,0.0,0.0,0.0,0.0,0.0,0.0,0.0,0.0,0.0,0.0,0.0,0.0,0.0,0.0,0.0,0.0,0.0,0.0,0.0,0.0,0.0,0.0,0.0,0.0,0.0,0.0,0.0,0.0,0.0,0.0,0.0,0.0,0.0,0.0,0.0,0.0,0.0,0.0,0.0,0.0,0.0,0.0,2021-12-05
