,teen_dose0,teen_dose1,teen_dose2-full,teen_dose2-waned-1,teen_dose2-waned-2,teen_dose2-waned-3,teen_dose3-full,teen_dose3-waned,adu_dose0,adu_dose1,adu_dose2-full,adu_dose2-waned-1,adu_dose2-waned-2,adu_dose2-waned-3,adu_dose3-full,adu_dose3-waned,sen_dose0,sen_dose1,sen_dose2-full,sen_dose2-waned-1,sen_dose2-waned-2,sen_dose2-waned-3,sen_dose3-full,sen_dose3-waned,time,date,week
0,1.0,0.0,0.0,0.0,0.0,0.0,0.0,0.0,1.0,0.0,0.0,0.0,0.0,0.0,0.0,0.0,1.0,0.0,0.0,0.0,0.0,0.0,0.0,0.0,2021-05-30,2021-05-30,21
1,1.0,0.0,0.0,0.0,0.0,0.0,0.0,0.0,1.0,0.0,0.0,0.0,0.0,0.0,0.0,0.0,1.0,0.0,0.0,0.0,0.0,0.0,0.0,0.0,2021-05-31,2021-05-31,22
2,1.0,0.0,0.0,0.0,0.0,0.0,0.0,0.0,1.0,0.0,0.0,0.0,0.0,0.0,0.0,0.0,1.0,0.0,0.0,0.0,0.0,0.0,0.0,0.0,2021-06-01,2021-06-01,22
3,1.0,0.0,0.0,0.0,0.0,0.0,0.0,0.0,1.0,0.0,0.0,0.0,0.0,0.0,0.0,0.0,1.0,0.0,0.0,0.0,0.0,0.0,0.0,0.0,2021-06-02,2021-06-02,22
4,1.0,0.0,0.0,0.0,0.0,0.0,0.0,0.0,1.0,0.0,0.0,0.0,0.0,0.0,0.0,0.0,1.0,0.0,0.0,0.0,0.0,0.0,0.0,0.0,2021-06-03,2021-06-03,22
5,1.0,0.0,0.0,0.0,0.0,0.0,0.0,0.0,1.0,0.0,0.0,0.0,0.0,0.0,0.0,0.0,1.0,0.0,0.0,0.0,0.0,0.0,0.0,0.0,2021-06-04,2021-06-04,22
6,1.0,0.0,0.0,0.0,0.0,0.0,0.0,0.0,1.0,0.0,0.0,0.0,0.0,0.0,0.0,0.0,1.0,0.0,0.0,0.0,0.0,0.0,0.0,0.0,2021-06-05,2021-06-05,22
7,0.9967115445108524,0.0027566844919786095,0.00026502044668134635,0.00017080843032400125,6.684491978609626e-05,2.6580685750235923e-05,0.0,0.0,0.6694797993492407,0.22671369305856834,0.0503847885032538,0.031168682212581345,0.009537445770065076,0.01270463665943601,0.0,0.0,0.21672507990782724,0.27641529770311457,0.13216390396194158,0.22685482791942319,0.0941972050843678,0.053619044079387494,0.0,7.433286255853714e-08,2021-06-06,2021-06-06,22
8,0.9965237496067946,0.0029292230261088394,0.0002716262975778547,0.00017851525636992764,6.637307329348852e-05,2.799622522805914e-05,0.0,0.0,0.6632793926247289,0.23200333514099783,0.049247776572668114,0.032943953362255966,0.009435710412147505,0.01307990780911063,0.0,0.0,0.21547881513417083,0.27646874303129415,0.1253033524121014,0.23125325206273695,0.09346554671820412,0.05800877127778191,0.0,7.433286255853714e-08,2021-06-07,2021-06-07,23
9,0.9963178672538534,0.003110254797106008,0.00028483799937087135,0.0001873230575652721,6.7316766278704e-05,3.004089336269267e-05,0.0,0.0,0.6541523318872018,0.23782817245119306,0.04989620390455531,0.035214560737527115,0.009388937093275488,0.013510601952277657,0.0,0.0,0.21263075150524047,0.27232334795212965,0.12145328179588195,0.2373673530067643,0.09312093956738274,0.06308414480041627,0.0,7.433286255853714e-08,2021-06-08,2021-06-08,23
10,0.9959970116388801,0.0034010695187165776,0.0003026108839257628,0.00019691726958162944,6.841774142812206e-05,3.161371500471847e-05,0.0,0.0,0.644656548264642,0.2438994305856833,0.05052291214750542,0.037612445770065076,0.009393465292841649,0.013906588937093275,0.0,0.0,0.2099098714041478,0.2683906191927451,0.11778250204415372,0.24272080576823013,0.09311157362670036,0.06806518992046384,0.0,7.433286255853714e-08,2021-06-09,2021-06-09,23
11,0.9957586505190311,0.003614815979867883,0.0003104749921358918,0.00021154451085246933,6.65303554576911e-05,3.570305127398553e-05,0.0,0.0,0.6344375677874187,0.25013874728850327,0.05111212039045553,0.040479202819956615,0.009355450108459869,0.01446862798264642,0.0,0.0,0.2065471270348621,0.26378659035159446,0.11528580985653758,0.24717163457964766,0.09379045566044748,0.07340005946629005,0.0,7.433286255853714e-08,2021-06-10,2021-06-10,23
12,0.9954748348537276,0.0038652091852783895,0.00032919156967599876,0.00022145328719723183,6.857502359232463e-05,3.8534130229631956e-05,0.0,0.0,0.6246163503253797,0.2551377711496746,0.05209175704989154,0.043827087852494576,0.009422993492407808,0.014896231019522777,0.0,0.0,0.2034666988775738,0.25743499591169255,0.11370645952575634,0.25194670333754554,0.09584620530736639,0.07758113431948264,0.0,7.433286255853714e-08,2021-06-11,2021-06-11,23
13,0.9951462724127084,0.004161528782636049,0.00035451399811261403,0.00022569990563070148,6.983328090594527e-05,4.0106951871657754e-05,0.0,0.0,0.6174992678958785,0.2594295010845987,0.05368617136659436,0.04480463665943601,0.009575216919739697,0.014997857917570499,0.0,0.0,0.20217795287296514,0.2535342302832082,0.1163526350999777,0.25031866498178845,0.09861071879878094,0.07898914740206646,0.0,7.433286255853714e-08,2021-06-12,2021-06-12,23
14,0.9950287826360491,0.004268166089965398,0.00036127713117332493,0.00022884554891475307,7.061969172695817e-05,4.026423403586033e-05,0.0,0.0,0.6148875271149674,0.2613175027114968,0.053606182212581344,0.04551225596529284,0.00964734273318872,0.015022180043383949,0.0,0.0,0.20189846130974504,0.2527922396491489,0.11561332044897049,0.2508222701256225,0.09961094179736861,0.07924700810228202,0.0,7.433286255853714e-08,2021-06-13,2021-06-13,23
15,0.9947916797735137,0.004481283422459893,0.00037826360490720353,0.00023560868197546397,6.873230575652721e-05,4.262346649889903e-05,0.0,0.0,0.6065061415401302,0.2660418655097614,0.054297017353579176,0.04839045553145336,0.009502765726681128,0.01525517895878525,0.0,0.0,0.1998724819742808,0.24760529249981417,0.11255036051438341,0.26036646101241356,0.09699635768973464,0.0825942912361555,0.0,7.433286255853714e-08,2021-06-14,2021-06-14,24
16,0.9944468386284995,0.004797735136835483,0.00039493551431267693,0.00023938345391632588,7.470902799622523e-05,4.466813463353256e-05,0.0,0.0,0.5966055314533623,0.2714040130151844,0.05515940889370933,0.05159213665943601,0.009631561822125814,0.015601274403470715,0.0,0.0,0.1970855199583736,0.2412269382293912,0.11042406898089645,0.2643800639262618,0.10018308184048168,0.08668668698431577,0.0,7.433286255853714e-08,2021-06-15,2021-06-15,24
17,0.9939369298521548,0.0052672223969801825,0.0004183705567788613,0.00025070776973891163,7.470902799622523e-05,5.048757470902799e-05,0.0,0.0,0.58685715835141,0.27683722885032536,0.055948074837310194,0.05453939804772234,0.00985677874186551,0.015955667028199567,0.0,0.0,0.19478384003567978,0.23559235858172897,0.10870422953987958,0.2664388612205456,0.10375678287370847,0.09071143982754776,0.0,7.433286255853714e-08,2021-06-16,2021-06-16,24
18,0.9935196602705253,0.0056432840515885496,0.00044904057879836427,0.00025652720981440705,7.64391318024536e-05,5.3475935828877e-05,0.0,0.0,0.5761172451193058,0.28284332971800435,0.0595189262472885,0.05497055314533623,0.010122722342733188,0.01642182754880694,0.0,0.0,0.19187311380361258,0.2291437597561882,0.11566334646547238,0.260875566788077,0.10750130082509478,0.0949311677692708,0.0,7.433286255853714e-08,2021-06-17,2021-06-17,24
19,0.9930184020132117,0.006094369298521547,0.0004869455803711859,0.0002634476250393205,8.021390374331551e-05,5.50487574709028e-05,0.0,0.0,0.5655105070498916,0.28792960954446856,0.06240439262472885,0.05683842190889371,0.010437445770065076,0.016874620390455532,0.0,0.0,0.1892646249907084,0.22103344978815134,0.11911714859139226,0.26054790752991897,0.111274288262841,0.09875172823905448,0.0,7.433286255853714e-08,2021-06-18,2021-06-18,24
20,0.9925103806228374,0.006548285624410192,0.0005265806857502359,0.00027414281220509594,8.320226486316452e-05,5.599245045611828e-05,0.0,0.0,0.5582205260303688,0.2915765726681128,0.06421822125813449,0.05815222342733189,0.010816702819956616,0.017011008676789587,0.0,0.0,0.18814955771946779,0.21626841596669888,0.12146264773656433,0.25887965509551775,0.11520441537203598,0.10002519884040735,0.0,7.433286255853714e-08,2021-06-19,2021-06-19,24
21,0.9922412708398868,0.006791286568103177,0.0005443535703051274,0.00027933312362378107,8.619062598301353e-05,5.630701478452343e-05,0.0,0.0,0.5550080260303687,0.29366351681127983,0.06474013015184382,0.058496963123644254,0.010991458785249458,0.0170954989154013,0.0,0.0,0.18789147402066453,0.2152689362967368,0.12195584627964023,0.25764245893109344,0.11683512971084517,0.10039671448747492,0.0,7.433286255853714e-08,2021-06-20,2021-06-20,24
22,0.9917268008807801,0.007261088392576282,0.0005795847750865051,0.00028310789556464295,9.027996225228059e-05,5.772255426234665e-05,0.0,0.0,0.5470598156182213,0.2968875,0.06697622017353579,0.060407131236442514,0.011324674620390456,0.017340618221258135,0.0,0.0,0.18623340518843381,0.2085268713298149,0.12440600609529473,0.2560958893927005,0.12111372927971456,0.10361525310339702,0.0,7.433286255853714e-08,2021-06-21,2021-06-21,25
23,0.9910960994023278,0.007830449826989619,0.0006311733249449512,0.0002876690783265178,9.342560553633218e-05,5.992450456118276e-05,0.0,0.0,0.5379792299349241,0.3007327548806941,0.0694183568329718,0.06238218546637744,0.011816160520607376,0.017667462039045553,0.0,0.0,0.18389768081468816,0.2010905745930276,0.12811640526276666,0.25297420649669217,0.12673827399093138,0.10717468222701257,0.0,7.433286255853714e-08,2021-06-22,2021-06-22,25
24,0.9900548914753067,0.008772412708398868,0.0007091852783894306,0.00030418370556778863,9.531299150676314e-05,6.27555835168292e-05,0.0,0.0,0.529083514099783,0.3043640184381779,0.07184810195227766,0.0643937906724512,0.012303904555314533,0.01800303687635575,0.0,0.0,0.18184378948933322,0.1949469263361332,0.13120374637627294,0.2492525830669739,0.13198163978294805,0.11076362149706385,0.0,7.433286255853714e-08,2021-06-23,2021-06-23,25
25,0.9891885813148789,0.009557250707769738,0.000774142812205096,0.0003156653035545769,9.877319911921988e-05,6.448568732305756e-05,0.0,0.0,0.5198472207158351,0.3081223427331887,0.07406073752711496,0.0666808568329718,0.012808026030368763,0.018477413232104122,0.0,0.0,0.17937545528878318,0.18837679328030923,0.1346907752917565,0.2455871552813499,0.13732528060655616,0.1146373299635769,0.0,7.433286255853714e-08,2021-06-24,2021-06-24,25
26,0.9882698961937716,0.01037323057565272,0.0008559295375904373,0.00033139351997483487,0.00010239068889587921,6.605850896508336e-05,0.0,0.0,0.5109222613882863,0.3104286334056399,0.07715601952277658,0.06916998373101953,0.013412662689804773,0.01890718546637744,0.0,0.0,0.1771673976064818,0.17971627146361407,0.1394998141678436,0.24281461384077901,0.1428216011298595,0.11797338883520404,0.0,7.433286255853714e-08,2021-06-25,2021-06-25,25
27,0.987194086190626,0.011341616860648003,0.0009455803711859075,0.00034271783579742056,0.00010710915382195659,6.778861277131173e-05,0.0,0.0,0.5042386659436009,0.31260486713665947,0.07986605206073753,0.07026412689804772,0.013983785249457701,0.019039398047722342,0.0,0.0,0.17617851036943433,0.1758332713892812,0.14163123466884708,0.24038155058351296,0.14683996134691146,0.11912881885081394,0.0,7.433286255853714e-08,2021-06-26,2021-06-26,25
28,0.9867153192827933,0.011767379679144385,0.000989462094998427,0.00035121107266435986,0.00010758100031456433,6.81031770997169e-05,0.0,0.0,0.5017735222342734,0.3132726409978308,0.08115561279826464,0.07042670824295011,0.014286225596529284,0.019082375271149674,0.0,0.0,0.17596744220619936,0.1749211328328254,0.142271091949751,0.23905106667657772,0.14838645655244184,0.11939641715602468,0.0,7.433286255853714e-08,2021-06-27,2021-06-27,25
29,0.9858910034602076,0.0125,0.0010659012268008808,0.00036300723497955333,0.00010946838628499529,6.967599874174268e-05,0.0,0.0,0.496266431670282,0.3120187906724512,0.08700482646420825,0.07042513557483732,0.01499652928416486,0.019285439262472885,0.0,0.0,0.1746889169701925,0.16744503084813797,0.14983007507619117,0.23202259719021778,0.15453452761465844,0.12147275700587229,0.0,7.433286255853714e-08,2021-06-28,2021-06-28,26
30,0.9788837684806543,0.019066058508965082,0.001482069833280906,0.0003793645800566216,0.00011638880150990877,7.140610254797106e-05,0.0,0.0,0.4900065618221258,0.3110221529284165,0.09095854121475054,0.07251233731019523,0.015968655097613884,0.019529040130151845,2.7114967462039047e-08,0.0,0.17289987363413364,0.1590500260165019,0.15301962387571547,0.22908221214598976,0.1620474986991749,0.12389496766520479,0.0,7.433286255853714e-08,2021-06-29,2021-06-29,26
31,0.9664801038062284,0.03069817552689525,0.002223655237496068,0.000400912236552375,0.00012283737024221453,7.345077068260459e-05,0.0,0.0,0.48420291485900213,0.30957990780911065,0.09477939262472886,0.07459224511930586,0.017062608459869847,0.019780287418655097,2.7114967462039047e-08,0.0,0.1714112837285364,0.15265279119898909,0.1542513194083104,0.22624842042667062,0.16915171337248197,0.12627897123318219,0.0,7.433286255853714e-08,2021-06-30,2021-06-30,26
32,0.9584716892104436,0.038130858760616546,0.0027746146586977035,0.00041947153192827935,0.00012661214218307644,7.581000314564329e-05,0.0,0.0,0.4778480748373102,0.30865745661605204,0.09807684381778742,0.07687960954446854,0.01843099240780911,0.020104528199566162,2.7114967462039047e-08,0.0,0.16959748754924553,0.1452425481305285,0.1555076934512748,0.22407410986397086,0.17659377090611758,0.12897911246562105,0.0,7.433286255853714e-08,2021-07-01,2021-07-01,26
33,0.9467743000943692,0.04892466184334696,0.0036448568732305757,0.00044369298521547656,0.00013416168606480026,7.754010695187165e-05,0.0,0.0,0.47177284436008676,0.3058126355748373,0.10217429501084599,0.07992429501084598,0.01991277114967462,0.020400732104121477,2.7114967462039047e-08,0.0,0.1680008919943507,0.13698758641195272,0.15592693079610495,0.2238470973017171,0.18388374340295846,0.13134862112539955,0.0,7.433286255853714e-08,2021-07-02,2021-07-02,26
34,0.9357559767222396,0.05909861591695502,0.0044567474048442905,0.00047121736395092795,0.00013856558666247248,7.80119534444794e-05,0.0,0.0,0.4677390726681128,0.30352611171366595,0.10566881778741866,0.08165165401301519,0.020914072668112797,0.020497885032537962,2.7114967462039047e-08,0.0,0.16732007730617707,0.13393339775514754,0.15447134468148369,0.223193637106965,0.1888578012339255,0.13221876161450977,0.0,7.433286255853714e-08,2021-07-03,2021-07-03,26
35,0.9318738597043096,0.06263856558666248,0.0047881409248191256,0.00048049701163888016,0.00013998112614029568,7.816923560868198e-05,0.0,0.0,0.4664622424078091,0.3022130965292842,0.10753468004338394,0.08195238611713666,0.02129680043383948,0.020538503253796095,2.7114967462039047e-08,0.0,0.16719616442429197,0.1333316732327362,0.15417490522560023,0.22228354270422956,0.19059458856760575,0.13241455437448896,0.0,7.433286255853714e-08,2021-07-04,2021-07-04,26
36,0.925117961623152,0.06882903428751179,0.005329348851840201,0.0005006291286568103,0.00014249764076753696,7.974205725070777e-05,0.0,0.0,0.46274875271149674,0.297203579175705,0.11260032537960954,0.08426735357917571,0.02242673535791757,0.02075105748373102,2.7114967462039047e-08,0.0,0.16627885973388834,0.12787972942838027,0.15333018657548503,0.22088162491637553,0.1969621645729577,0.13466282613543448,0.0,7.433286255853714e-08,2021-07-05,2021-07-05,27
37,0.9184016986473734,0.07491113557722555,0.005935042466184335,0.0005235923246303869,0.00014564328405158855,8.210128971374646e-05,0.0,0.0,0.45845591106290673,0.29150908351409976,0.11804867136659436,0.08699568872017353,0.023945309110629066,0.02104311279826464,2.7114967462039047e-08,0.0,0.1650132684159667,0.12118746747937263,0.1521217572288709,0.21975529621645729,0.20447691964617556,0.13744079387497213,0.0,7.433286255853714e-08,2021-07-06,2021-07-06,27
38,0.9071693928908462,0.08510160427807487,0.006936300723497955,0.0005558351682919157,0.00015240641711229946,8.367411135577226e-05,0.0,0.0,0.4544368356832972,0.28554248915401303,0.12371887201735358,0.089333920824295,0.025631887201735357,0.021333812364425164,5.4229934924078093e-08,0.0,0.16389701181892513,0.11647573032037464,0.15001233925518473,0.21803025347506133,0.2112316211997324,0.14034854679253697,0.0,7.433286255853714e-08,2021-07-07,2021-07-07,27
39,0.8997969487260145,0.09168323372129601,0.007685907518087449,0.0005885498584460523,0.0001575967285309846,8.697703680402642e-05,0.0,0.0,0.4498294197396963,0.28097380694143165,0.1281607917570499,0.09161011388286334,0.02774417028199566,0.021679446854663775,5.4229934924078093e-08,0.0,0.16248234594514235,0.1116290790158329,0.14691317921653163,0.21733553854158924,0.21822827622091726,0.14340682375678288,0.0,7.433286255853714e-08,2021-07-08,2021-07-08,27
40,0.8923033972947467,0.09830198175526896,0.008510537905001572,0.0006284995281535074,0.00016561811890531615,8.917898710286253e-05,0.0,0.0,0.44555281995661605,0.2735023590021692,0.1343877169197397,0.09446060195227765,0.030057727765726683,0.022036252711496746,5.4229934924078093e-08,0.0,0.16120805768230134,0.10545989742064966,0.14363666096781388,0.21914242176466217,0.22427324760276518,0.14627458559429124,7.433286255853714e-08,7.433286255853714e-08,2021-07-09,2021-07-09,27
41,0.8857637621893677,0.10403192827933312,0.009265964139666561,0.0006799307958477509,0.00016766278703994966,8.996539792387543e-05,0.0,0.0,0.4427587039045553,0.267260737527115,0.13977985357917572,0.09730810737527115,0.030697424078091107,0.022192326464208243,5.4229934924078093e-08,0.0,0.16066022448524492,0.10294049654352189,0.14082241879134766,0.22260737381996581,0.22545491711885823,0.14750873411135063,7.433286255853714e-08,7.433286255853714e-08,2021-07-10,2021-07-10,27
42,0.8832961623151935,0.10615083359547027,0.009588549858446052,0.0007032085561497326,0.00017065114815979868,8.996539792387543e-05,0.0,0.0,0.44174082158351413,0.26428428687635575,0.14264788503253797,0.0979135032537961,0.031168682212581345,0.022241567245119307,5.4229934924078093e-08,0.0,0.16054504571471045,0.10235163160633316,0.14026752397234818,0.2221597413216383,0.22685482791942319,0.14781468817364157,7.433286255853714e-08,7.433286255853714e-08,2021-07-11,2021-07-11,27
43,0.8779521862220824,0.11082620320855616,0.010212645486001887,0.0007390688895879207,0.00017835797420572507,9.09090909090909e-05,0.0,0.0,0.43886560466377444,0.2566387744034707,0.14844360086767897,0.1005892895878525,0.032943953362255966,0.022515103036876354,5.4229934924078093e-08,0.0,0.15978116405262766,0.0981556158477663,0.13682598676875046,0.22250390247528432,0.2312531777298744,0.15147268267300973,7.433286255853714e-08,7.433286255853714e-08,2021-07-12,2021-07-12,28
44,0.8717941176470588,0.11615602390688896,0.010979396036489461,0.0007887700534759359,0.0001871657754010695,9.389745202893991e-05,0.0,0.0,0.4355000135574837,0.2484149403470716,0.1547969902386117,0.10317028199566161,0.035214560737527115,0.02289894251626898,1.3557483731019523e-07,0.0,0.1586957555935479,0.09302612800118933,0.13326737530662305,0.22143172526573998,0.23736727867390173,0.15620322604623504,2.9733145023414854e-07,7.433286255853714e-08,2021-07-13,2021-07-13,28
45,0.861329977980497,0.12528184963825104,0.012218464926077383,0.0008757470902799623,0.00019675998741742687,9.657124882038377e-05,0.0,0.0,0.43213808297180045,0.24037978579175706,0.160928931670282,0.10563655097613883,0.037612445770065076,0.023299403470715834,1.8980477223427332e-07,0.0,0.15764205010034937,0.0891142124433212,0.13003367278673902,0.21930461607076487,0.24272073143536757,0.16117483089273768,3.716643127926856e-07,7.433286255853714e-08,2021-07-14,2021-07-14,28
46,0.8529583202264863,0.13252107581000314,0.013269267065114816,0.0009405473419314249,0.00021138722868826676,9.877319911921988e-05,0.0,0.0,0.4279564262472885,0.23387236984815618,0.16613953362255965,0.10772394251626898,0.040479202819956615,0.02382340021691974,2.1691973969631237e-07,0.0,0.15628532669293094,0.08485170593919572,0.1266129487846577,0.2178789860997547,0.24717148591392255,0.16718821080799823,6.689957630268342e-07,7.433286255853714e-08,2021-07-15,2021-07-15,28
47,0.8452789399182132,0.13901934570619692,0.014347750865051903,0.0010284680717206668,0.00022129600503302925,0.00010364894620949984,0.0,0.0,0.42371865509761386,0.22597212581344903,0.17165789045553145,0.11049972885032538,0.043827087852494576,0.024318546637744035,2.1691973969631237e-07,0.0,0.15500063182933177,0.07979413513714413,0.12208548279194231,0.21773589533932952,0.2519465546718204,0.1734250353081097,6.689957630268342e-07,7.433286255853714e-08,2021-07-16,2021-07-16,28
48,0.8394050015728216,0.143926234664989,0.015207297892419,0.0011288140924819127,0.0002255426234664989,0.00010648002516514628,0.0,0.0,0.4211320905639913,0.2193772640997831,0.17633129067245118,0.11377584056399133,0.04480463665943601,0.024572396963123643,2.1691973969631237e-07,0.0,0.15446677321043634,0.07777499442503531,0.11976518248717759,0.220063480264625,0.2503183676503382,0.17759756188210807,6.689957630268342e-07,7.433286255853714e-08,2021-07-17,2021-07-17,28
49,0.8368847121736395,0.14599009122365525,0.015610569361434413,0.0011778861277131174,0.0002286882667505505,0.00010742371815036175,0.0,0.0,0.4201124728850325,0.21676842462039048,0.1781613611713666,0.11476933297180043,0.04551225596529284,0.024668844902386116,2.1691973969631237e-07,0.0,0.1543352040437077,0.0773528209321341,0.11919400877127778,0.21942518397383484,0.2508220471270349,0.17885557124804877,6.689957630268342e-07,7.433286255853714e-08,2021-07-18,2021-07-18,28
50,0.8307140610254797,0.1511222082415854,0.01655740798993394,0.0012623466498899024,0.0002354513998112614,0.00010789556464296949,0.0,0.0,0.41705387744034705,0.20975753796095445,0.18146906182212583,0.11856369305856833,0.04839045553145336,0.024757266811279828,2.1691973969631237e-07,0.0,0.1534645060581283,0.07429424663643797,0.1143669813424515,0.21790314428008623,0.2603660893481008,0.1795881959414257,6.689957630268342e-07,7.433286255853714e-08,2021-07-19,2021-07-19,29
51,0.824315272098144,0.15616608996539794,0.017471060081786727,0.0016917269581629443,0.0002392261717521233,0.00011591695501730103,0.0,0.0,0.41343005694143165,0.20220127440347072,0.1853917299349241,0.1221437906724512,0.05159213665943601,0.025232131236442516,2.440347071583514e-07,0.0,0.15224964691890286,0.07030580539656582,0.10938430089942763,0.21679476696647587,0.26437961792908643,0.186867315840333,6.689957630268342e-07,7.433286255853714e-08,2021-07-20,2021-07-20,29
52,0.8158590751808745,0.16230198175526894,0.01901966027052532,0.002446209499842718,0.000250550487574709,0.00012173639509279648,0.0,0.0,0.40965132863340564,0.19537216648590022,0.1887531453362256,0.12586287960954448,0.054539370932754884,0.02581174078091106,2.440347071583514e-07,0.0,0.15109633538987588,0.06754036274436928,0.10541559503456478,0.2150234891845685,0.26643841522337025,0.19446569538392924,6.689957630268342e-07,7.433286255853714e-08,2021-07-21,2021-07-21,29
53,0.8081399811261403,0.16724048442906575,0.021224598930481283,0.0030113243158225857,0.0002563699276502045,0.00012645486001887387,0.0,0.0,0.4053730883947939,0.1895691567245119,0.19155608731019524,0.1319770607375271,0.05497052603036876,0.026543844902386118,2.440347071583514e-07,0.0,0.14964944622017395,0.0644725711737159,0.10070460120419238,0.2218465026388166,0.26087512079090164,0.20243001560990115,6.689957630268342e-07,7.433286255853714e-08,2021-07-22,2021-07-22,29
54,0.8012459893048128,0.1704941805599245,0.023961151305441963,0.003902799622522806,0.00026329034287511795,0.00013180245360176155,0.0,0.0,0.4010218139913232,0.18173331073752713,0.19482177331887202,0.13826176789587852,0.056838394793926245,0.02731133405639913,2.440347071583514e-07,0.0,0.14832665576451348,0.060970415520701704,0.09567590871924478,0.22443235709507176,0.26054735003344975,0.21002341485170595,6.689957630268342e-07,7.433286255853714e-08,2021-07-23,2021-07-23,29
55,0.7962738282478767,0.17230198175526895,0.02628106322743001,0.004732463038691412,0.00027398553004089336,0.00013573450770682606,0.0,0.0,0.3981640862255965,0.1761758812364425,0.19691561822125814,0.14275265726681127,0.05815219631236442,0.02782697939262473,2.440347071583514e-07,0.0,0.1477531777298744,0.059643871255482046,0.09383914368542333,0.22463205233033523,0.2588789860997547,0.2152269382293912,6.689957630268342e-07,7.433286255853714e-08,2021-07-24,2021-07-24,29
56,0.7940484429065744,0.17318748033972947,0.02727870399496697,0.005066215791129286,0.0002791758414595785,0.00013903743315508022,0.0,0.0,0.3970224376355748,0.17453686279826464,0.19710536876355747,0.14473861171366595,0.05849693600867679,0.028086225596529284,2.440347071583514e-07,0.0,0.1476084516464729,0.05943358358730395,0.09346584404965436,0.22459295324462944,0.2576415669367427,0.2172290938824054,6.689957630268342e-07,7.433286255853714e-08,2021-07-25,2021-07-25,29
57,0.7885089650833595,0.17471107266435987,0.030729002831078954,0.005622365523749607,0.0002829506134004404,0.0001445423089021705,0.0,0.0,0.3938667163774403,0.16610997830802604,0.19996366594360088,0.15097318329718004,0.060407104121475055,0.028664560737527114,2.440347071583514e-07,0.0,0.14671430164275628,0.05718226417899353,0.09023920315171337,0.22501152159369658,0.25609488589905594,0.22472615773433435,6.689957630268342e-07,7.433286255853714e-08,2021-07-26,2021-07-26,30
58,0.7797588864422774,0.17874048442906573,0.034815350739226175,0.0062466184334696445,0.00028751179616231517,0.0001498899024850582,0.0,0.0,0.3883558432754881,0.15857577277657264,0.20302011930585684,0.1581670824295011,0.06238215835140998,0.029482890455531454,2.1691973969631237e-07,2.7114967462039047e-08,0.1452486805916896,0.05461004980301792,0.0863164349959117,0.2269071582546644,0.25297301717089127,0.23391005723630418,6.689957630268342e-07,7.433286255853714e-08,2021-07-27,2021-07-27,30
59,0.773050408933627,0.18242859389745203,0.03679380308273042,0.0072672223969801825,0.00030402642340358606,0.00015460836741113557,0.0,0.0,0.38480553145336227,0.15788908622559655,0.197270010845987,0.16531789587852494,0.06439373644251627,0.030306209327548808,2.1691973969631237e-07,2.7114967462039047e-08,0.14486794766966476,0.05441265888649372,0.08106452092470082,0.2276243588790604,0.24925139374117297,0.24274210213335318,7.433286255853712e-07,7.433286255853714e-08,2021-07-28,2021-07-28,30
60,0.7628186536646744,0.18632400125825732,0.04233925762818496,0.008041365209185278,0.0003155080213903743,0.0001597986788298207,0.0,0.0,0.378062147505423,0.15217167841648588,0.20055325379609545,0.17122833514099783,0.06668080260303688,0.03128470715835141,2.1691973969631237e-07,2.7114967462039047e-08,0.14314138110458635,0.05216795510295101,0.07877187244480785,0.22833334572214375,0.2455858916226864,0.25195919125845534,8.176614881439084e-07,7.433286255853714e-08,2021-07-29,2021-07-29,30
61,0.7526835482856244,0.19011151305441962,0.047811890531613714,0.008895250078641082,0.0003312362378106323,0.0001649889902485058,0.0,0.0,0.37051209327548806,0.14716618763557485,0.20135984273318872,0.17945257592190889,0.0691699295010846,0.032319088937093274,2.440347071583514e-07,2.7114967462039047e-08,0.14126923362818702,0.0500265368319334,0.07533895785326693,0.22971642012933918,0.24281312718352785,0.2607915334869546,8.176614881439084e-07,7.433286255853714e-08,2021-07-30,2021-07-30,30
62,0.7450401069518716,0.19316892104435357,0.05158823529411765,0.009687165775401069,0.000342560553633218,0.00017143755898081157,0.0,0.0,0.365323386659436,0.14402411876355747,0.2006540672451193,0.18669045553145336,0.07026404555314533,0.033022424078091105,2.440347071583514e-07,2.7114967462039047e-08,0.14040615476101984,0.04936333903218613,0.07379394930498774,0.2300421467330707,0.24037984092767412,0.26596513788746007,8.176614881439084e-07,7.433286255853714e-08,2021-07-31,2021-07-31,30
63,0.7414484114501415,0.19473859704309532,0.05326108839257628,0.010026737967914439,0.0003510537905001573,0.00017222396980182448,0.0,0.0,0.36315027114967463,0.1431751355748373,0.19968020607375273,0.19017638286334057,0.07042662689804773,0.03336781453362256,2.440347071583514e-07,2.7114967462039047e-08,0.14020571619713074,0.0492420278004906,0.07340949973983497,0.2302617260090686,0.2390491340221512,0.2677789712331822,8.176614881439084e-07,7.433286255853714e-08,2021-08-01,2021-08-01,30
64,0.7330830449826989,0.19692434727901856,0.058771783579742054,0.010680088078011954,0.00036284995281535076,0.00017568417741428122,0.0,0.0,0.3575093682212581,0.13821370661605206,0.19976061550976137,0.19978489696312365,0.07042502711496747,0.03428118221258134,2.440347071583514e-07,2.7114967462039047e-08,0.13898688024975842,0.047746710770831785,0.07116011298595108,0.23402486434252584,0.23202059020292873,0.27600323347952127,8.176614881439084e-07,7.433286255853714e-08,2021-08-02,2021-08-02,31
65,0.7227098930481284,0.19972617175212332,0.06551462724127084,0.011483328090594526,0.000379207297892419,0.0001843346964454231,0.0,0.0,0.3500438720173536,0.13442664045553143,0.1994223834056399,0.20807079718004337,0.07251222885032538,0.03549693600867679,2.440347071583514e-07,2.7114967462039047e-08,0.13726990262395006,0.04593800639262618,0.06846963502564483,0.2332439976213484,0.22908001932654426,0.2859381550583513,8.176614881439084e-07,7.433286255853714e-08,2021-08-03,2021-08-03,31
66,0.7106178043409878,0.20106401384083045,0.07493032400125826,0.012791601132431583,0.0004007549543881724,0.0001928279333123624,0.0,0.0,0.342259978308026,0.13222998915401302,0.19800395878524946,0.21604224511930586,0.07459212310195228,0.036842109544468545,2.440347071583514e-07,5.4229934924078093e-08,0.13560819148145395,0.044681669516093064,0.0664187913476548,0.2315538169924924,0.22624604177506877,0.295425741470304,8.176614881439084e-07,7.433286255853714e-08,2021-08-04,2021-08-04,31
67,0.6986624724756213,0.20386725385341303,0.08294982698961938,0.01389933941491035,0.0004193142497640768,0.00019896193771626298,0.0,0.0,0.3334390726681128,0.13133248373101952,0.19703191431670283,0.22275101681127984,0.07687947396963124,0.03853473427331887,2.440347071583514e-07,5.4229934924078093e-08,0.13366576228350555,0.04325302906414926,0.06416784360365718,0.22920396937486062,0.2240715082137813,0.30556805173567236,8.176614881439084e-07,7.433286255853714e-08,2021-08-05,2021-08-05,31
68,0.6874010695187166,0.20493708713431896,0.09196020761245675,0.015047027367096571,0.000443535703051274,0.00020824158540421516,0.0,0.0,0.32457726409978305,0.12958844902386116,0.1955000542299349,0.2300655097613883,0.07992415943600868,0.0403127169197397,2.440347071583514e-07,5.4229934924078093e-08,0.13170263138333457,0.04188314874005798,0.061158254664387124,0.22611287445179512,0.22384442131866497,0.31522738422656654,7.433286255853712e-07,1.4866572511707427e-07,2021-08-06,2021-08-06,31
69,0.6794720037747719,0.2051217363950928,0.09873749606794589,0.015981597986788297,0.0004710600817867254,0.00021311733249449513,0.0,0.0,0.3187810873101952,0.12855912418655097,0.19314408893709328,0.2364205802603037,0.08165149132321041,0.04141117136659436,2.440347071583514e-07,5.4229934924078093e-08,0.1307881141752769,0.041639559949453654,0.05976124284546198,0.2234739834981045,0.22319081245818775,0.3210712108823311,7.433286255853712e-07,1.4866572511707427e-07,2021-08-07,2021-08-07,31
70,0.6756415539477824,0.20606574394463667,0.10116750550487574,0.016427178357974206,0.0004803397294746776,0.00021469015413652092,0.0,0.0,0.3163802467462039,0.12886925162689805,0.19160710412147505,0.23932414587852496,0.08195222342733188,0.041834517353579175,2.440347071583514e-07,5.4229934924078093e-08,0.13055835129710847,0.041634505314799675,0.059443915855199585,0.22300371664312793,0.22228079238831489,0.3230036051438341,7.433286255853712e-07,1.4866572511707427e-07,2021-08-08,2021-08-08,31
71,0.6651846492607738,0.20555095942120163,0.11110066058508965,0.01744149103491664,0.0005004718464926077,0.00021877949040578797,0.0,0.0,0.3095385845986985,0.12802528470715835,0.18922371203904553,0.2457353579175705,0.08426719088937093,0.04317697939262473,2.440347071583514e-07,5.4229934924078093e-08,0.1291823756782874,0.040913439381550586,0.057612131123169555,0.21971753512227757,0.22087868876830447,0.3316193414108377,7.433286255853712e-07,1.4866572511707427e-07,2021-08-09,2021-08-09,32
72,0.6524242686379365,0.20842592010066058,0.11963117332494495,0.018767851525636994,0.0005234350424661844,0.00022428436615287828,0.0,0.0,0.30037322396963123,0.1292270065075922,0.18600862255965292,0.25237573210412145,0.08699552603036877,0.04498760845986985,1.6268980477223426e-07,1.3557483731019523e-07,0.12713974578161003,0.04023013454248123,0.055135806139894446,0.21575269456626775,0.21975250873411134,0.3419116553928492,5.203300379097599e-07,3.716643127926856e-07,2021-08-10,2021-08-10,32
73,0.6382120949984271,0.2110610254797106,0.12888801509908776,0.02104749921358918,0.0005556778861277132,0.00023262032085561498,0.0,0.0,0.29140695498915403,0.13116292028199567,0.18243169739696313,0.25866754338394793,0.0893337445770065,0.04696488611713666,1.3557483731019523e-07,1.8980477223427332e-07,0.12519333977551475,0.039901583289972495,0.053493644540251246,0.21173247602765183,0.21802746599271539,0.3515738496989519,4.4599717535122276e-07,4.4599717535122276e-07,2021-08-11,2021-08-11,32
74,0.6235833595470274,0.21636174897766594,0.13543551431267695,0.023786882667505505,0.0005883925762818497,0.00024111355772255425,0.0,0.0,0.28184487527114965,0.1337780504338395,0.17929818329718003,0.2640138150759219,0.09160992407809111,0.049422803687635575,1.0845986984815619e-07,2.1691973969631237e-07,0.12294023637850293,0.039562551103843005,0.051571917044525385,0.2068854530587973,0.21733267672638074,0.3616287073515201,1.4866572511707427e-07,7.433286255853712e-07,2021-08-12,2021-08-12,32
75,0.6096852783894307,0.22007518087448882,0.14197986788298206,0.027377005347593582,0.0006283422459893048,0.0002513368983957219,0.0,0.0,0.272896420824295,0.135234829175705,0.174604284164859,0.27067878253796096,0.09446041214750542,0.05209316702819956,1.0845986984815619e-07,2.1691973969631237e-07,0.1208252062736936,0.03912684902995614,0.04929926410466067,0.20098911023563515,0.21913955994945367,0.3705414034044451,1.4866572511707427e-07,7.433286255853712e-07,2021-08-13,2021-08-13,32
76,0.6002463038691412,0.22225149418055992,0.1460784837999371,0.030486945580371187,0.0006797735136835483,0.00025416797735136837,0.0,0.0,0.26738013828633406,0.1361348427331887,0.17080639913232104,0.2754497017353579,0.09730791757049892,0.05288893709327549,1.0845986984815619e-07,2.1691973969631237e-07,0.11987742510964097,0.039158700661562476,0.048317326990262394,0.19700639262618003,0.2226046606704824,0.3729571842711663,2.2299858767561138e-07,7.433286255853712e-07,2021-08-14,2021-08-14,32
77,0.5960250078641082,0.22428939918213275,0.14692183076439133,0.03180056621579113,0.00070305127398553,0.00025715633847121734,0.0,0.0,0.2652988069414317,0.1369129338394794,0.1693306805856833,0.27710347071583513,0.09791331344902386,0.05340940889370933,1.0845986984815619e-07,2.1691973969631237e-07,0.11963450531479967,0.039229242548130525,0.04813729279714562,0.1961010926930796,0.22215691667286108,0.3746629376347283,2.2299858767561138e-07,7.433286255853712e-07,2021-08-15,2021-08-15,32
78,0.5833891160742372,0.22640673167662786,0.15342481912551117,0.035771783579742054,0.0007389116074237182,0.0002658068575023592,0.0,0.0,0.2589711090021692,0.13790973427331887,0.16308123644251626,0.28396029013015184,0.1005890726681128,0.05545818872017354,1.3557483731019523e-07,2.1691973969631237e-07,0.1182138556455809,0.03914992938378057,0.04649632052330335,0.19084304616070763,0.22250118932580093,0.38271931911097895,2.2299858767561138e-07,7.433286255853712e-07,2021-08-16,2021-08-16,33
79,0.5691737967914439,0.23153240012582574,0.15779396036489463,0.04043079584775087,0.0007886127713117333,0.0002776030198175527,0.0,0.0,0.25159053687635574,0.13950098969631236,0.15582746746203904,0.2917685330802603,0.10317009219088936,0.05811274403470716,1.0845986984815619e-07,2.440347071583514e-07,0.11628328253921058,0.039085854456255106,0.0444562551103843,0.18510570133055823,0.2214290121162566,0.39356392626180037,2.2299858767561138e-07,7.433286255853712e-07,2021-08-17,2021-08-17,33
80,0.5543334381881094,0.23753994966970746,0.16360663730732936,0.04335184020132117,0.0008755898081157597,0.0002898710286253539,0.0,0.0,0.24461355748373104,0.14151965835140998,0.1565508676789588,0.29073953362255966,0.10563633405639913,0.060911117136659435,1.0845986984815619e-07,2.440347071583514e-07,0.11447193934438415,0.03931245818776481,0.04546714487474913,0.17748375826953097,0.21930186575485022,0.4038889838697688,2.2299858767561138e-07,7.433286255853712e-07,2021-08-18,2021-08-18,33
81,0.5411984114501416,0.2428425605536332,0.1651028625353885,0.04960648002516515,0.0009403900597672224,0.0003067002201950299,0.0,0.0,0.23789334327548806,0.1428070770065076,0.14952510845986985,0.29772055314533624,0.10772377982646421,0.06430189804772234,1.0845986984815619e-07,2.440347071583514e-07,0.11255898312644019,0.039430721772095445,0.04329480413290716,0.17241329071582548,0.21787638444956514,0.41435345276146585,2.2299858767561138e-07,7.433286255853712e-07,2021-08-19,2021-08-19,33
82,0.5290797420572507,0.24644243472790187,0.1672743000943693,0.05585121107266436,0.0010283107895564642,0.00032148474363007237,0.0,0.0,0.2311965428416486,0.14302832158351408,0.14344703091106292,0.3036561550976139,0.11049953904555314,0.0681449295010846,1.0845986984815619e-07,2.440347071583514e-07,0.11073258752694566,0.039402363785029364,0.041140489110235635,0.16555478331970563,0.21773351668772764,0.4253655690180629,2.2299858767561138e-07,7.433286255853712e-07,2021-08-20,2021-08-20,33
83,0.5214421201635735,0.24815728216420258,0.16861088392576282,0.06032982069833281,0.0011286568103177099,0.0003285624410191884,0.0,0.0,0.2272396963123644,0.1427618085683297,0.1393422180043384,0.3074783080260304,0.11377563720173536,0.06937632863340563,1.0845986984815619e-07,2.440347071583514e-07,0.10995540028246488,0.03942217349290121,0.04037835427042295,0.16220445253846727,0.2200611016130231,0.42790990857057903,2.2299858767561138e-07,7.433286255853712e-07,2021-08-21,2021-08-21,33
84,0.5185231204781378,0.24900346020761246,0.16866215791129285,0.06229836426549229,0.0011777288455489148,0.0003326517772884555,0.0,0.0,0.2259237255965293,0.1426179636659436,0.13778302603036877,0.3087008812364425,0.1147691431670282,0.07018039587852494,1.0845986984815619e-07,2.440347071583514e-07,0.10976577715007804,0.03942938378056939,0.04024262246339107,0.1613997621348398,0.21942280532223296,0.42967200624396046,2.2299858767561138e-07,7.433286255853712e-07,2021-08-22,2021-08-22,33
85,0.5086846492607738,0.24926108839257627,0.17206385655866624,0.06838597043095312,0.0012621893677256999,0.00033988675684177417,0.0,0.0,0.22126572668112798,0.14153382592190888,0.13292584056399132,0.3125406453362256,0.11856353036876356,0.07314699023861171,1.0845986984815619e-07,2.440347071583514e-07,0.1086100869694492,0.03918289600832528,0.038937263064000596,0.15535505091801083,0.21790098862707202,0.43994885899055974,2.2299858767561138e-07,7.433286255853712e-07,2021-08-23,2021-08-23,34
86,0.49806692356086824,0.2509688581314879,0.17340295690468702,0.07551588549858446,0.0016915696759987418,0.0003516829191569676,0.0,0.0,0.2157436550976139,0.14075554501084597,0.12797605748373103,0.31653469360086767,0.12214362798264643,0.07682356290672451,1.0845986984815619e-07,2.440347071583514e-07,0.10701036943432692,0.038947260834014716,0.0372499070839218,0.14869482643276594,0.21679264847989294,0.4512418791347655,2.2299858767561138e-07,7.433286255853712e-07,2021-08-24,2021-08-24,34
87,0.48813730732934885,0.25204655552060395,0.171500786410821,0.08549826989619377,0.002446052217678515,0.00036882667505504875,0.0,0.0,0.2108204989154013,0.13984273318872018,0.1238347071583514,0.31926690618221254,0.1258627169197397,0.08035043383947939,1.0845986984815619e-07,2.440347071583514e-07,0.10556481825615105,0.0388375826953096,0.035894075670854085,0.14372229242548132,0.21502159369657325,0.46089883297405787,2.9733145023414854e-07,8.176614881439084e-07,2021-08-25,2021-08-25,34
88,0.4794877319911922,0.25234586347908144,0.17069927650204467,0.09407455174583203,0.0030111670336583833,0.0003793645800566216,0.0,0.0,0.2059796773318872,0.13837756236442517,0.12042490509761389,0.3217062093275488,0.1319769251626898,0.08151369305856833,1.0845986984815619e-07,2.440347071583514e-07,0.10400910577566341,0.03863807329220248,0.034283356872073144,0.13786549468520032,0.22184468148368391,0.463299970266855,2.2299858767561138e-07,8.919943507024455e-07,2021-08-26,2021-08-26,34
89,0.47148537275872915,0.2522082415854042,0.16864784523435042,0.10336237810632275,0.0039026423403586033,0.00039163258886442277,0.0,0.0,0.2014663909978308,0.13656353036876356,0.11614777657266812,0.3233914723427332,0.13826163232104122,0.08414907809110629,8.134490238611713e-08,2.7114967462039046e-07,0.10265487251914071,0.03842135583141307,0.03252441834535048,0.13134587080948487,0.22443053593993906,0.4705657845833643,2.2299858767561138e-07,8.919943507024455e-07,2021-08-27,2021-08-27,34
90,0.46628342245989307,0.25155064485687323,0.16676329034287513,0.1102623466498899,0.00473230575652721,0.0004062598301352627,0.0,0.0,0.19890433839479393,0.1346781995661605,0.11377133947939262,0.32389609544468545,0.1427525352494577,0.08597852494577006,8.134490238611713e-08,2.7114967462039046e-07,0.10211967590871925,0.038264476324983275,0.032063628930350106,0.1287657028172155,0.22463052850665277,0.4741008325280607,2.2299858767561138e-07,8.919943507024455e-07,2021-08-28,2021-08-28,34
91,0.464829977980497,0.2515114815979868,0.16536929852154766,0.11280654293803083,0.005066058508965084,0.00041475306700220193,0.0,0.0,0.19826274403470717,0.13422323752711496,0.11277806399132322,0.3233968817787419,0.14473850325379609,0.08658253796095444,8.134490238611713e-08,2.7114967462039046e-07,0.10201832305062067,0.03824626477365643,0.0319503456478109,0.12827465992715378,0.22459157808667213,0.4748662380138259,2.2299858767561138e-07,8.919943507024455e-07,2021-08-29,2021-08-29,34
92,0.45740688895879206,0.24746020761245674,0.1658721296005033,0.1232128027681661,0.0056222082415854045,0.00042403271469015414,0.0,0.0,0.19506252711496747,0.13067913503253797,0.11183779826464209,0.3223591377440347,0.15097310195227764,0.08907104121475054,8.134490238611713e-08,2.7114967462039046e-07,0.10116304913402216,0.037771166282613546,0.031186575485021927,0.1240017839887014,0.22501033226789563,0.48081673232736194,2.2299858767561138e-07,8.919943507024455e-07,2021-08-30,2021-08-30,35
93,0.4493678829820698,0.24493724441648318,0.166548914753067,0.1324639823843976,0.006246461151305442,0.00043394149103491664,0.0,0.0,0.19136628253796095,0.12711439804772234,0.1111353579175705,0.3203361849240781,0.15816702819956616,0.0918644251626898,8.134490238611713e-08,2.7114967462039046e-07,0.09997855496915187,0.03721281498550509,0.03020582769642459,0.11876919646175574,0.22690619192745112,0.48687906043261725,2.2299858767561138e-07,8.919943507024455e-07,2021-08-31,2021-08-31,35
94,0.44126344762503933,0.24209248191255112,0.1659212016357345,0.142999213589179,0.00726706511481598,0.0004551745832022649,0.0,0.0,0.1880637201735358,0.12355714479392625,0.11096572668112799,0.3173808432754881,0.16531784164859,0.09469934924078091,5.4229934924078093e-08,2.982646420824295e-07,0.09893191109789638,0.036675425555638144,0.029517505389132535,0.11521653162863302,0.227623504051141,0.4919899650635546,2.2299858767561138e-07,8.919943507024455e-07,2021-09-01,2021-09-01,35
95,0.43421516200062915,0.23919613085876062,0.16653759043724442,0.151536489462095,0.008041207927021076,0.0004718464926077383,0.0,0.0,0.184824647505423,0.11979377711496747,0.11102255965292841,0.3151516946854664,0.17122830802603037,0.09796491323210413,5.4229934924078093e-08,2.982646420824295e-07,0.09781011670259422,0.03605812829852078,0.02866669144428752,0.11154720136772467,0.2283329368913997,0.4975419609009143,2.2299858767561138e-07,8.919943507024455e-07,2021-09-02,2021-09-02,35
96,0.4271833910034602,0.23462865681031772,0.1679521862220824,0.16084633532557407,0.00889509279647688,0.0004927650204466814,0.0,0.0,0.18170120661605205,0.11511705531453362,0.1113319956616052,0.3108958920824295,0.17945257592190889,0.10148838123644252,1.0845986984815619e-07,2.982646420824295e-07,0.09680688322307293,0.03527179811194529,0.027908905076934512,0.10665450085482792,0.22971634579647662,0.5036020590202929,2.2299858767561138e-07,8.919943507024455e-07,2021-09-03,2021-09-03,35
97,0.42255670022019504,0.2310671594841145,0.1688774771940862,0.1672994652406417,0.009687008493236867,0.0005105379050015728,0.0,0.0,0.17999197396963124,0.11185558568329718,0.11168751355748373,0.3064768438177874,0.1866905097613883,0.10328590021691975,1.0845986984815619e-07,2.982646420824295e-07,0.09641886568051736,0.03492674496394856,0.027728462053073662,0.10450434847245968,0.23004244406452093,0.5063432691592953,2.2299858767561138e-07,8.919943507024455e-07,2021-09-04,2021-09-04,35
98,0.4208957219251337,0.2294032714690154,0.1700191884240327,0.1691338471217364,0.010026580685750236,0.000519817552689525,0.0,0.0,0.1795113204989154,0.11060073210412147,0.11212017353579176,0.30378690347071585,0.19017643709327547,0.10379389913232104,1.0845986984815619e-07,2.982646420824295e-07,0.0963506652791199,0.03481505983795436,0.02773886865383186,0.10397390916524195,0.23026224633910652,0.5068273619267079,2.2299858767561138e-07,8.919943507024455e-07,2021-09-05,2021-09-05,35
99,0.4138781849638251,0.2212316766278704,0.1746895250078641,0.17898395721925134,0.010679930795847751,0.000533658383139352,1.4155394778232148e-06,0.0,0.17729356019522777,0.10568880151843818,0.11391884490238612,0.2985986442516269,0.1997850054229935,0.10467548806941432,3.0314533622559654e-05,2.982646420824295e-07,0.09571645729577045,0.0340424812309522,0.027646026908496248,0.10051653906191928,0.23402553333828885,0.5077112911618227,0.00031256968705864864,8.919943507024455e-07,2021-09-06,2021-09-06,36
100,0.40657439446366783,0.21425180874488833,0.17988345391632587,0.18724536017615603,0.011483170808430324,0.0005563070147845235,3.774771940861906e-06,0.0,0.17470010845986983,0.10063859815618222,0.11577318329718005,0.2927997017353579,0.20807094631236445,0.1079319956616052,7.676247288503253e-05,2.982646420824295e-07,0.09484207983349438,0.03308919943507024,0.027481379617929087,0.09629762878168438,0.23324500111499294,0.5140049431353602,0.001013974578161005,8.919943507024455e-07,2021-09-07,2021-09-07,36
101,0.39887606165460837,0.20677021075810004,0.1862304183705568,0.19474001258257315,0.01279144385026738,0.0005836741113557722,6.448568732305757e-06,0.0,0.172397329175705,0.09609332971800434,0.1176627169197397,0.28636212039045555,0.21604244848156184,0.11129387201735358,0.00013996746203904554,3.253796095444685e-07,0.09408165464952055,0.03219832007730618,0.027547461532743626,0.0929202408384747,0.2315551921504497,0.5190957407269754,0.0025774920092172748,8.919943507024455e-07,2021-09-08,2021-09-08,36
102,0.392492214532872,0.19956008178672538,0.19199197860962566,0.20144007549543883,0.013899182132746147,0.0006074237181503617,7.392261717521233e-06,0.0,0.1701470715835141,0.09149288232104122,0.11908072125813449,0.2811069414316703,0.22275127440347073,0.11519625813449023,0.00021759761388286334,3.253796095444685e-07,0.09325968185534825,0.031201850888277708,0.027570802051587007,0.08909797071285215,0.22920575336356203,0.5252004385638891,0.004440942540697242,8.919943507024455e-07,2021-09-09,2021-09-09,36
103,0.385631959735766,0.19069235608681975,0.19920100660585088,0.20877776030198175,0.015046870084932369,0.000639509279647688,8.807801195344448e-06,0.0,0.16780184381778743,0.08608082971800433,0.12036233731019523,0.2754460547722343,0.23006578091106292,0.11992424078091106,0.00031228308026030367,3.253796095444685e-07,0.09247520999033673,0.030108600312198024,0.02759399390470527,0.08461280011893257,0.22611462127406526,0.5325209990336728,0.0065529621645729575,8.919943507024455e-07,2021-09-10,2021-09-10,36
104,0.3806572821642026,0.1843162944322114,0.20462912865681032,0.21373340673167662,0.015981440704624095,0.0006703365838313935,1.0380622837370241e-05,0.0,0.1664332700650759,0.08260250813449024,0.12098468004338395,0.2704899945770065,0.23642087852494578,0.12270094902386117,0.0003613882863340564,3.253796095444685e-07,0.09214996655021185,0.029658997993012713,0.027610570133055824,0.0828205233033524,0.22347587898609975,0.5368563145766744,0.0074083104140340444,9.663272132609826e-07,2021-09-11,2021-09-11,36
105,0.3788955646429695,0.18162378106322744,0.20701038062283736,0.21534995281535074,0.016427021075810004,0.0006807172066687638,1.085246932997798e-05,0.0,0.16605107104121475,0.08146319143167027,0.12104582429501085,0.26832326464208245,0.239324444143167,0.12341163232104121,0.00037478308026030367,3.253796095444685e-07,0.09209191258455363,0.029523229019549544,0.02762142273098937,0.08245120047573032,0.22300579796327957,0.5375803909908571,0.007706682524344012,9.663272132609826e-07,2021-09-12,2021-09-12,36
106,0.3714871815036175,0.1705537905001573,0.21590767536961308,0.22389241899968543,0.017441333752752437,0.0007033658383139352,1.2425290972003775e-05,0.0,0.16437044468546638,0.0773294604121475,0.12111670281995661,0.26399815618221256,0.2457357104121475,0.12700097613882863,0.00044284164859002167,3.524945770065076e-07,0.09161908124581877,0.02878800267598305,0.02742533263955995,0.07992782279045565,0.21971969077529174,0.5425147550732179,0.009986471419014346,9.663272132609826e-07,2021-09-13,2021-09-13,37
107,0.36426454860018875,0.1618123623781063,0.22296146586977036,0.23144778232148475,0.01876769424347279,0.0007301038062283737,1.415539477823215e-05,0.0,0.1624718139913232,0.0730170417570499,0.12102716919739696,0.2591196312364425,0.2523761117136659,0.13145233188720173,0.0005304501084598699,3.524945770065076e-07,0.09097101018360218,0.027853712926484798,0.02717215490968557,0.07656262543670557,0.21575499888500707,0.5493133873485468,0.012354270422953988,9.663272132609826e-07,2021-09-14,2021-09-14,37
108,0.3570836741113558,0.15578955646429696,0.22731330607109154,0.23797939603648946,0.021047341931424976,0.0007695816294432212,1.5256369927650205e-05,0.0,0.1604648590021692,0.06977666757049891,0.12043796095444685,0.25434910520607373,0.2586679501084599,0.13568778470715837,0.0006105477223427332,3.524945770065076e-07,0.09036092321415298,0.027082100646695903,0.026996134691146957,0.07420285438192224,0.2117350405114101,0.5551368839664015,0.014468074035531108,9.663272132609826e-07,2021-09-15,2021-09-15,37
109,0.35344314249764075,0.15341160742371815,0.22498144070462409,0.2435492293173954,0.023786725385341302,0.0008103177099716893,1.572821642025794e-05,0.0,0.15858473427331887,0.06656335412147506,0.11922451193058568,0.2505756507592191,0.26401423535791757,0.1403193600867679,0.0007130965292841649,3.524945770065076e-07,0.08969657325503605,0.026216345796476623,0.02676979112465621,0.07144636883966402,0.20688805470898683,0.5621481825615104,0.016817141158105998,9.663272132609826e-07,2021-09-16,2021-09-16,37
110,0.34962912865681034,0.1500360176156024,0.2240309845863479,0.24804907203523122,0.02737684806542938,0.0008581314878892734,1.8087448883296634e-05,0.0,0.1565506100867679,0.06248427331887202,0.11900946312364426,0.24471808568329717,0.2706792028199566,0.145708215835141,0.0008450650759219089,3.524945770065076e-07,0.08900379097599048,0.02531204935702074,0.02679432096930053,0.06819601575856686,0.20099145172080576,0.5703030179142199,0.019382070913550882,9.663272132609826e-07,2021-09-17,2021-09-17,37
111,0.3435776973891161,0.1437118590751809,0.23054702736709656,0.250744573765335,0.030486788298206984,0.0009112928593897452,1.918842403271469e-05,0.0,0.15529713937093276,0.059910466377440345,0.11838835412147505,0.24075238611713665,0.27545010845986984,0.1492902521691974,0.0009063177874186551,3.524945770065076e-07,0.0887069055229317,0.024994127703857876,0.026715751133576153,0.06699160038653089,0.19700891994350703,0.5753353527094328,0.020230431873931465,9.663272132609826e-07,2021-09-18,2021-09-18,37
112,0.34226635734507704,0.1428661528782636,0.23121170179301667,0.2508971374646115,0.03180040893362693,0.0009355143126769424,2.123309216734822e-05,0.0,0.155001613340564,0.059387581344902386,0.11810951735357918,0.23907017353579177,0.27710390455531453,0.15040225054229936,0.0009202277657266811,3.524945770065076e-07,0.08865323719616443,0.02493737456329443,0.026704824202780048,0.06676064818256151,0.19610347134468148,0.5764093510741098,0.020414703040214078,9.663272132609826e-07,2021-09-19,2021-09-19,37
113,0.34044039005976723,0.14091789871028626,0.22351148159798678,0.25835592953759046,0.03577162629757785,0.000977980497011639,2.3277760301981757e-05,0.0,0.15365862255965293,0.05693805585683297,0.11515702277657267,0.23423375813449024,0.2839607646420824,0.15503744577006506,0.0010095986984815619,3.524945770065076e-07,0.08824024381178919,0.02434453281795882,0.026377908273247604,0.06495038281424217,0.1908454619787408,0.5818684679997027,0.023356351743105627,9.663272132609826e-07,2021-09-20,2021-09-20,38
114,0.3383589178987103,0.13944872601446995,0.2165,0.26419754639823845,0.040430638565586666,0.001037433155080214,2.532242843661529e-05,0.0,0.15227720986984816,0.0545743899132321,0.11164026572668113,0.2284518438177874,0.29176898047722344,0.1601301518438178,0.0011524403470715835,3.524945770065076e-07,0.08772136326469933,0.02367122574890359,0.025825912435887905,0.06265970415520701,0.1851080799821601,0.5875286924849477,0.02746859436556902,9.663272132609826e-07,2021-09-21,2021-09-21,38
115,0.3326354985844605,0.13276329034287512,0.21795957848379993,0.2721266121421831,0.04335168291915697,0.0011307014784523435,3.1299150676313304e-05,0.0,0.1510844902386117,0.05245277928416486,0.10809398047722343,0.23107691160520605,0.29073996746203906,0.16527247830802602,0.0012747559652928416,3.524945770065076e-07,0.08731171485913923,0.023090760425183973,0.025229465546718205,0.06367033375455289,0.17748617408756412,0.5920595777893407,0.03113580613989445,1.114992938378057e-06,2021-09-22,2021-09-22,38
116,0.3299289084617804,0.13164061025479712,0.21184413337527525,0.2757348222711545,0.04960632274300095,0.0012096571248820384,3.397294746775716e-05,0.0,0.1498594360086768,0.0503970715835141,0.10437112255965293,0.2256213394793926,0.2977210412147505,0.17060797180043383,0.0014174620390455532,3.524945770065076e-07,0.08683323422284993,0.02245573478034639,0.02460246785103694,0.061442800862261206,0.17241559503456477,0.597111127629525,0.03512309522039694,1.114992938378057e-06,2021-09-23,2021-09-23,38
117,0.32597129600503305,0.12887087134318967,0.20697231833910035,0.28098663101604276,0.055851053790500156,0.001307014784523435,3.9320541050644855e-05,0.0,0.14834168926247288,0.04797933839479392,0.10050520607375271,0.22086827548806942,0.3036566431670282,0.17704069956616053,0.001603552060737527,3.524945770065076e-07,0.08628443469858024,0.021877425109640972,0.023937114398275477,0.05922507990782725,0.1655570504720137,0.6043189623132387,0.03878421169999257,1.114992938378057e-06,2021-09-24,2021-09-24,38
118,0.3213562441019188,0.12161355772255426,0.21065649575338158,0.28458870714061024,0.060329663416168605,0.0014026423403586032,5.1116703365838314e-05,0.0,0.14744324837310196,0.04623101952277657,0.0981802874186551,0.21751043926247288,0.30747882321041214,0.1814694956616052,0.0016822668112798265,3.524945770065076e-07,0.08607396119824574,0.02164643573924032,0.023642830595406228,0.058439158551995836,0.1622067196907753,0.608150115215937,0.03982524344012488,1.114992938378057e-06,2021-09-25,2021-09-25,38
119,0.32059861591695504,0.12046492607738282,0.2092378106322743,0.2858919471531928,0.06229820698332809,0.0014548600188738596,5.206039635105379e-05,0.0,0.14726522505422995,0.045896122559652926,0.0969568194143167,0.21622697939262472,0.30870132863340566,0.18325455531453363,0.0016947668112798264,3.524945770065076e-07,0.08604073440868208,0.021605069501226492,0.023534304616070766,0.05830342674496395,0.1614021407864417,0.6091206050695013,0.03997829480413291,1.114992938378057e-06,2021-09-26,2021-09-26,38
120,0.31818150361748976,0.11935215476564957,0.1975786410821013,0.29490169864737337,0.06838581314878893,0.0015438817238125197,5.473419314249764e-05,0.0,0.14620208785249458,0.04446117136659436,0.09232432212581344,0.21275688720173536,0.312541079175705,0.1899144251626898,0.0017959056399132322,3.524945770065076e-07,0.08573437151564707,0.021179216531628634,0.022857652568200403,0.057002378651601876,0.1553570579052999,0.6144759533189623,0.043377833940385045,1.114992938378057e-06,2021-09-27,2021-09-27,39
121,0.31528483799937085,0.11895281535073923,0.1865912236552375,0.30161418685121105,0.07551572821642026,0.001982069833280906,5.772255426234665e-05,0.0,0.14502594902386118,0.0431474647505423,0.08717003796095445,0.20915046095444687,0.31653512744034706,0.19702803687635576,0.00193896420824295,3.524945770065076e-07,0.08532041180405858,0.020712257489035903,0.0219094625734037,0.05530900170965584,0.1486964989221735,0.6204399018806214,0.04759823087787111,1.114992938378057e-06,2021-09-28,2021-09-28,39
122,0.31064273356401384,0.11155033029254482,0.18345596099402328,0.30604010695187167,0.08549811261402956,0.0027450456118276187,6.637307329348852e-05,0.0,0.1439989018438178,0.041786361171366596,0.08270976138828634,0.20602082429501084,0.31926736713665943,0.20415357917570498,0.0020593817787418656,3.524945770065076e-07,0.08496547238534156,0.02030491340221512,0.02101888054708987,0.054048613692113286,0.14372400208132016,0.6246244703783542,0.051299561436110905,1.114992938378057e-06,2021-09-29,2021-09-29,39
123,0.3071237810632274,0.11173985530040893,0.17319141239383454,0.3104822271154451,0.09407439446366782,0.003316766278703995,7.030512739855301e-05,0.0,0.14315055585683295,0.040592204446854664,0.07790067787418654,0.20315558568329717,0.3217066973969631,0.2112772776572668,0.002213123644251627,3.524945770065076e-07,0.08456567308407048,0.019912435887906043,0.019991526053668326,0.05250048316360663,0.13786720434103916,0.6296422359325058,0.05550605812829852,1.114992938378057e-06,2021-09-30,2021-09-30,39
124,0.30300377477194085,0.10958351682919157,0.16374001258257315,0.3160185592953759,0.10336222082415854,0.004211544510852469,7.927021075810004e-05,0.0,0.14211819414316704,0.0389402114967462,0.07282708785249457,0.20030816160520606,0.32339194685466377,0.22000233188720172,0.0024081344902386116,4.067245119305857e-07,0.08412517654054857,0.019478480636289302,0.01898639708615179,0.05104794469635025,0.13134728313387348,0.635713075150524,0.05928699918233851,1.114992938378057e-06,2021-10-01,2021-10-01,39
125,0.2998083516829192,0.10143189682290028,0.16373623781063226,0.31962503932054104,0.1102621893677257,0.005041837055677886,9.32683233721296e-05,0.0,0.14148496475054229,0.03767630151843818,0.06987725054229935,0.19833039587852494,0.32389655639913234,0.2262390726681128,0.002491729934924078,4.067245119305857e-07,0.08395681260685349,0.01928510369434327,0.01857228870883818,0.05066936742733963,0.1287671151416041,0.6383486211253996,0.06038653088530439,1.114992938378057e-06,2021-10-02,2021-10-02,39
126,0.299366467442592,0.10025385341302297,0.1609020132117018,0.3211928279333124,0.11280638565586662,0.0053836111984900915,9.374016986473734e-05,0.0,0.1413805856832972,0.037445824295010845,0.06869017082429502,0.19776168655097615,0.32339735629067246,0.22881744848156182,0.0025032809110629066,4.067245119305857e-07,0.08393581357318071,0.01925102207686018,0.018433732253029064,0.050628112688619636,0.12827614658440498,0.6389386753883892,0.06052263435664908,1.114992938378057e-06,2021-10-03,2021-10-03,39
127,0.2971391947153193,0.09924064171122994,0.1456643598615917,0.32869943378420885,0.12321264548600189,0.005946052217678515,9.531299150676314e-05,1.4155394778232148e-06,0.1407603985900217,0.03640827006507592,0.06453348698481562,0.19589083514099784,0.32235954446854664,0.23743587310195227,0.002577765726681128,3.061279826464208e-05,0.08369289377833941,0.01896142124433212,0.017758046532371962,0.04974035531108303,0.1240030476473649,0.6420782725042742,0.06343990188062142,0.00031346168140935105,2021-10-04,2021-10-04,40
128,0.294485215476565,0.0987623466498899,0.13283265177728845,0.33477807486631017,0.1324638251022334,0.006576753696130859,9.64139666561812e-05,3.774771940861906e-06,0.14018156182212582,0.03531785520607375,0.05999148590021692,0.19413785249457702,0.32033655097613883,0.24728291757049892,0.0026715563991323212,7.706073752711497e-05,0.08338876087118115,0.018607522485690923,0.01683319705641864,0.04859823087787111,0.11877049728685052,0.6463035754106891,0.06647119601575857,0.0010148665725117074,2021-10-05,2021-10-05,40
129,0.29119786096256683,0.09021689210443536,0.13146178043409878,0.33640468700849324,0.1429990563070148,0.007610569361434413,0.00010176156023906889,6.448568732305757e-06,0.13960908351409979,0.034152250542299346,0.05648200921908894,0.1923550704989154,0.3173812093275488,0.25713087039045557,0.0027461225596529283,0.00014029284164859002,0.08312699769568126,0.01825459005426299,0.01606645357912733,0.04770467553705493,0.1152176466215714,0.6485145692410614,0.06852479000966327,0.0025783840035679775,2021-10-06,2021-10-06,40
130,0.2885096728530985,0.0900003145643284,0.12834806542938032,0.33309515570934256,0.1515363321799308,0.008395879207297893,0.00010632274300094369,7.392261717521233e-06,0.13908884219088935,0.03315775488069414,0.05290330802603037,0.1905017082429501,0.3151520607375271,0.26613839479392626,0.0028369848156182213,0.0002179229934924078,0.08282598676875047,0.01792373448301494,0.015167620605069501,0.0466434252583067,0.11154820486136921,0.6509083104140341,0.07052858098565376,0.004441834535047945,2021-10-07,2021-10-07,40
131,0.28556637307329347,0.0873169235608682,0.12678515256369927,0.33010018873859703,0.16084617804340987,0.009261402956904688,0.00011418685121107266,8.807801195344448e-06,0.13839636659436008,0.03169831887201735,0.04894213665943601,0.1891229392624729,0.3108962039045553,0.27767001084598697,0.0029584598698481563,0.0003126084598698482,0.08249557719467776,0.017511038430089942,0.01431353601427191,0.04569029212814985,0.10665546718204118,0.6542984464431725,0.07246948635991972,0.00655385415892366,2021-10-08,2021-10-08,40
132,0.2833702422145329,0.07980025165146272,0.1241222082415854,0.3352131173324945,0.1672993079584775,0.010060239068889587,0.00012346649889902485,1.0380622837370241e-05,0.13792189533622562,0.030678606290672452,0.04660892082429501,0.18833402928416487,0.30647708785249456,0.2866064804772234,0.003008270065075922,0.0003617136659436009,0.08236274436928566,0.01733442354865086,0.014007358953393296,0.04538942986694418,0.10450509180108526,0.6559404222106593,0.073038727421393,0.007409276741247305,2021-10-09,2021-10-09,40
133,0.2830687323057565,0.07886442277445738,0.12320226486316452,0.33518700849323685,0.1691336898395722,0.010407989933941491,0.00012409562755583516,1.085246932997798e-05,0.1378469495661605,0.030506060195227766,0.04603760845986985,0.18784869848156183,0.3037871203904555,0.29058787960954446,0.0030074023861171367,0.0003751084598698482,0.08234483014940905,0.017303575410689064,0.013945179513863079,0.045327584925295476,0.10397450382814243,0.6564978071805545,0.07288612205456033,0.007707648851557274,2021-10-10,2021-10-10,40
134,0.2813787354513998,0.07804639823843976,0.12193582887700535,0.32844259201006604,0.17898379993708713,0.011069990563070148,0.0001291286568103177,1.2425290972003775e-05,0.13736563177874186,0.029620688720173535,0.043611686550976136,0.18630919197396964,0.29859880694143165,0.30098272776572665,0.0030648047722342735,0.0004431941431670282,0.08215498401843455,0.0170335241210139,0.013399167471939344,0.04483133873485468,0.10051698505909462,0.6577893406675092,0.07427391659852821,0.009987437746227608,2021-10-11,2021-10-11,41
135,0.27953696130858763,0.07771846492607738,0.1205548914753067,0.3229035860333438,0.18724520289399182,0.011889902485058194,0.00013573450770682606,1.415539477823215e-05,0.13687672180043386,0.028872396963123645,0.04110382321041215,0.18426434381778742,0.2927998373101952,0.3123941973969631,0.0031546366594360086,0.0005308026030368763,0.08190953690626626,0.016736935999405338,0.012748606258827027,0.04402876681781016,0.09629800044599718,0.6597587898609976,0.07615089571099383,0.012355236750167248,2021-10-12,2021-10-12,41
136,0.2767405630701478,0.0730064485687323,0.11565445108524694,0.32647955331865364,0.19473985530040894,0.013215791129285939,0.00014705882352941175,1.5256369927650205e-05,0.13631942787418655,0.028127331887201734,0.039091594360086766,0.18261976681127984,0.28636222885032536,0.3236212310195228,0.0032440889370932754,0.0006109002169197397,0.08166706310860031,0.016496171857578235,0.012240689808964544,0.043432096930052774,0.09292068683565004,0.6602138556455809,0.07854627220694269,0.01446904036274437,2021-10-13,2021-10-13,41
137,0.2750210758100031,0.07226895250078641,0.11428247876690784,0.3224760931110412,0.20143991821327462,0.01434271783579742,0.00015209185278389431,1.572821642025794e-05,0.13582847071583515,0.027494495661605205,0.03693451735357917,0.1804670553145336,0.2811069956616052,0.33409122830802607,0.003360330802603037,0.0007134490238611714,0.08141786218687282,0.016242102133353156,0.011629896677321044,0.042749869917490524,0.08909834237716495,0.6614482643276592,0.08058091132089497,0.01681810748531926,2021-10-14,2021-10-14,41
138,0.27261921988046556,0.07019628814092482,0.11202956904687009,0.32068464926077384,0.20877760301981754,0.015512425290972003,0.00016121421830764393,1.8087448883296634e-05,0.13491537418655097,0.026836334056399132,0.03457030911062907,0.1779261388286334,0.27544613611713664,0.3459133405639913,0.0035434110629067243,0.0008454175704989154,0.08111937857726902,0.01598119378577269,0.011061844941648703,0.04202111053296662,0.08461302311752025,0.6624765108154315,0.08332899724968408,0.019383037240764144,2021-10-15,2021-10-15,41
139,0.2699770368040264,0.06682840515885499,0.10616719094054734,0.326634318968229,0.2137332494495124,0.016471060081786726,0.00016844919786096257,1.918842403271469e-05,0.13439848156182213,0.02625997830802603,0.03301640455531454,0.17634821041214752,0.27049004880694144,0.3549384490238612,0.0036379338394793926,0.0009066702819956616,0.08099877350776778,0.01586337619861741,0.010858247231100869,0.04170304021407865,0.08282078346837136,0.6629864714190143,0.0845224113580614,0.020231398201144727,2021-10-16,2021-10-16,41
140,0.26964595784837997,0.0664940232777603,0.1049263919471532,0.3264675998741743,0.21534979553318653,0.016925290972003775,0.00016860648002516514,2.123309216734822e-05,0.13433256507592192,0.026172613882863342,0.032656344902386114,0.17540046095444686,0.26832326464208245,0.35854545824295014,0.003644658351409978,0.0009205802603036876,0.08098491042890062,0.015846799970266855,0.010813721846428306,0.041594588567605735,0.082451423474318,0.6633469114695607,0.0845299189771798,0.02041566936742734,2021-10-17,2021-10-17,41
141,0.2686025479710601,0.06540138408304498,0.10353255740798993,0.32041648317080845,0.22389226171752125,0.01795548914753067,0.00017489776659326833,2.3277760301981757e-05,0.1337689262472885,0.025752331887201736,0.03114202819956616,0.17215504338394794,0.2639981155097614,0.36839818329718005,0.003771258134490239,0.0010099511930585683,0.08081071136549468,0.015687801977254143,0.010414405708763844,0.04092217349290121,0.07992797145618077,0.6631861294878466,0.08567706087861443,0.023357318070318888,2021-10-18,2021-10-18,42
142,0.26756369927650203,0.06410663730732935,0.10256983328090595,0.31480245360176157,0.23144762503932054,0.019304183705567787,0.00017898710286253538,2.532242843661529e-05,0.13324426518438176,0.025288340563991322,0.029640618221258134,0.16834417028199566,0.25911965835141,0.3792824566160521,0.003923508676789588,0.00115279284164859,0.08059566639411284,0.015492826878763102,0.009941797368616665,0.039968111201962385,0.07656277410243069,0.6636576228350554,0.08629480413290716,0.02746956069278228,2021-10-19,2021-10-19,42
143,0.2650072349795533,0.061459421201635736,0.09572900283107895,0.31799528153507395,0.23797923875432525,0.021612928593897452,0.00018449197860962566,3.1299150676313304e-05,0.13269307212581344,0.024779284164859004,0.02831247288503254,0.1648956344902386,0.2543490780911063,0.3895874457700651,0.004103552060737527,0.0012751084598698482,0.08038277707574519,0.015306102728016056,0.009578607002155654,0.03917297257117371,0.07420300304764736,0.6626204935702074,0.08758172898238312,0.031136921132832826,2021-10-20,2021-10-20,42
144,0.2640166719094055,0.059700062912865684,0.09514941805599245,0.31297436300723497,0.2435490720352312,0.024388172381251967,0.0001871657754010695,3.397294746775716e-05,0.13223642895878523,0.024370254880694144,0.027135439262472884,0.16063112798264642,0.2505756507592191,0.39935241323210413,0.004276274403470716,0.0014178145336225596,0.08015717683788003,0.015121905894596001,0.009195867092841745,0.038208132015163904,0.07144636883966402,0.6626265145320747,0.08810161302311752,0.03512413588047276,2021-10-21,2021-10-21,42
145,0.2622137464611513,0.05699685435671595,0.09337889273356402,0.3111107266435986,0.248048914753067,0.028019345706196918,0.00019094054734193142,3.9320541050644855e-05,0.13147834869848157,0.023785818872017354,0.025793627982646422,0.15698722885032537,0.24471804501084599,0.41106141540130153,0.004566946854663774,0.0016039045553145337,0.07986237270497287,0.014903738942986694,0.008834237716494463,0.037509477439976215,0.06819605292499814,0.6612338511856092,0.09065621051066676,0.038785252360068384,2021-10-22,2021-10-22,42
146,0.260159955960994,0.05490704624095628,0.08617552689525008,0.3165979867882982,0.2507444164831708,0.031172381251966027,0.0001903114186851211,5.1116703365838314e-05,0.13101081887201735,0.023365238611713666,0.024784246203904556,0.1544360629067245,0.24075233188720174,0.4192675704989154,0.004696312364425163,0.001682619305856833,0.07974771426447633,0.014809782204712704,0.008680294358135731,0.037177655541514906,0.06699167471939345,0.6608182933174757,0.09192893778339403,0.0398262841002007,2021-10-23,2021-10-23,42
147,0.2599657124882038,0.054749921358917895,0.08490688895879207,0.31672554262346647,0.2508969801824473,0.032509279647687954,0.00019235608681975465,5.206039635105379e-05,0.13094642082429503,0.023313503253796095,0.02456540130151844,0.15367350867678958,0.23907009219088937,0.42202203091106294,0.004709002169197397,0.001695119305856833,0.0797341113506281,0.014794989965063555,0.008653088530439307,0.03711116479595629,0.06676072251542407,0.6609765108154315,0.09197019252211402,0.039979335464208725,2021-10-24,2021-10-24,42
148,0.2591645171437559,0.05342953759043725,0.08378782636049072,0.30849166404529726,0.2583557722554262,0.03651714375589808,0.00019754639823843975,5.473419314249764e-05,0.13045473156182213,0.023016390997830802,0.02369642082429501,0.14858625271149675,0.23423367678958784,0.4333249457700651,0.004886361171366594,0.0017962581344902386,0.0795681260685349,0.014664833122723556,0.00841611536460269,0.03631145469412027,0.06495041998067345,0.6596726752397235,0.09301709655838847,0.043378874600460866,2021-10-25,2021-10-25,43
149,0.2583504246618433,0.05184869455803712,0.08305048757470902,0.3010618118905316,0.2641973891160742,0.041230890217049385,0.00020132117017930166,5.772255426234665e-05,0.12997040401301518,0.022763367678958785,0.02276409978308026,0.14299376355748372,0.22845176247288504,0.4460134219088937,0.005098590021691974,0.0019393167028199567,0.0793522634356649,0.014536831933397755,0.008101836021705196,0.03522522857355237,0.06265977848806957,0.6587230357541068,0.09378138705121535,0.04759934587080949,2021-10-26,2021-10-26,43
150,0.2564027996225228,0.04997467757156338,0.07503932054105064,0.3019452658068575,0.27212645486001885,0.04424205725070777,0.0002017930166719094,6.637307329348852e-05,0.12941576735357918,0.02248866594360087,0.021855070498915403,0.13787117678958785,0.23107681670281996,0.4498319956616052,0.0053952277657266815,0.002059734273318872,0.0791514903738943,0.014406080428157289,0.007817810153869025,0.03425325206273694,0.06367040808741545,0.6530237865160187,0.09635538541589236,0.051300639262618006,2021-10-27,2021-10-27,43
151,0.25566089965397926,0.048318181818181816,0.07453271469015414,0.29490563070147846,0.27573466498899024,0.05056936143441334,0.00020682604592639194,7.030512739855301e-05,0.1289449701735358,0.0222546773318872,0.02104509219088937,0.13238223969631235,0.22562123101952278,0.46186129338394794,0.005671420824295011,0.0022134761388286333,0.07894897048985357,0.014280383557570803,0.007513491414554374,0.03314398275477588,0.061442800862261206,0.6516790306994722,0.09746190440793875,0.05550709878837434,2021-10-28,2021-10-28,43
152,0.2542631330607109,0.0461951871657754,0.0724268637936458,0.2889331550802139,0.2809864737338786,0.056904529726329034,0.0002101289713746461,7.927021075810004e-05,0.12821427603036878,0.0219441431670282,0.019933947939262474,0.12673289045553146,0.2208681399132321,0.47386597071583514,0.006026030368763558,0.002408541214750542,0.07868724448078496,0.014118040585742958,0.00719356277410243,0.03209470006689957,0.05922507990782725,0.6489727941723036,0.10039693748606258,0.05928803984241433,2021-10-29,2021-10-29,43
153,0.2526399811261403,0.0450731362063542,0.06545942120163574,0.2904578483799937,0.28458854985844606,0.06147625039320541,0.00021044353570305127,9.32683233721296e-05,0.12773557483731018,0.021749484815618222,0.019112852494577007,0.12325523318872017,0.21751030368763558,0.4819213937093276,0.006216648590021692,0.0024921366594360087,0.07858436779900393,0.014050026016501896,0.007053742659629822,0.03166810376867613,0.058439158551995836,0.6477014420575337,0.10209031442800862,0.060387571545380214,2021-10-30,2021-10-30,43
154,0.2525031456432841,0.044974048442906575,0.06445816294432212,0.28837008493236865,0.28589178987102865,0.06349685435671595,0.00021107266435986159,9.374016986473734e-05,0.1276812906724512,0.021720390455531452,0.018948373101952277,0.12176595715835141,0.21622681670281996,0.48491325921908895,0.006233270065075922,0.0025036876355748372,0.07856983572437375,0.014040771575113357,0.007027726157734334,0.03153363562030774,0.05830335241210139,0.6478173269902624,0.10215676800713595,0.06052367501672489,2021-10-31,2021-10-31,43
155,0.2518521547656496,0.04370603963510538,0.06386961308587606,0.2756888958792073,0.2949015413652092,0.06966278703994967,0.00022145328719723183,9.672853098458635e-05,0.1271954175704989,0.021563286334056398,0.01822475596529284,0.11600187093275488,0.21275668383947938,0.4951455802603037,0.006496963123644252,0.00260837852494577,0.07842180182858842,0.013953839292351148,0.006802497584181967,0.030584181966847545,0.057002304318739316,0.6452089868430834,0.10424477811640526,0.06375321489630566,2021-11-01,2021-11-01,44
156,0.2511967599874174,0.04231141868512111,0.0637499213589179,0.26357502359232465,0.30161402956904687,0.07722349795533187,0.00022837370242214533,0.0001001887385970431,0.12673731019522777,0.021409666485900217,0.017598861171366595,0.10959482104121475,0.20915024403470717,0.5059823888286334,0.006770553145336226,0.002748617136659436,0.07823622983721103,0.013856983572437375,0.0065421838995019695,0.02929577046012042,0.05530892737679328,0.6431383706236528,0.10610670482420279,0.06748591392254516,2021-11-02,2021-11-02,44
157,0.24962094998427178,0.04089100346020761,0.059237653350110095,0.25590358603334384,0.30603994966970743,0.08796256684491979,0.00023529411764705883,0.00010821012897137465,0.1262224105206074,0.021246095444685465,0.016975,0.10404845444685466,0.20602060737527114,0.5154681670281995,0.00712513557483731,0.0028864154013015183,0.07805452315468668,0.013749052256002378,0.006348695458262098,0.028125102207686017,0.054048502192819446,0.6390309224708244,0.10951007210287668,0.07110295101464358,2021-11-03,2021-11-03,44
158,0.24903932054105066,0.039462566844919784,0.05879081472161057,0.24476659326832337,0.3104820698332809,0.09710836741113557,0.00023592324630386914,0.00011371500471846492,0.12580645336225596,0.021087554229934923,0.016425162689804772,0.098320715835141,0.20315534164859003,0.5247226681127982,0.007418899132321041,0.003054907809110629,0.07787512079090166,0.01364275626254367,0.006129933843752323,0.02680881587749944,0.05250037166431279,0.6367915334869546,0.11124953541960901,0.07497019252211402,2021-11-04,2021-11-04,44
159,0.2479086190625983,0.037686693928908464,0.05722286882667506,0.233513211701793,0.3160184020132117,0.1072864108210129,0.0002401698647373388,0.0001229946524064171,0.1251731155097614,0.02085612798264642,0.01571849240780911,0.0921340021691974,0.20030791757049893,0.5346867001084599,0.007844061822125813,0.0032710683297180044,0.07765881216085632,0.013505389132535494,0.0059245521445030844,0.025488738571322382,0.05104779603062514,0.6327515052404669,0.11456805173567235,0.07902308035382442,2021-11-05,2021-11-05,44
160,0.2465852469329978,0.03643173954073608,0.053791286568103176,0.22817238125196604,0.31962488203837686,0.11501918842403272,0.0002407989933941491,0.0001338471217363951,0.12475631778741866,0.020677033622559654,0.015221339479392625,0.08837982646420825,0.19833012472885034,0.5412106968546637,0.008046095444685467,0.0033699837310195227,0.07756221660596149,0.013452612800118932,0.005834758046532372,0.024950419980673457,0.05066907009588939,0.6308394781833049,0.1162102876681781,0.08044770683119007,2021-11-06,2021-11-06,44
161,0.24647719408619062,0.03631881094683863,0.05334680717206669,0.2243836111984901,0.32119267065114815,0.11790421516200063,0.00024111355772255425,0.00013494809688581314,0.12471209327548807,0.020650840563991323,0.015138665943600868,0.08701087310195228,0.19776141540130152,0.543270363340564,0.008064587852494576,0.003382510845986985,0.07755062067940235,0.013445551178175872,0.0058218984613097454,0.024786664684456998,0.050627889690031964,0.6308855645580911,0.11625325206273694,0.08059347357466735,2021-11-07,2021-11-07,44
162,0.24534397609311104,0.03606307014784523,0.05259971689210444,0.20804136520918529,0.32869927650204467,0.12887385970430953,0.00023655237496067946,0.00014155394778232148,0.1243180043383948,0.020497410520607377,0.014702087852494578,0.08218026030368764,0.19589053687635574,0.55092147505423,0.007973237527114967,0.0035079989154013017,0.07742878911766893,0.01336385936222404,0.005692968111201962,0.023911172229242546,0.049740132312495355,0.6328297405783097,0.11273749349587453,0.08426109417973686,2021-11-08,2021-11-08,45
163,0.24448694558037118,0.035877162629757785,0.05130921673482227,0.19441082101289714,0.33477791758414593,0.13874630386914125,0.00024111355772255425,0.0001498899024850582,0.12395962581344902,0.020366404555314535,0.014202901301518437,0.07695751084598698,0.1941375813449024,0.558403375813449,0.008278253796095444,0.003685439262472885,0.07728272504274139,0.013281052553333828,0.0055112614286776185,0.022737604995168362,0.04859793354642087,0.6295817289823831,0.11446584404965435,0.08850587229614212,2021-11-09,2021-11-09,45
164,0.24318040264234037,0.03494935514312677,0.04833972947467757,0.18641097829506134,0.33640452972632906,0.15030748663101604,0.000244573765335011,0.00016231519345706198,0.12352335954446855,0.02020027114967462,0.013745444685466377,0.07277005151843818,0.19235479934924077,0.5648524267895878,0.008689994577006508,0.003854989154013015,0.07712774102430685,0.013180182858841894,0.005367613171783246,0.021755333382888577,0.0477043782056047,0.6242626180034193,0.117551103843009,0.09301501523823683,2021-11-10,2021-11-10,45
165,0.24236001887385972,0.03484696445423089,0.04651258257313621,0.18314234035860333,0.3330949984271784,0.15962393834539162,0.00025070776973891163,0.00016782006920415226,0.12317194956616052,0.0200787147505423,0.013353009761388287,0.06854197396963124,0.1905014370932755,0.5712123915401301,0.009058080260303688,0.004073779826464208,0.0769772169776258,0.013098974206496692,0.005190738125325206,0.02063413365048688,0.04664320225971902,0.6201304541737902,0.11989102802348918,0.09739879580762655,2021-11-11,2021-11-11,45
166,0.24122994652406418,0.034320855614973264,0.04366262975778547,0.18045863479081473,0.33010003145643285,0.1697923875432526,0.000255426234664989,0.00017930166719094055,0.1226691431670282,0.019856263557483732,0.012736062906724513,0.06377133947939262,0.18912269522776573,0.5778717868763557,0.009575569414316703,0.00438882863340564,0.07680595406229093,0.012968854530587973,0.004980301791421987,0.01954935702073887,0.04569010629599346,0.6139277856240244,0.12333107856983573,0.10271173715899799,2021-11-12,2021-11-12,45
167,0.24046036489462094,0.03345659012268009,0.041152878263604906,0.1722264863164517,0.3352129600503303,0.17704482541679772,0.00025747090279962254,0.00018763762189367725,0.12233873373101953,0.019701952277657267,0.012332809110629067,0.06083191431670282,0.1883337852494577,0.5820467868763557,0.009861090021691974,0.004544604121475054,0.07672831338734855,0.012918754181223518,0.004900616962759236,0.019142050100349365,0.04538928120121906,0.6110749646918903,0.12505887162714635,0.10475351222775589,2021-11-13,2021-11-13,45
168,0.24038738597043097,0.03338675684177414,0.04094416483170808,0.1704207297892419,0.33518685121107267,0.1792256999056307,0.0002576281849638251,0.00018983957219251336,0.12229985086767896,0.01968204989154013,0.012275298264642083,0.06012936550976139,0.18784845444685466,0.5833040672451193,0.009887147505422994,0.004565238611713666,0.07672024827176094,0.012909908570579052,0.004889318367650338,0.01905931762432171,0.04532743625957036,0.6109745038281424,0.12514026611164797,0.10494536534601948,2021-11-14,2021-11-14,45
169,0.2402628184963825,0.033432525951557095,0.038901384083044985,0.16876800880780118,0.32844243472790186,0.18973513683548285,0.0002585718779490406,0.00019817552689525007,0.1221803280911063,0.019719631236442516,0.011568139913232104,0.05712563720173536,0.18630894793926248,0.5878984137744034,0.010408812364425162,0.004781209327548807,0.07670556753140563,0.012909759904853936,0.004609083475804653,0.0183495874526128,0.04483119006912956,0.6047090240095145,0.1288185534824946,0.10903411878391436,2021-11-15,2021-11-15,46
170,0.2392428436615288,0.03327823214847436,0.03768055992450456,0.16761229946524064,0.3229034287511796,0.19881629443221138,0.00026093111041207927,0.00020430953129915068,0.12178493763557484,0.019525569414316702,0.011420688720173535,0.0541175704989154,0.18426412689804772,0.5927136388286334,0.011088394793926247,0.005076301518438178,0.0765760053519661,0.012816657994499367,0.0044872519140712105,0.0175010778265071,0.04402854381922248,0.5967888203374712,0.1340037909759905,0.1137640674942392,2021-11-16,2021-11-16,46
171,0.23797845234350426,0.03267017930166719,0.03573104749921359,0.1590250078641082,0.32647939603648946,0.2076277131173325,0.00027099716892104434,0.00021579112928593898,0.12134739696312365,0.019347139370932756,0.011207565075921909,0.051632239696312365,0.18261952277657267,0.5964524132321041,0.012006236442516268,0.005378660520607375,0.07643120493570207,0.01271701479223965,0.004400356797740281,0.016841596669887757,0.0434318739314651,0.5872447409499739,0.14018033152456702,0.11871827845090314,2021-11-17,2021-11-17,46
172,0.23713746461151305,0.032622837370242214,0.03422098144070462,0.15759421201635734,0.322475935828877,0.21545375904372444,0.0002720981440704624,0.00022113872286882668,0.12099225867678959,0.019220146420824296,0.010984598698481562,0.049056182212581345,0.180466784164859,0.6017684788503255,0.01180824295010846,0.005694088937093275,0.07627755890879358,0.012638147625065042,0.004304170073589534,0.01605496915186204,0.042749721251765405,0.5883655690180629,0.13634802646249908,0.12322545157214004,2021-11-18,2021-11-18,46
173,0.2359397609311104,0.0323658383139352,0.03215460836741114,0.15438770053475936,0.3206844919786096,0.22395611827618747,0.00027949040578798364,0.0002302610883925763,0.12048484273318873,0.01901903470715835,0.010651708242950109,0.04616160520607375,0.17792589479392626,0.6070477901301519,0.012528389370932754,0.006170851409978308,0.07609927153794693,0.012527800490596892,0.004167992269382294,0.01535114844272653,0.04202088753437895,0.5791524938675388,0.1412011447260834,0.12944116553928492,2021-11-19,2021-11-19,46
174,0.23504057879836426,0.031743630072349795,0.030930324001258256,0.14526077382824787,0.3266341616860648,0.22986143441333753,0.00028562441019188426,0.00024142812205095942,0.12013359544468546,0.018871068329718004,0.01047752169197397,0.044187825379609545,0.17634796637744035,0.6106691431670282,0.012923779826464208,0.006378931670281996,0.07601356574741694,0.012483609603805842,0.004126440199212072,0.015079090165762284,0.04170281721549097,0.5752862930201442,0.1435128967516539,0.13175481305285064,2021-11-20,2021-11-20,46
175,0.23495816294432212,0.031696130858760614,0.030824001258257315,0.14359043724441647,0.32646744259201005,0.23193205410506448,0.0002849952815350739,0.00024441648317080844,0.12009484815618221,0.01884225867678959,0.010461767895878524,0.04375751084598699,0.1754002169197397,0.6120656453362256,0.012962852494577006,0.00640412147505423,0.07600100349364454,0.012476250650412548,0.0041213112316955324,0.015027057161971308,0.0415942912361555,0.5750796848286628,0.1437072771872445,0.1319490819891474,2021-11-21,2021-11-21,46
176,0.23455866624724755,0.03128609625668449,0.02971390374331551,0.14197986788298206,0.32041616860648003,0.24150440390059766,0.00028578169235608683,0.0002522805913809374,0.11974631236442516,0.018678362255965295,0.010330422993492407,0.04190233188720174,0.1721547180043384,0.6168123644251627,0.013681073752711497,0.006682619305856833,0.07587066081914814,0.012397011818925148,0.0040944399018806215,0.01452895264996655,0.04092202482717609,0.5667353750092916,0.14900906860923213,0.13639537649594885,2021-11-22,2021-11-22,47
177,0.23410506448568733,0.030845863479081474,0.028557565272098143,0.14073372129600503,0.31480213903743315,0.25040531613715006,0.0002882982069833281,0.0002590437244416483,0.11937112255965293,0.01852847071583514,0.010243682212581345,0.04002367136659436,0.16834384490238613,0.6218391675704988,0.014599728850325379,0.0070379067245119305,0.07568256151044377,0.012300527763324166,0.004094179736861666,0.013928491786218687,0.039967739537649594,0.5563663495131197,0.1562290938824054,0.14137998959339923,2021-11-23,2021-11-23,47
178,0.23274213589178988,0.030207769738911608,0.027561969172695815,0.13168527838943064,0.31799496697074553,0.2592293173954074,0.000307014784523435,0.00026816608996539795,0.11890279284164859,0.018367611171366593,0.01019376355748373,0.03831374728850325,0.16489526843817787,0.6263400894793927,0.015518438177874187,0.007454962039045553,0.07549401620456403,0.01222002527317327,0.004071285215193637,0.013454842785995689,0.03917256374042964,0.5461041775068758,0.16177216977625808,0.14765516985059093,2021-11-24,2021-11-24,47
179,0.23261371500471847,0.030229631959735766,0.025658068575023594,0.1303659955960994,0.31297404844290655,0.26756480025165147,0.0003128342245989305,0.00027713117332494496,0.1188357510845987,0.01834240780911063,0.009710873101952278,0.03684522776572668,0.1606307212581345,0.6312526030368764,0.016482727765726683,0.007884896963123644,0.07547424366312347,0.012211068163234966,0.003812606853489928,0.012947298000445997,0.03820783468371367,0.5367146733070691,0.16760440050546346,0.15296803686909982,2021-11-25,2021-11-25,47
180,0.2317685592953759,0.029823057565272097,0.02400298836111985,0.12699606794589494,0.3111104120792702,0.2756827618748034,0.00032290028310789557,0.00028939918213274614,0.11835584327548807,0.01815197939262473,0.009515347071583514,0.03502543383947939,0.15698675433839482,0.6355734815618221,0.017940103036876355,0.0084345715835141,0.07528499219504944,0.012113952278302238,0.0037405783096707054,0.01242689362967368,0.0375091429420947,0.5247040808741544,0.17447075001858323,0.15968389950196982,2021-11-26,2021-11-26,47
181,0.23079702736709656,0.02944636678200692,0.022772412708398866,0.11822743000943693,0.3165976722239698,0.28151509908776345,0.0003357974205725071,0.00030371185907518086,0.11803615780911063,0.018037418655097615,0.009352413232104121,0.03372394251626898,0.15443554772234272,0.6389934652928416,0.01869425162689805,0.008708785249457701,0.07520378354270423,0.012076302683416338,0.0037060135285809856,0.012212889318367651,0.037177135211476996,0.5202521370697986,0.17682241879134766,0.16247654798186278,2021-11-27,2021-11-27,47
182,0.23070320855614973,0.02943048128342246,0.022660899653979237,0.11682840515885498,0.3167252280591381,0.28300346020761247,0.0003387857816923561,0.0003048128342245989,0.11799896963123643,0.018021068329718004,0.00933443600867679,0.033459381778741866,0.15367299349240782,0.6399804365509761,0.01877632863340564,0.00873695770065076,0.07518795064297926,0.012070393220842935,0.0037048985356426074,0.01217483089273768,0.037110532966624546,0.5199116553928491,0.17708027949156321,0.1626788820337471,2021-11-28,2021-11-28,47
183,0.23030088078011954,0.029192356086819755,0.02191223655237496,0.11497672223969801,0.30849134948096885,0.29445863479081474,0.0003447625039320541,0.0003181818181818182,0.11765047451193059,0.0179066431670282,0.009248834056399133,0.03234888828633405,0.14858562906724512,0.6451942109544468,0.019939018438177875,0.009105341648590021,0.07504891102356351,0.012006727124061548,0.003698877573775366,0.01184598230877871,0.036310785698357245,0.5112846948635992,0.1817208801010927,0.1679963948561659,2021-11-29,2021-11-29,48
184,0.2298529411764706,0.0290242214532872,0.021484586347908147,0.11288738597043095,0.3010614973262032,0.3050004718464926,0.0003546712802768166,0.0003285624410191884,0.11724518709327549,0.017858080260303687,0.009211496746203904,0.031168926247288502,0.14299311279826465,0.6504345037960955,0.021546339479392624,0.0095191431670282,0.0748504794469635,0.011947075001858322,0.003723630417007359,0.01141559503456478,0.03522452241135806,0.5005115959265591,0.18864234743179958,0.17359057459302757,2021-11-30,2021-11-30,48
185,0.22853122050959424,0.028655709342560554,0.02094023277760302,0.10328892733564014,0.3019449512425291,0.3159068889587921,0.00038266750550487575,0.0003435042466184335,0.11679633947939264,0.017788801518438178,0.009125623644251627,0.030033459869848157,0.13787043112798264,0.6551249050976139,0.02322394251626898,0.010011523861171366,0.07465933249089422,0.011891028023489184,0.003707723184419832,0.01105641864268193,0.03425243440124879,0.49045186947149333,0.193266966475879,0.18061071879878093,2021-12-01,2021-12-01,48
186,0.2280251651462724,0.028486866939289084,0.020691726958162945,0.10130670022019503,0.29490531613715004,0.3258246303869141,0.00040327146901541366,0.0003496382510223341,0.11640147776572668,0.017728091106290672,0.009106588937093275,0.028991648590021693,0.13238139913232105,0.6592165265726682,0.025673454446854663,0.010473779826464209,0.07445357912733219,0.011830892737679328,0.003736118337917193,0.010657139671448747,0.03314312792685646,0.48003073663866797,0.19982000297331448,0.18621716345796474,2021-12-02,2021-12-02,48
187,0.22707156338471218,0.028148946209499842,0.020326517772884554,0.0973359547027367,0.2889326832337213,0.33735671594841143,0.00045690468700849323,0.0003631645171437559,0.1158277114967462,0.017663340563991322,0.009017516268980477,0.027565211496746202,0.12673204989154013,0.6618001491323211,0.030249484815618222,0.011115103036876356,0.07420545603211179,0.011782762209172674,0.0037225897569315393,0.010215862632869992,0.03209373373968632,0.4661899204638371,0.20808001932654424,0.19358812160856315,2021-12-03,2021-12-03,48
188,0.22577060396351054,0.027983013526266122,0.02015916955017301,0.08925715633847121,0.2904573765335011,0.34545407360805286,0.0005361748977665933,0.0003746461151305442,0.1154284029284165,0.017619631236442515,0.008974105206073753,0.02655572125813449,0.12325436550976139,0.662880951735358,0.03383918112798265,0.011416052060737527,0.07409443990188062,0.011767635471642012,0.0037118114918605516,0.010035010778265071,0.03166698877573775,0.4606593696573255,0.2112778562402438,0.19665468668698433,2021-12-04,2021-12-04,48
189,0.22566145014155395,0.02798600188738597,0.020122365523749606,0.08816247247562127,0.28836961308587605,0.3487460679458949,0.0005676313306071092,0.0003760616546083674,0.11538545281995662,0.017607673535791755,0.008968655097613883,0.026366946854663776,0.12176496746203905,0.6632566296095445,0.03516860086767896,0.0114470715835141,0.07407121088233108,0.011764476324983276,0.0037124804876235784,0.010003196313090016,0.03153248346093808,0.4600216680294358,0.21190823608117149,0.19684300899427637,2021-12-05,2021-12-05,48
